split,id,claim,src_dataset,gold_label,pred_B0,pred_B1,pred_B3,calibrated_prob,pred_B4
id,AttributedQA_64ce0b41-5eb1-4cf0-a4e2-6b1a932364e7,The guy who died in Glee was Finn.,AttributedQA,1,1,1,1,0.8016845611551249,-1
id,AttributedQA_cc44df9c-32b5-476c-a8de-78d971a22161,Sloane Stephens won the women's singles US Open in 2017.,AttributedQA,1,1,1,1,0.8006833728217284,-1
id,AttributedQA_2ea01681-0539-4faa-9015-d372d8c38275,The real name of the star cast of the serial Yeh Hai Mohabbatein is Divyanka Tripathi Dahiya.,AttributedQA,1,1,1,1,0.7593564076392537,-1
id,AttributedQA_5e1d9beb-74cc-4f53-8079-2ad9845a1f61,The nationalists in the Spanish Civil War were led by General Francisco Franco.,AttributedQA,1,1,1,1,0.8042027647785379,-1
id,AttributedQA_13cc7c63-5e36-4325-83ca-bace2e9c263b,The band Styx sings the lyrics 'Too Much Time on My Hands.',AttributedQA,1,1,1,1,0.6916278134756975,-1
id,AttributedQA_c7d830f2-24ff-45d8-93a2-2002f8d85e6c,Rick killed the walker known as Bicycle Girl in the first episode.,AttributedQA,1,1,1,1,0.8070886881168041,-1
id,AttributedQA_4a09f004-706b-4b55-a50d-10a2a96a2c58,The Confederate States of America won the first battle of Bull Run.,AttributedQA,1,1,1,1,0.8044633322206198,-1
id,AttributedQA_d8eb67b5-28b6-4e0b-9086-baaac2703891,Cory Monteith was the guy who died in Glee.,AttributedQA,1,0,0,0,0.4007969782691712,-1
id,AttributedQA_68a4434b-6434-4924-9760-a7b79d198543,Regina Spektor sings the theme tune to Orange is the New Black.,AttributedQA,1,1,1,1,0.7621888692310662,-1
id,AttributedQA_267aa656-2838-4099-b54a-4ec9f01c342f,Garbiñe Muguruza won the 2017 women's Wimbledon final.,AttributedQA,1,1,1,1,0.8046287399398983,-1
id,AttributedQA_39ea4711-f31c-4597-a8cf-9fab0129f3dd,John Charles Daly was the original host of What's My Line.,AttributedQA,1,1,1,1,0.7540879854900693,-1
id,AttributedQA_a5097542-5dc7-45bb-9918-095a42fe3427,Frank Zappa sings 'Why Does It Hurt When I Pee?',AttributedQA,1,0,0,0,0.4640518381675816,-1
id,AttributedQA_392cd872-9ea6-4b66-8dad-24123dab01a0,Gary won the Big Brother Head of Household in Canada.,AttributedQA,1,1,1,1,0.7886703848474363,-1
id,AttributedQA_ba37e319-d59c-472c-9aa5-1a9571c34011,Secularism means the separation of church and state.,AttributedQA,1,1,1,1,0.7862768546520814,-1
id,AttributedQA_1e660d1b-3b96-44b1-84ff-5ea85adb44f5,"Before Waste Management, FBR sponsored the Phoenix Open.",AttributedQA,1,1,1,1,0.8081282585749763,-1
id,AttributedQA_f68f5f37-9c00-426a-8e38-30e9f89a6a2d,Regina Spektor sings the theme tune to Orange is the New Black.,AttributedQA,1,0,0,0,0.3075693118020388,-1
id,AttributedQA_d374d71b-dfbf-4f60-bfb3-18132ec958c3,The song 'Be Thankful for What You Got' was written by William DeVaughn.,AttributedQA,1,1,1,1,0.8069536677604698,-1
id,AttributedQA_163273c2-556b-45a2-ab13-4fb81f211006,Dry ether is used in the Wurtz reaction to ensure that the reaction is free from moisture.,AttributedQA,1,1,1,1,0.7899336152670606,-1
id,AttributedQA_21d93264-bb33-4f16-8b8f-9cd3fbeed3e8,Iskander Ali Mirza was the first elected president of Pakistan.,AttributedQA,1,1,1,1,0.5977770523632467,-1
id,AttributedQA_47a49a0d-10e8-4777-93fe-496de3e3b6a5,Tiffany Adams Coyne is the model on Let's Make a Deal.,AttributedQA,1,1,1,1,0.8005837512409436,-1
id,AttributedQA_2738bc47-565b-44e6-bac8-83b4f3ec7db2,"Who did Rick kill in the first episode? He killed Hannah, the walker.",AttributedQA,1,1,1,1,0.792561432607338,-1
id,AttributedQA_e1b85f49-7e91-4ede-9ac1-5d6634f6be91,"The people in the 'Don't Worry, Be Happy' video were McFerrin, Robin Williams, and Bill Irwin.",AttributedQA,1,1,1,1,0.8012116191585351,-1
id,AttributedQA_0d8bf837-9e8e-47e8-96b5-d7cb8131804a,The author of The Art of War was Sun Tzu.,AttributedQA,1,0,0,0,0.3198245747382562,-1
id,AttributedQA_a98e71d2-c029-4fe9-af71-449af4c88f7c,Sir Hugh Beaver started the Guinness Book of World Records.,AttributedQA,1,1,1,1,0.7990601626601629,-1
id,AttributedQA_44a3fa33-0fcd-41be-98b6-bf22f4cdd968,George II was the king of England in 1756.,AttributedQA,1,1,1,1,0.8041942291653865,-1
id,AttributedQA_8a292e8b-199f-43f5-a46b-c7e4ac47ae1a,The Confederate forces won the first battle of Bull Run.,AttributedQA,1,1,1,1,0.8094353142330419,-1
id,AttributedQA_c89a4dcc-8ca8-4a49-8db4-41e82cd6893e,The song 'Photograph' was written by Ringo Starr.,AttributedQA,1,1,1,1,0.8050333769266397,-1
id,AttributedQA_600e3745-c627-4896-88e8-6bf902a58e06,"Before Waste Management, FBR sponsored the Phoenix Open.",AttributedQA,1,0,1,1,0.5361726163970953,-1
id,AttributedQA_9be26ed9-f2f9-4d09-bbb8-2f8f0732e8b1,Geraldine Anne 'Gerry' Ferraro was running as vice president in 1984.,AttributedQA,1,1,1,1,0.8037926661019269,-1
id,AttributedQA_575b84c9-a8fa-4451-bd70-8223b1d6ff8e,Mitch Murray wrote 'How Do You Do It' by Gerry and the Pacemakers.,AttributedQA,1,1,1,1,0.8046808992974418,-1
id,AttributedQA_cbb9a064-ad5a-45e4-939e-e6eccfe3ebf7,The word that means separation of church and state is 'secularism.',AttributedQA,1,0,0,0,0.442008799389006,-1
id,AttributedQA_aac5e998-2804-4f76-b713-07c894ebc620,The winner of the first Indianapolis 500 was Ray Harroun.,AttributedQA,1,1,1,1,0.8089368652948077,-1
id,AttributedQA_c968ca7c-eeb2-4ddf-b282-0e504a2bb91a,Bianca Ryan won the first season of America's Got Talent.,AttributedQA,1,1,1,1,0.8060758373884113,-1
id,AttributedQA_7b22d2ad-5f76-4004-906a-9bc534b98430,Joanne Wheatley won season 2 of the Great British Baking Show.,AttributedQA,1,1,1,1,0.7895725305357507,-1
id,AttributedQA_24ad8ba9-991e-46df-b659-db07924fb25e,Charles Darwin wrote the book 'The Origin of Species.',AttributedQA,1,1,1,1,0.808754675710597,-1
id,AttributedQA_3d9671aa-7c2f-497e-8b5d-03dc385dd881,"Stephen Stills wrote 'Suite: Judy Blue Eyes' about his former girlfriend, singer/songwriter Judy Collins.",AttributedQA,1,1,1,1,0.8050813528127121,-1
id,AttributedQA_a64ba7ce-1e9a-4ffd-a747-2eda81024464,Kathleen Turner starred in the movie Romancing the Stone.,AttributedQA,1,1,1,1,0.800389969884432,-1
id,AttributedQA_7713fd49-2f49-4221-a4fa-2a51323caab4,'Suite Judy Blue Eyes' was written about Judy Collins.,AttributedQA,1,1,1,1,0.808161982739791,-1
id,AttributedQA_7f4b42e4-e2d3-416c-8624-8a8fde697479,"The Nationalists, led by General Francisco Franco, were a falangist group in the Spanish Civil War. They were supported militarily by Nazi Germany and Fascist Italy.",AttributedQA,1,0,0,0,0.4321429323258475,-1
id,AttributedQA_ad3cd48a-b36f-497a-9574-275559471002,Norman Pritchard won the first medal for India in the Olympics.,AttributedQA,1,1,1,1,0.7996297277906915,-1
id,AttributedQA_2ca9beb7-8e47-4e0e-ac92-6a45f4c0cf83,Yuzuru Hanyu won the gold for the men's figure skating.,AttributedQA,1,1,1,1,0.5506442505184861,-1
id,AttributedQA_c11dd4ee-42ef-4a4f-9362-ef09c7b2fb47,Jerry Houser starred in the movie Summer of 42.,AttributedQA,1,1,1,1,0.8062562398135732,-1
id,AttributedQA_e7192e0b-4f40-464a-a441-343381f7cbe6,Jillian won the Head of Household competition on Big Brother Canada.,AttributedQA,1,0,0,0,0.42739878506809587,-1
id,AttributedQA_ea0523cf-3a37-4f5e-afec-7baa1d15c48f,Joaquin Phoenix starred in the film Walk the Line.,AttributedQA,1,1,1,1,0.7983650720806643,-1
id,AttributedQA_2b86e5fb-9d5b-402f-a03f-d1e15ed57e89,The theme song for The Wire season 5 is sung by Steve Earle.,AttributedQA,1,1,1,1,0.8048513439346683,-1
id,AttributedQA_56d6f38a-2de4-48fa-88c1-0581abfa3b4e,Joaquin Phoenix starred in the film Walk the Line.,AttributedQA,1,1,1,1,0.7112760472978834,-1
id,AttributedQA_8187fab7-f357-4bb9-8f2c-16fb547c9d63,Nikita Khrushchev was the leader of the Soviet Union when the Berlin Wall was built.,AttributedQA,1,1,1,1,0.7204098295307988,-1
id,AttributedQA_a033f430-d680-491d-8c11-67e632177565,Thespis was the first actor to step out of the dithyrambic chorus.,AttributedQA,1,0,0,0,0.29794674043098046,-1
id,AttributedQA_55a6d48e-638a-49a1-b149-734a2284cc2c,Gary Grimes starred in the movie Summer of 42.,AttributedQA,1,1,1,1,0.8084361539949325,-1
id,AttributedQA_2588766b-adff-4a26-9e09-7aeeaebce062,"Before Waste Management, the investment bank Friedman Billings Ramsey sponsored the Phoenix Open.",AttributedQA,1,1,1,1,0.7758606670490854,-1
id,AttributedQA_cdb5a1d1-afb6-45e9-a730-d03b4378cdd7,Paul Lynde was the voice of Templeton in Charlotte's Web.,AttributedQA,1,1,1,1,0.7824239881722965,-1
id,AttributedQA_3a91b7fd-6ddf-4f1a-87b6-5f0fc63538b6,The theme song for Mission Impossible was written by Lalo Schifrin.,AttributedQA,1,1,1,1,0.8038481658627327,-1
id,AttributedQA_935ad072-24a9-4edb-8509-d56577dbbea1,Clayton Kershaw won the MVP for the National League.,AttributedQA,1,1,1,1,0.7773289140236134,-1
id,AttributedQA_34a409a8-e4b3-4dd9-9910-4c8243f0106e,Herbert Clark Hoover was elected president of the United States in 1928.,AttributedQA,1,1,1,1,0.8092497338643049,-1
id,AttributedQA_f5ba545b-49c5-45d6-8ce3-3ace3586b0f0,Judas Iscariot sold out Jesus for 30 pieces of silver.,AttributedQA,1,1,1,1,0.7230556109250376,-1
id,AttributedQA_c6715b60-7cd9-4cf4-bae2-b8e4a4cda2c3,Garbiñe Muguruza won the 2017 women's Wimbledon final.,AttributedQA,1,1,1,1,0.8046765233182959,-1
id,AttributedQA_7f7a1332-bbb1-433f-92bd-1dceac1ee673,Bianca Ryan won the first season of America's Got Talent.,AttributedQA,1,1,1,1,0.8026105481552247,-1
id,AttributedQA_3ff011d4-46e4-479c-8ef2-848638408cfd,Neil Alden Armstrong took the first steps on the moon in 1969.,AttributedQA,1,0,0,0,0.2793068619809786,0
id,AttributedQA_8785fca1-fef7-4ccd-8451-05ed2d2f35be,Charles Darwin wrote the book 'The Origin of Species.',AttributedQA,1,1,1,1,0.8028848372979106,-1
id,AttributedQA_775904b6-9eda-4071-b861-c06e44037d6a,Paul Lynde was the voice of Templeton in Charlotte's Web.,AttributedQA,1,1,1,1,0.7529895833496149,-1
id,AttributedQA_e5bd86be-94f2-4688-a0f3-d6be55bbe095,The song 'Photograph' was written by Ringo Starr.,AttributedQA,1,1,1,1,0.7578615109143259,-1
id,AttributedQA_5a9e8123-634b-4f13-b1eb-5d02571ace3e,The author of The Art of War was Sun Tzu.,AttributedQA,1,0,0,0,0.4439165303576733,-1
id,AttributedQA_93db573a-c358-4c23-a79a-5f7e95d9ec91,Sophocles wrote Antigone. He was born in 496 BC and died in 406 BC.,AttributedQA,1,0,0,0,0.40932677001332324,-1
id,AttributedQA_1a60d6ed-5d22-46b5-827e-eea44adad6d5,Billie Jean King won the Battle of the Sexes tennis game.,AttributedQA,1,1,1,1,0.8053517407683672,-1
id,AttributedQA_f66c8111-5d3d-45b5-a884-ab36ea6b9477,The author of The Art of War was Sun Tzu.,AttributedQA,1,0,0,0,0.42996262546111713,-1
id,AttributedQA_c2cc0797-e100-4794-b513-b3cbf85504f0,The song 'Always Be Humble and Kind' was written by Lori McKenna.,AttributedQA,1,0,1,1,0.5594375835628975,-1
id,AttributedQA_5cab1736-89d1-4008-8f3b-d07bcf2e0b88,Neil Armstrong took the first steps on the moon in 1969.,AttributedQA,1,1,1,1,0.7977691344029766,-1
id,AttributedQA_f2417484-0ca2-46be-94b0-d97b84454afa,"Robin Williams was in the 'Don't Worry, Be Happy' video.",AttributedQA,1,1,1,1,0.8084088559371256,-1
id,AttributedQA_1ff337fd-5ffd-49d2-a9d3-08a4199ec2b9,The Houston Astros won the American League pennant in 2017.,AttributedQA,1,0,1,1,0.5719661478426457,-1
id,AttributedQA_20d7f0ef-eddc-40a8-a4f1-9bdb55218592,Norman Pritchard won the first medal for India in the Olympics.,AttributedQA,1,1,1,1,0.7634686124570416,-1
id,AttributedQA_d4f5f1b7-021a-4e76-8e1f-f6b6f2bbf0f3,Neil Armstrong took the first steps on the moon in 1969.,AttributedQA,1,0,0,0,0.28804150168458886,-1
id,AttributedQA_99c6d777-d465-4bfb-979d-fdcba2a7be0d,Hermann Ebbinghaus was one of the first to chart the course of forgetting over time.,AttributedQA,1,1,1,1,0.64434463733464,-1
id,AttributedQA_d67d8407-0561-4ee9-8047-a5b3c67cdd6d,Thomas Alva Edison was the inventor who developed a way to record sound.,AttributedQA,1,1,1,1,0.8091494598875758,-1
id,AttributedQA_5a505194-9184-4397-acd4-77619235bd2c,Thomas Edison was the inventor who developed a way to record sound.,AttributedQA,1,1,1,1,0.8094442890123787,-1
id,AttributedQA_9756c08b-a0e3-4ad4-9242-1680b1e50548,Iskander Mirza was the first elected president of Pakistan.,AttributedQA,1,1,1,1,0.7671437377119896,-1
id,AttributedQA_2c17f991-f305-4073-a05f-2b3bd1e49f19,Phil Simms was the first person to say 'I'm going to Disney World.',AttributedQA,1,1,1,1,0.7819612457482267,-1
id,AttributedQA_05c87ece-4f6e-46a8-88fa-287c8ce52762,Jack Nicholson won the Oscar for Best Actor when Titanic was nominated.,AttributedQA,1,0,0,0,0.4652563684880309,-1
id,AttributedQA_93b4731a-c210-4988-bbe3-8393ce87302c,Ryan Harrison won the French Open 2017 tennis tournament in the men's doubles category.,AttributedQA,1,1,1,1,0.8055432106146118,-1
id,AttributedQA_3e93db58-126f-456e-9dee-1de274850d00,Adelina Sotnikova won the ladies ice skating in the Olympics.,AttributedQA,1,1,1,1,0.8083432651078651,-1
id,AttributedQA_4ceaf2ad-b051-4fdb-8a54-4be0d461f5f6,Myles Garrett was the first draft pick in the NFL in 2017.,AttributedQA,1,1,1,1,0.7941005864982873,-1
id,AttributedQA_c463f720-0f0e-482e-ac3f-946db34722ae,The Georgia Bulldogs are playing in the SEC Championship 2017.,AttributedQA,1,1,1,1,0.7016016294968567,-1
id,AttributedQA_8f992ff7-721f-44d1-86f3-39fc9ed31638,Geraldine Ferraro was running as vice president in 1984.,AttributedQA,1,1,1,1,0.7498351747376512,-1
id,AttributedQA_9bad18cb-d492-4975-bd48-be25af659745,Asuka won the 2018 women's royal rumble match.,AttributedQA,1,1,1,1,0.8081012795127475,-1
id,AttributedQA_3efc85cf-38f5-4a39-a5e4-50ef6e6f60a5,John Charles Daly was the original host of What's My Line.,AttributedQA,1,1,1,1,0.7972667526183572,-1
id,AttributedQA_437d0bb0-45d1-458d-b1e4-1de9d5857962,John Locke's new political ideas of natural rights influenced the Declaration of Independence.,AttributedQA,1,1,1,1,0.7946240195460496,-1
id,AttributedQA_b4ffd266-3390-4e73-bcb2-92d83cc43cdc,Jason Ritter stars in Kevin Probably Saves the World.,AttributedQA,1,1,1,1,0.7724137573680552,-1
id,AttributedQA_a6e55042-84c5-4508-9f88-b5e0727879bf,The theme song for Mission Impossible was written by Lalo Schifrin.,AttributedQA,1,1,1,1,0.8086282476273605,-1
id,AttributedQA_36e5a1d1-a37c-45ea-b8b2-ffd8542b7bdf,Dawn featuring Tony Orlando sings 'Tie a Yellow Ribbon Around the Old Oak Tree.',AttributedQA,1,1,1,1,0.6744890549871674,-1
id,AttributedQA_abd428c8-0e1e-434b-ba75-1c8a939adcd5,The first president of the constituent assembly was Rajendra Prasad.,AttributedQA,1,1,1,1,0.7792387586553208,-1
id,AttributedQA_aab1a13e-3c39-44d3-9121-2c45b7c360e2,Evgenia Volosovna Medvedev won the silver medal in women's figure skating.,AttributedQA,1,0,0,1,0.5018461856916904,-1
id,AttributedQA_9a13d2b8-c44a-4b00-b52a-e259bb530628,Stephen A. Douglas was elected senator of Illinois in 1858.,AttributedQA,1,1,1,1,0.8063584331319493,-1
id,AttributedQA_0a0b5bcd-dee7-40e4-a3ff-eb805417068e,Bianca Taylor Ryan won the first season of America's Got Talent.,AttributedQA,1,1,1,1,0.7748766501620651,-1
id,AttributedQA_e3ad404c-d4ef-4c3a-85e0-31e6bd25e5d7,Hermann Ebbinghaus was one of the first to chart the course of forgetting over time.,AttributedQA,1,1,1,1,0.7692893436063842,-1
id,AttributedQA_8481e3b3-e00f-40f5-9b88-d941dcb9d4b3,Steve Earle sings the theme song for The Wire season 5.,AttributedQA,1,1,1,1,0.8054392305878213,-1
id,AttributedQA_46c9ea7e-414e-4d05-80c9-9916ba7f01d6,Alina Zagitova won the ladies ice skating in the Olympics.,AttributedQA,1,0,1,1,0.531401880744572,-1
id,AttributedQA_bd164aae-5dde-4879-b133-0e914a81f8b9,Billy Hill wrote the song 'The Glory of Love.',AttributedQA,1,1,1,1,0.8068252707347305,-1
id,AttributedQA_28654489-e9c4-467b-b5c3-ee4cc954e75a,Thespis was the first actor to step out of the dithyrambic chorus.,AttributedQA,1,0,1,0,0.470211159537979,-1
id,AttributedQA_094a954b-54e5-4ba9-80d6-2427dded3ced,Kathleen Turner starred in the movie Romancing the Stone.,AttributedQA,1,1,1,1,0.8084176212076101,-1
id,AttributedQA_c55aecd4-eba3-43a8-8f5f-edaccb781fde,Giancarlo Stanton won the MVP for the National League.,AttributedQA,1,1,1,1,0.776745940028755,-1
id,AttributedQA_6807acd4-0bdf-4b68-b87b-0f0d4a866371,Chloe East stars in Kevin Probably Saves the World.,AttributedQA,1,1,1,1,0.7963548469932896,-1
id,AttributedQA_a8a512bc-9d8a-44d6-86df-169666557edf,The Confederates won the first battle of Bull Run.,AttributedQA,1,1,1,1,0.8095506470808671,-1
id,AttributedQA_7d8ad48c-543f-4d7e-b979-6c2780214494,The song 'Stop the World and Let Me Off' was written by Carl Belew.,AttributedQA,1,1,1,1,0.8002440642762229,-1
id,AttributedQA_07cac7b0-5f1a-40de-bbc1-6c0934f3bfd7,Judas Iscariot sold out Jesus for 30 pieces of silver.,AttributedQA,1,1,1,1,0.7109579321061196,-1
id,AttributedQA_97c1567c-5046-4eba-a1b4-e81cbf3d3eeb,Tommy Shaw sings the lyrics 'Too Much Time on My Hands.',AttributedQA,1,1,1,1,0.7435197159715824,-1
id,AttributedQA_e7b41c07-154f-45ef-adc3-a99c19584540,Jame Gumb was the bad guy in Silence of the Lambs.,AttributedQA,1,1,1,1,0.7943280912644837,-1
id,AttributedQA_bb8c3ca2-debb-44db-b07a-befb78e94e50,L.K. Advani wrote the book 'My Country My Life.',AttributedQA,1,1,1,1,0.7770073397103439,-1
id,AttributedQA_1ec67114-99bf-4d1c-8634-934f64428b13,The song 'Always Be Humble and Kind' was written by Lori McKenna.,AttributedQA,1,0,1,0,0.4758018877834886,-1
id,AttributedQA_88460e15-15b0-4615-90f4-e53ec98f9cfa,Asuka won the 2018 women's royal rumble match.,AttributedQA,1,1,1,1,0.8086209142131578,-1
id,AttributedQA_173cac4f-331a-4e20-9025-2314e009d71b,The Houston Astros are playing in the World Series.,AttributedQA,1,1,1,1,0.7852028702672714,-1
id,AttributedQA_d1607b33-410a-4d9e-a58d-354f3b3cfc84,Tiffany Coyne is the model on Let's Make a Deal.,AttributedQA,1,1,1,1,0.7993380060924677,-1
id,AttributedQA_1916db70-8574-4d01-ae8c-6227c476df7f,Lana Del Rey sings 'Will you still love me when I'm not young and beautiful?',AttributedQA,1,1,1,1,0.7982607039599741,-1
id,AttributedQA_2c1c52a1-a7a1-4d7e-a1b6-1199fc2d4a12,Regina Spektor sings the theme tune to Orange is the New Black.,AttributedQA,1,1,1,1,0.7888039038899268,-1
id,AttributedQA_c0803795-62d7-48a2-af95-64623d8ec4d2,Sloane Stephens won the women's singles US Open in 2017.,AttributedQA,1,1,1,1,0.8016457493921723,-1
id,AttributedQA_250972ce-f20d-4cea-8772-d0138709327a,The hole in the ozone layer over Antarctica is due to the presence of ozone-depleting substances.,AttributedQA,1,0,0,0,0.29815845174718764,-1
id,AttributedQA_6096053c-ae55-4a34-b455-26fc83fd1207,Gianluigi Buffon won the award for best goalkeeper in the 2006 Football World Cup.,AttributedQA,1,1,1,1,0.7902594946173962,-1
id,AttributedQA_36fbc955-6c8f-4678-b947-22e905c70674,The song 'Stop the World and Let Me Off' was written by Bob Miller.,AttributedQA,0,0,0,0,0.44407457225924224,-1
id,AttributedQA_e8b6b7b7-af3a-42b9-84d5-78908ba6fb5d,Ray Stevens sings 'Will you still love me when I'm not young and beautiful.',AttributedQA,0,0,0,0,0.26214348516151953,0
id,AttributedQA_3348fb53-6ebd-4caa-a57a-eef898ea383a,The nationalists in the Spanish Civil War were led by Francisco Franco.,AttributedQA,0,0,0,0,0.28234638342434526,-1
id,AttributedQA_d28bfed9-b981-498f-a4b5-0cf0de91210e,Billy Joel wrote 'She's Always a Woman to Me.',AttributedQA,0,0,0,0,0.43821402078850036,-1
id,AttributedQA_72ae3c53-a160-4de6-8fe3-fb8f0cb1cab5,Jason Somerville won the World Series of Poker in 2017.,AttributedQA,0,0,0,0,0.49493402336631004,-1
id,AttributedQA_d97bd322-a23e-4d56-8398-f26c67682a69,England won the world cup in cricket in 2017.,AttributedQA,0,0,0,0,0.2845623606525352,-1
id,AttributedQA_85c5ef27-cc6a-4e5e-9d01-04d13da44783,Sophocles wrote Antigone. He was born in 496 BCE and died in 406 BCE.,AttributedQA,0,0,0,0,0.43624511953285755,-1
id,AttributedQA_b6d349ad-b068-4181-9917-2a32be15eb2f,Dry ether is used in the Wurtz reaction to prevent the decomposition of the ethers.,AttributedQA,0,0,0,0,0.2921178078784768,-1
id,AttributedQA_665f9819-10b1-4fcd-b602-a6755c5154f7,The Proclaimers sing the theme tune to Mum on BBC2.,AttributedQA,0,0,0,0,0.288069281895316,-1
id,AttributedQA_063ed056-dd47-43e0-af80-dfb55ef206ec,The first president of the constituent assembly was Dr. Rajendra Prasad.,AttributedQA,0,0,0,0,0.31717827895656164,-1
id,AttributedQA_d9f79453-da5e-4730-8715-a3169d055cc2,The original Little Red Riding Hood story was written by Charles Perrault.,AttributedQA,0,0,0,0,0.4448437269028651,-1
id,AttributedQA_d3651900-0bec-4c8a-bba5-54efed99c5dc,Jason Lester won the World Series of Poker in 2017.,AttributedQA,0,0,1,1,0.552507262925648,-1
id,AttributedQA_85fe492d-545e-4c41-bec2-0933d1b286c7,The Struts are opening for Foo Fighters at Fenway.,AttributedQA,0,0,0,0,0.3892069568239445,-1
id,AttributedQA_b7a48a24-73bb-4503-849b-4a134051aea8,Kevin couldn't wait for his wife to leave the show for creative reasons.,AttributedQA,0,0,0,0,0.296348948683258,-1
id,AttributedQA_08b7df24-fabc-4a1c-8ea6-150e8853da1f,Edward IV was the father of the princes in the tower.,AttributedQA,0,1,1,1,0.78498256283556,-1
id,AttributedQA_eaac99e3-b38f-4419-b16b-9e68ffa601fb,England won the ICC Under 19 World Cup 2018.,AttributedQA,0,0,1,1,0.5358089929648323,-1
id,AttributedQA_32989eb2-fcd0-42a7-a12c-635ae40fbe71,Ric Flair went back to WCW because he was fired by Vince McMahon.,AttributedQA,0,0,1,0,0.4292302747295966,-1
id,AttributedQA_0e37e3c0-c712-4bbd-adc6-4744571b6be0,Edward IV of England was the father of the princes in the tower.,AttributedQA,0,1,1,1,0.6176947801073108,-1
id,AttributedQA_4f2bc897-9aff-4c41-af00-f1904ba8e346,Eleanor Roosevelt wrote the first declaration of human rights.,AttributedQA,0,0,0,0,0.2704017272698481,0
id,AttributedQA_91c4b4da-83cf-45a7-b0d1-f422d24ca58a,Garbiñe Muguruza won the 2017 women's Wimbledon final.,AttributedQA,0,0,0,0,0.4511132646635176,-1
id,AttributedQA_595a44c5-c056-4b52-933f-c57a2976b427,Honoré Mirabeau wrote the French Declaration of the Rights of Man and of the Citizen.,AttributedQA,0,1,1,1,0.7839610888837945,-1
id,AttributedQA_7df9c589-fb34-4132-966e-d8cbe0a8b778,John Locke's new political ideas of natural rights influenced the Declaration of Independence.,AttributedQA,0,0,0,0,0.29329127691435203,-1
id,AttributedQA_416f0b81-3ed1-43aa-8e36-861a8d381ab5,Pierre-Emerick Aubameyang was named African Footballer of the Year in 2014.,AttributedQA,0,1,1,1,0.6686059641863802,-1
id,AttributedQA_b9d51f1e-de98-41f9-859a-71051ecbed5e,Zeus wins the final fight in Real Steel.,AttributedQA,0,0,0,0,0.30106714913315274,-1
id,AttributedQA_c0f4dab5-6514-4513-8c88-9f587d48ad6b,Derek Hough won season 16 on Dancing with the Stars.,AttributedQA,0,0,0,0,0.46972846036270494,-1
id,AttributedQA_822e9c8e-f223-48bb-bbab-fa520dc8e4c7,Ranil Wickremesinghe will win the 2018 election in Sri Lanka.,AttributedQA,0,0,0,0,0.2885761191934773,-1
id,AttributedQA_949dcd6a-ac35-4a28-b142-22dff5606948,"Who wins the final fight in Real Steel?
Atom wins the final fight in Real Steel.",AttributedQA,0,0,0,0,0.4321415519144077,-1
id,AttributedQA_467c715a-3d7e-474f-878a-05c0dfb877fc,Jack Nicholson won the Oscar for Best Actor when Titanic was nominated.,AttributedQA,0,0,0,0,0.35523787920669486,-1
id,AttributedQA_876c6d9f-f6e9-4e34-b6b0-5465cd6d7cd0,The song 'Photograph' was written by Ringo Starr.,AttributedQA,0,1,1,1,0.7779847509944937,-1
id,AttributedQA_2c9a3313-84f5-4475-9bbe-836c014c4960,The Los Angeles Lakers won game 4 of the 2000 NBA finals.,AttributedQA,0,1,1,1,0.7948847265603471,-1
id,AttributedQA_e653aae0-ad0e-48ff-9759-683a122d7304,Asuka won the 2018 women's royal rumble match.,AttributedQA,0,0,0,0,0.46636606390181323,-1
id,AttributedQA_42c3d1fe-1c10-4d49-9373-081468c5cc40,Herbert Hoover was elected president of the United States in 1928.,AttributedQA,0,1,1,1,0.6641756854624208,-1
id,AttributedQA_8bda6ba9-409d-40da-9075-8a23bf169523,The editor of the journal Jugantor during the time of the Swadeshi movement was Subodh Chandra Mallick.,AttributedQA,0,0,0,0,0.4024572726372589,-1
id,AttributedQA_17091e4a-2c8e-4111-8d1f-df70284bf27d,Ric Flair went back to WCW to win the WCW World Heavyweight Championship because he wanted to reclaim the title and prove himself as a top wrestler in the company.,AttributedQA,0,1,1,1,0.8004773405343683,-1
id,AttributedQA_768e5693-7d92-4d51-be5b-d569e9f47ded,Billy Joel wrote 'She's Always a Woman to Me.',AttributedQA,0,0,0,0,0.46401941298875254,-1
id,AttributedQA_303cd32e-0ab0-4feb-9061-eee56871288c,The real name of the star cast of the serial Yeh Hai Mohabbatein is Karan Patel.,AttributedQA,0,0,1,1,0.5152708723670025,-1
id,AttributedQA_1883d8ac-52f5-47b5-916b-477cf0d8ae4a,Sadio Mané was named African Footballer of the Year in 2014.,AttributedQA,0,0,0,0,0.3081380911012799,-1
id,AttributedQA_d6fdd0f5-9020-4243-aabb-842e59a4afec,Sir Hugh Beaver started the Guinness Book of World Records.,AttributedQA,0,1,1,1,0.7554182034286749,-1
id,AttributedQA_86d35834-d0d9-42b3-a0a8-371b465aa09a,"teams that played in the World Series were the Los Angeles Dodgers and the Houston Astros. The World Series took place from October 24 to November 1, 2017.",AttributedQA,0,1,1,1,0.8024613796203213,-1
id,AttributedQA_ff1c01f0-6844-4494-bce3-20a8c6d28425,Leon 'Kida' Burns won So You Think You Can Dance season 13.,AttributedQA,0,0,0,0,0.31613344952389955,-1
id,AttributedQA_51835066-9cf3-4aa8-88f4-646ec5e9a803,Kellie Pickler won season 16 of Dancing with the Stars.,AttributedQA,0,1,1,1,0.7966676960375103,-1
id,AttributedQA_d7ecdfc6-10ed-423b-b0f3-0a37df3736b8,Olivia O'Brien wrote the song 'I Hate You I Love You.',AttributedQA,0,0,0,0,0.4417208641145479,-1
id,AttributedQA_4393c831-a5f1-4f6b-8c69-e9c1f47e82ee,The song 'Always Be Humble and Kind' was written by Brad Paisley.,AttributedQA,0,0,0,0,0.45885798072066436,-1
id,AttributedQA_fefb5b05-6082-428f-9c14-26d099ec7f05,Evgenia Medvedeva won the silver medal in women's figure skating.,AttributedQA,0,0,0,0,0.41536292041610756,-1
id,AttributedQA_33ea1315-87ab-4729-a281-ceea8d7b7ae1,Bobby Caldwell wrote the song 'I Hate You I Love You.',AttributedQA,0,0,0,0,0.43208231373596384,-1
id,AttributedQA_6ea00f5b-bcd6-43aa-b3ee-b298edf01ed0,The Proclaimers sing the theme tune to Mum on BBC2.,AttributedQA,0,0,0,0,0.44957273515642276,-1
id,AttributedQA_da4c6f67-3a56-45e3-9054-eee2591ae1af,The song 'Be Thankful for What You Got' was written by Rah DeVaughn.,AttributedQA,0,1,1,1,0.7853099352474122,-1
id,AttributedQA_ca8dbd8e-a7b9-4438-98b4-f15b99380b68,Bobby Caldwell sings 'You Can't Get What You Want.',AttributedQA,0,0,0,0,0.4116453215167875,-1
id,AttributedQA_65db0feb-9212-47a5-9ae3-cf787ffeaabd,Gianluigi Buffon won the award for best goalkeeper in the 2006 Football World Cup.,AttributedQA,0,0,0,0,0.34330313584109173,-1
id,AttributedQA_db9e46ed-51ae-434a-87d2-03fe97271486,The French Declaration of the Rights of Man and of the Citizen was written by Thomas Jefferson.,AttributedQA,0,0,0,0,0.46879467719213497,-1
id,AttributedQA_9dc6b0c7-f03e-420a-8a93-3bcf1d10a028,Jonathan Adam Saunders Baruchel voices Hiccup in How to Train Your Dragon 2.,AttributedQA,0,1,1,1,0.6196509507130432,-1
id,AttributedQA_528d5093-a5fe-4c46-b9e8-a123a25c9163,Mitch Murray wrote 'How Do You Do It' by Gerry and the Pacemakers.,AttributedQA,0,0,0,0,0.44120102645046855,-1
id,AttributedQA_9198a478-d835-4b6e-8b3d-4252c5f54ecb,Scott Blumstein won the World Series of Poker in 2017.,AttributedQA,0,0,0,0,0.46785814880701304,-1
id,AttributedQA_aef6a4f8-84b6-4ed4-9428-cd2f8290306b,George II was the king of England in 1756.,AttributedQA,0,1,1,1,0.7609897463670876,-1
id,AttributedQA_44b5f1c2-8ebf-405c-b5fc-5c1618e78dcb,Ayub Khan was the first elected president of Pakistan.,AttributedQA,0,0,0,0,0.3118960172061639,-1
id,AttributedQA_1acce438-309a-445b-9d06-6bf10d54517b,Promises Fulfilled won the Fountain of Youth Stakes at Gulfstream Park.,AttributedQA,0,0,0,0,0.46377506808593894,-1
id,AttributedQA_40a4b85f-9a3e-4f5c-b805-73973490feb7,Fik-Shun won So You Think You Can Dance season 13.,AttributedQA,0,0,0,0,0.3008769426832753,-1
id,AttributedQA_a3a2202e-50ea-46e6-aaec-c42d8a3b1294,The editor of the journal Jugantor during the time of the Swadeshi movement was Subodh Chandra Mallick.,AttributedQA,0,0,0,0,0.2981088596261678,-1
id,AttributedQA_8a692cb9-946d-4de0-9384-0380cf4bb241,Dawn featuring Tony Orlando sings 'Tie a Yellow Ribbon Around the Old Oak Tree.',AttributedQA,0,0,0,0,0.4863136188054287,-1
id,AttributedQA_005ef60c-eb90-456f-a04d-66ab9da93494,"Kevin's wife was fired from the show, which is why he can't wait for her to leave.",AttributedQA,0,0,0,0,0.2878216468584784,-1
id,AttributedQA_e55bd306-e646-41a6-86bf-3349ed3c34b2,The leader of the Zulu in South Africa who led the fight against the British was King Dingane kaSenzangakhona.,AttributedQA,0,0,0,0,0.362040766029215,-1
id,AttributedQA_bb09428a-800f-467f-b0ee-4719cb33b16a,Mucho Macho Man won the Fountain of Youth Stakes at Gulfstream Park.,AttributedQA,0,0,0,0,0.40059501379868234,-1
id,AttributedQA_1195f081-5960-4fbe-a3e5-af9f617ce633,Dry ether is used in the woods reaction to remove water because it is a good solvent for the reaction and it helps to prevent the formation of unwanted byproducts.,AttributedQA,0,0,0,0,0.30641488514748455,-1
id,AttributedQA_ff41eef2-b2b9-4324-abf6-ef66fbbe0b6d,Billy Hill wrote the song 'The Glory of Love.',AttributedQA,0,0,0,0,0.45427800826096354,-1
id,AttributedQA_7e3b4137-5f4a-46a3-b24f-c400df15f8f6,Sophocles wrote Antigone. He was born in 496 BCE and died in 406 BCE.,AttributedQA,0,0,0,0,0.46144651531536734,-1
id,AttributedQA_d8f6b423-0538-48be-98a6-50b2029885cd,Lex Ishimoto won So You Think You Can Dance season 13.,AttributedQA,0,0,1,0,0.46691841715143306,-1
id,AttributedQA_bdfea98b-8886-4739-8fe9-7d8ff895ebd8,The Georgia Bulldogs are playing in the SEC Championship 2017.,AttributedQA,0,0,0,0,0.437164478694333,-1
id,AttributedQA_c383a73f-9d89-41d9-a8bc-890db7278bc9,The Los Angeles Lakers won game 4 of the 2000 NBA Finals.,AttributedQA,0,1,1,1,0.8062859542864409,-1
id,AttributedQA_c68d46e4-3aec-4ad0-96f5-e6ad0d520639,Gianluigi Buffon won the award for best goalkeeper in the 2006 Football World Cup.,AttributedQA,0,0,1,0,0.4460866811807723,-1
id,AttributedQA_fe1aa627-3de8-4e21-aade-3c919bd5c55f,The Cubs are playing against the Dodgers in the World Series.,AttributedQA,0,0,0,0,0.27362501454437627,0
id,AttributedQA_3f493d24-0ce2-4483-912c-32ae0bf1f6fb,Herbert Clark Hoover was elected president of the United States in 1928.,AttributedQA,0,1,1,1,0.6955370019767606,-1
id,AttributedQA_6a311ee8-0be8-4749-96e7-536c3368189a,Olivia Riemer won the Head of Household competition on Big Brother Canada.,AttributedQA,0,0,0,0,0.44646847545043783,-1
id,AttributedQA_b5c91461-8a68-43c3-94bc-6422d35225c0,Kellie Pickler won season 16 of Dancing with the Stars.,AttributedQA,0,0,0,0,0.29030610494884995,-1
id,AttributedQA_6e9d425c-5fbe-4efa-9596-9fedd357abe9,The Montreal Canadiens won three Stanley Cups in a row.,AttributedQA,0,0,0,0,0.45763670028024445,-1
id,AttributedQA_3a9f95c0-a49f-44df-a30f-07846367a4eb,"Why is there a hole in the ozone layer over Antarctica?
The hole in the ozone layer over Antarctica is caused by chlorofluorocarbons.",AttributedQA,0,1,1,1,0.8066841557111735,-1
id,AttributedQA_2c39930d-d931-40cb-8dd6-513a99c26bf8,The theme tune to Mum on BBC2 is sung by Mum 's the Word.,AttributedQA,0,0,0,0,0.40883284894894084,-1
id,AttributedQA_4e3eec50-ca06-4203-9c7d-e3dd91163764,General Lafayette wrote the first declaration of human rights.,AttributedQA,0,0,0,0,0.2855584708405583,-1
id,AttributedQA_ce9edbfc-a9a1-4afb-8efd-57859ce6bb59,Promises Fulfilled won the Fountain of Youth Stakes at Gulfstream Park.,AttributedQA,0,0,0,0,0.43253691545280576,-1
id,AttributedQA_f3244667-8bcd-4bbf-a613-f5fe5c6cb79e,"Who wins the final fight in Real Steel?
Atom wins the final fight in Real Steel.",AttributedQA,0,1,1,1,0.6001394700070413,-1
id,AttributedQA_9ad9e5bf-648d-4806-8cc4-59dd62411611,Kevin couldn't wait for his wife to leave the show for creative reasons.,AttributedQA,0,0,0,0,0.32549702284186527,-1
id,AttributedQA_521a4a79-1e9b-4641-b85c-febb12662e5d,Thomas Paine wrote the first declaration of human rights.,AttributedQA,0,0,0,0,0.27510365081659843,0
id,AttributedQA_54504d32-ab68-4dab-8b6f-c35f51ba7995,Roger Miller wrote the song 'Stop the World and Let Me Off.',AttributedQA,0,0,1,1,0.568239240968804,-1
id,AttributedQA_83bf8c1e-9b1c-4025-ac62-ea71e3342bcc,The real name of the star cast of the serial Yeh Hai Mohabbatein is Radhika Madan.,AttributedQA,0,0,0,0,0.36248953417705554,-1
id,AttributedQA_06fb15bc-ec0f-4c4d-ba60-78b8378fba3f,Rick killed the walker that ate his family in the first episode.,AttributedQA,0,0,0,0,0.28512258088016207,-1
id,AttributedQA_7e490df5-1957-4380-9e7e-d42b5c0cd8ee,Maithripala Sirisena will win the 2018 election in Sri Lanka.,AttributedQA,0,0,0,0,0.43311602072380223,-1
id,AttributedQA_0749afec-c5d6-43fa-8fc6-4527d9af1448,Geraldine Anne 'Gerry' Ferraro was running as vice president in 1984.,AttributedQA,0,1,1,1,0.7986812415921954,-1
id,AttributedQA_26a6836f-9c42-49fe-8c26-e382b85c8644,Stephen A. Douglas was elected senator of Illinois in 1858.,AttributedQA,0,1,1,1,0.7884253036181241,-1
id,AttributedQA_b5f62a08-acd2-4858-a101-1d6bceef360f,The guy who died in Glee was Finn.,AttributedQA,0,0,0,0,0.45147017049025595,-1
id,AttributedQA_8596f098-dfc1-4f94-a756-90e6bdee48a7,Jay Baruchel voices Hiccup in How to Train Your Dragon 2.,AttributedQA,0,1,1,1,0.7443515903295425,-1
id,AttributedQA_297e0a03-190f-44a6-9524-d5f21c18a6d3,Bhupendranath Dutt was the editor of the journal Jugantor during the time of the Swadeshi movement.,AttributedQA,0,0,0,0,0.28800687187727897,-1
id,AttributedQA_36733732-f602-40d7-b545-e0b4a56f97b7,Harry Kane won the goal of the year in 2017.,AttributedQA,0,0,0,0,0.3543543283482697,-1
id,AttributedQA_609915f6-12d3-4886-a11a-acde79aa1db4,"Who was the song 'Suite: Judy Blue Eyes' written about?
The song 'Suite: Judy Blue Eyes' was written about Judy Collins.",AttributedQA,0,0,0,0,0.4743321688637551,-1
id,AttributedQA_8877cbba-f148-4d47-9b36-163b7e189ca6,India won the world cup in cricket in 2017.,AttributedQA,0,0,0,0,0.2889598256967877,-1
id,AttributedQA_e23907ac-0cca-4ee2-a9b8-2d63f17df6bc,Mohamed Salah was named African Footballer of the Year in 2014.,AttributedQA,0,0,0,0,0.3294024429595534,-1
id,AttributedQA_2dc4b885-9f94-4883-bd60-6fac7bc06793,Cetshwayo was the leader of the Zulu in South Africa and he led the fight against the British.,AttributedQA,0,1,1,1,0.7952304549059314,-1
id,AttributedQA_4ecac445-909d-4083-8cc7-1e7173bc2743,The Montreal Canadiens won three Stanley Cups in a row.,AttributedQA,0,0,0,0,0.42296193465044285,-1
id,AttributedQA_cdae86f8-bd09-4b73-a8ef-2822dc64af2c,The quarterback for the Saints before Drew Brees was Aaron Brooks.,AttributedQA,0,1,1,1,0.7792647385331656,-1
id,AttributedQA_d2bd7914-933d-47e7-9173-166f14e46489,The Struts are opening for Foo Fighters at Fenway.,AttributedQA,0,0,0,0,0.40970011886755386,-1
id,AttributedQA_9b5cfd97-a55f-4700-86b8-846ad164b947,Tom Petty wrote 'I Can Feel at Home in This World Anymore.',AttributedQA,0,0,1,0,0.44017450144776854,-1
id,AttributedQA_3efd3032-9380-4c4b-96ec-087dec49bc25,Joe Jackson sings 'You can't get what you want.',AttributedQA,0,0,0,0,0.2838324791297732,-1
id,AttributedQA_ea2d745b-16eb-46b0-bd62-99012c842c4f,The first draft pick in the 2017 NFL draft was Myles Garrett.,AttributedQA,0,0,0,0,0.41858774295369117,-1
id,AttributedQA_1d33745c-4ee3-4c27-86dd-0f7426e7cf96,"The Happy Mondays dance troupe was in the 'Don't Worry, Be Happy' video.",AttributedQA,0,0,0,0,0.2877299110504554,-1
id,AttributedQA_e88c956b-c99a-4bdb-a849-3e33725d3afc,Woody Guthrie wrote 'I Can Feel at Home in This World Anymore.',AttributedQA,0,0,0,0,0.3666912632327823,-1
id,AttributedQA_0efbe62a-5295-45ff-98b3-bb5eb39d5c85,Sir Alec Guinness started the Guinness Book of World Records.,AttributedQA,0,0,1,0,0.46196660254907,-1
id,AttributedQA_d009670c-1e65-458d-8ee5-79b3d6fe1113,Honoré Mirabeau wrote the French Declaration of the Rights of Man and of the Citizen.,AttributedQA,0,1,1,1,0.5587266661733424,-1
id,AttributedQA_5e3618d2-fc75-4ef5-b74c-e557b80a51d8,Train is opening for Foo Fighters at Fenway.,AttributedQA,0,0,0,0,0.40024826743502584,-1
id,AttributedQA_90e00a4d-36f4-4ad9-888f-46a611aff1e6,"Who was the quarterback for the Saints before Drew Brees?
Drew Brees was the quarterback for the Saints before Drew Brees.",AttributedQA,0,1,1,1,0.6754678193018565,-1
id,AttributedQA_f93cb2c2-923a-48b2-b611-9d9593c70be3,Australia won the world cup in cricket in 2017.,AttributedQA,0,0,0,0,0.29096044075340793,-1
id,AttributedQA_76646793-50b9-46f1-8e7a-f32d888adb46,The Lakers won game 4 of the 2000 NBA finals.,AttributedQA,0,1,1,1,0.8068315761178282,-1
id,AttributedQA_3d76d30b-fa58-4ab6-b0f9-52b589cfcba3,Mr. Brown sings 'Tie a Yellow Ribbon Around the Old Oak Tree.',AttributedQA,0,1,1,1,0.5856809910017026,-1
id,AttributedQA_b1e489fc-d094-42c7-98ba-843a8f9edd02,The leader of the Zulu in South Africa who led the fight against the British was King Shaka.,AttributedQA,0,0,0,0,0.2888570074709383,-1
id,AttributedQA_e8f453de-433e-48ff-b5b7-d3a5c26e97ac,Cameron Smith won the Mark and Goal of the Year in 2017.,AttributedQA,0,0,0,0,0.2802801944699571,-1
id,AttributedQA_a93a865c-1a9f-4238-b291-aa38e483dff6,Giancarlo Stanton won the MVP for the National League.,AttributedQA,0,1,1,1,0.8031430460673008,-1
id,AttributedQA_7ccc0ebd-77ad-46f7-bf9a-607ee530e5f5,John Prine wrote 'I Can Feel at Home in this World Anymore.',AttributedQA,0,0,0,0,0.41619046826575873,-1
id,AttributedQA_8f0f0849-3e2f-48ae-a3cc-02845a7a0a62,The book 'My Country My Life' was written by A. P. J. Abdul Kalam.,AttributedQA,0,0,1,0,0.49896075682066154,-1
id,LFQA_webgpt_afc6e089-fc3c-486e-8938-93ccc2eef6a0,"In addition, the framers learned from the example of Poland, where agents from Russia, Prussia, and Austria conspired to install a friendly monarch, Stanislaus II, and subsequently seized upon his weakness and partitioned the country among themselves.",LFQA,1,0,1,1,0.6617749599529836,-1
id,LFQA_webgpt_b95d54bc-9135-465d-abbf-d0c7cad2987b,"The reason why the framers of the Constitution wanted this requirement was not just because of potential foreign influence, but also because of the dangers of dynastic succession.",LFQA,1,0,0,0,0.29261475005979326,-1
id,LFQA_gpt3_fe4aa749-f8b0-451e-9863-2c9e9f82e7c5,"So, even though the pixel count of the image may not change, the file size can still vary depending on the file format, the level of compression, and the quality of the image.",LFQA,1,1,1,1,0.6899718426557097,-1
id,LFQA_gpt3_whudoc_cc1205db-10b3-4eb2-b1eb-85ab9c730e3e,"Sigma bonds are formed by the linear or co-axial overlapping of the atomic orbitals of two atoms, while pi bonds are formed by the parallel or lateral overlapping of the atomic orbitals.",LFQA,1,1,1,1,0.6828273448707348,-1
id,LFQA_gpt3_wdoc_50147259-122a-4a9c-88e9-3f72bcd8143b,"Sigma bonds are the strongest type of covalent chemical bond, formed by head-on overlapping between atomic orbitals.",LFQA,1,1,1,1,0.7731798076204563,-1
id,LFQA_gpt3_whudoc_b557c733-eea1-4190-af51-ffeaaaf0d7e0,"These concerns were reflected in Article II, Section I of the Constitution, which states that the President must be a “natural born” citizen.",LFQA,1,1,0,0,0.36555439145771496,-1
id,LFQA_webgpt_bd3f220a-ca2b-460f-82d1-c8f75ab82693,"Several theories exist, one of the most well-known being the ""primordial soup"" theory, which proposes that in the early stages of Earth's history, organic matter was exposed to energy in the form of volcanoes and electrical storms, which would have catalyzed chemical reactions that could have produced self-replicating molecules.",LFQA,1,0,0,0,0.3109853266882796,-1
id,LFQA_gpt3_whudoc_13aaa4eb-82a7-433f-9022-f1ed10c7e554,"Although we cannot know for sure what happens when we die until we experience it ourselves, we can understand what happens to our bodies right before and after death.",LFQA,1,1,1,1,0.7701055767147504,-1
id,LFQA_gpt3_whudoc_375a81cd-3ef6-4d9e-b9f6-5adab337cf14,"Additionally, vigorous rubbing of the body with a towel during drying can lead to increased body temperature and increased sweating.",LFQA,1,1,1,1,0.7955317410111572,-1
id,LFQA_gpt3_whudoc_300802b3-4805-4a0c-ad55-71f72fabf8a1,"By requiring that the President of the United States be born in the United States, the framers sought to protect the nation against foreign influence and interference.",LFQA,1,1,1,1,0.5737005374646368,-1
id,LFQA_gpt3_0f1ba50a-05ee-417c-b7df-12a442afafbc,"Additionally, the humidity in the bathroom after a shower can also contribute to increased sweating.",LFQA,1,1,1,1,0.7992751312661539,-1
id,LFQA_gpt3_whudoc_443e73dc-b347-4dd0-8f51-18b1a6c1633a,"By studying the characteristics of the seismic waves, researchers can identify the source of the fault rupture and determine whether the quake was human-induced or naturally occurring.",LFQA,1,0,0,0,0.41020618309416346,-1
id,LFQA_gpt3_0e3582d8-5189-48f8-b28f-0f5b3f4754a9,The risk of applying a foreign substance to a baseball is worth the reward of the competitive advantage it gives the pitcher.,LFQA,1,0,0,0,0.3534610316069636,-1
id,LFQA_gpt3_whudoc_764f7cd9-03cb-4200-8ca8-8204c535b1db,"Furthermore, they were aware of the case of England’s King George I, who was a Hanoverian who spoke no English.",LFQA,1,0,1,1,0.790580543368347,-1
id,LFQA_webgpt_c044bed8-0dd2-4479-b26f-5a01871f4fac,"For instance, the waves could be from an explosion caused by conventional explosives rather than a nuclear warhead.",LFQA,1,1,1,1,0.7919305295715812,-1
id,LFQA_gpt3_whudoc_79f00329-7169-4f13-8942-8a5074feb29f,This catalyzed a dramatic rise in oxygen levels and made the environment less hospitable for other microbes.,LFQA,1,1,0,0,0.3914019045128267,-1
id,LFQA_gpt3_wdoc_7ff3b3cb-7f3b-4b2a-b23c-482089392190,"It is believed that these self-replicating molecules ultimately evolved into single-celled micro-organisms, or prokaryotes, which first appeared on Earth almost four billion years ago.",LFQA,1,0,1,1,0.7884794766180511,-1
id,LFQA_gpt3_wdoc_062d388d-d46e-4702-9ccc-a9a0a790dc92,Another method is to compare the size of the different types of seismic waves generated by an earthquake.,LFQA,1,1,1,1,0.8010189483546,-1
id,LFQA_alpaca_wdoc_08033811-8a3d-4b71-9a2f-b8f27107ab27,"The first living organisms likely arose from non-living chemicals around 4 billion years ago, in a process known as abiogenesis.",LFQA,1,1,1,1,0.7990433934862917,-1
id,LFQA_gpt3_whudoc_995d1687-b37f-441d-8bb4-832f1c54f55a,"In order to protect the nation from such scenarios, George Mason argued for restrictions on foreign officeholders, stating that he did not want “foreigners and adventurers” to make laws for the country or for “rich foreign nations” to “send over her tools who might bribe their way” into federal office.",LFQA,1,0,0,0,0.3823645565134109,-1
id,LFQA_gpt3_wdoc_c3ebb44e-2a6c-4e27-a53d-741d94747c09,"Similarly, an uncompressed TIF image will always have the same file size for a given digital photo of a certain Mp resolution and colour mode.",LFQA,1,0,0,0,0.42403701656363785,-1
id,LFQA_gpt3_whudoc_bfee6048-4bbe-42c1-b293-0361334d0336,"A higher color depth setting assigns more bits of red, green and blue to each pixel, resulting in a larger file size.",LFQA,1,0,0,0,0.28887174948579886,-1
id,LFQA_gpt3_whudoc_38c8a9ae-d85e-43c9-8838-448a8c85a8ef,A higher image size setting means a larger picture and bigger file size.,LFQA,1,1,1,1,0.5961722062850141,-1
id,LFQA_gpt3_cf44ff6c-eb8f-4251-85ce-cbd8173fb5b7,"Ultimately, the risk of applying a foreign substance to a baseball is worth it for the competitive advantage it brings to the pitcher.",LFQA,1,0,0,0,0.2919148853026044,-1
id,LFQA_gpt3_whudoc_661a5b91-00e5-406a-84f2-feb8e124cfab,"At the moment of death, every muscle in the body relaxes, which may cause the person to moan or sigh as any excess air is released from their lungs and into their throat and vocal cords.",LFQA,1,1,1,1,0.5741886097510988,-1
id,LFQA_alpaca_ecdfba46-a41e-45f7-876f-9d25887ff7a4,"These substances can create a slick film on the ball, causing it to slide across the plate instead of flying in an arc like a normal pitch.",LFQA,1,1,1,1,0.7548213248745352,-1
id,LFQA_alpaca_wdoc_58ee1ca8-013f-493f-b634-eec2897bd42e,"Though the pixel count remains the same, the more data stored in a file, the larger the file size will be.</s>",LFQA,1,0,0,0,0.29686691208965277,-1
id,LFQA_gpt3_285e4750-c4c7-4123-86dd-0b32311916ba,"Furthermore, air filled tires offer better traction and provide better handling.",LFQA,1,0,0,0,0.3001956983622048,-1
id,LFQA_gpt3_whudoc_dea8596d-fdbf-4dc8-b462-b88700722d3a,"They also wanted to protect the nation against dynastic scheming, which was common in Europe.",LFQA,1,1,1,1,0.7333173004952713,-1
id,LFQA_alpaca_wdoc_1c14c7bf-c9ba-4533-ad50-052790d43af2,Air-filled tires offer several advantages over solid rubber tires.,LFQA,1,1,1,1,0.8090916634353206,-1
id,LFQA_gpt3_wdoc_9f72e2fc-f4dc-4ca4-a302-9651c88b3af1,"For instance, a JPEG image stored with a 96% Adobe 11 quality at a 18 Mp resolution can have a file size ranging from 4 Mb to 11 Mb, depending on the colour and brightness of the image.",LFQA,1,1,1,1,0.723367218238184,-1
id,LFQA_webgpt_7d86eda8-ad0d-443c-aec3-8925438ddbaf,"The sticky stuff helps increase spin on pitches, which in turn increases their movement, making them more difficult to hit.",LFQA,1,0,0,0,0.356212570428375,-1
id,LFQA_webgpt_2b3eecc4-c21b-4764-8b76-dd9dacce35d9,"At high speeds, the amount of energy loss while passing over bumpy roads would be extremely inefficient for the car, and would cause tires to wear down much more quickly.",LFQA,1,0,0,0,0.30636700660260496,-1
id,LFQA_webgpt_d101b4c0-cae4-4fd7-925b-b3f2b19f0696,"At the time, several European figures - such as France's Marquis de Lafayette, a hero of the Revolutionary War - were quite popular in the New World, so the idea wasn't completely far-fetched.",LFQA,1,0,0,0,0.28751868337211917,-1
id,LFQA_gpt3_wdoc_808cef4c-7e51-4662-8b23-02e5a5daa30b,"Additionally, after you get out of the shower, rubbing your skin with a towel to dry off creates friction, which generates heat and potentially contributes to the sweating.",LFQA,1,1,1,1,0.7479240743681878,-1
id,LFQA_gpt3_wdoc_59d5747c-60f3-403d-a4f1-5e64e5f2f182,The process of evolution is a complex one and the exact details of how the first living organisms came to be are still debated among scientists.,LFQA,1,1,0,0,0.3602735232022944,-1
id,LFQA_gpt3_wdoc_eff858ea-5b31-4f47-80ac-ba547ae31eec,French fries taste awful when reheated because of a variety of factors.,LFQA,1,1,1,1,0.8005391161956077,-1
id,LFQA_gpt3_d798fd72-04bc-47b2-ac7c-c179984a8ccd,Sigma bonds are the strongest type of covalent bond and are typically the first bond to form between two atoms.,LFQA,1,1,1,1,0.5863766063306985,-1
id,LFQA_alpaca_45a3efab-4e1b-452e-acbf-0b197059bc5c,"By studying these features, seismologists can determine if the earthquake was caused by natural forces or if it was the result of human activities.</s>",LFQA,1,1,1,1,0.7845118141379207,-1
id,LFQA_webgpt_ce657f2d-db67-415c-945a-331aec5d4213,Hitters generally approve of this level of substance use; a pitcher who cannot grip the baseball is more likely to fire it accidentally at a batter's skull.,LFQA,1,0,0,0,0.32689101216531374,-1
id,LFQA_gpt3_wdoc_de04e056-1a08-457e-b014-0269d3e9f745,"However, the primordial soup hypothesis, which was first proposed in the early 20th century, suggests that in Earth’s prebiotic history, simple organic matter was exposed to energy in the form of volcanoes and electrical storms.",LFQA,1,0,1,0,0.45639191419603264,-1
id,LFQA_gpt3_wdoc_b722e5b1-babc-4c89-b556-a8c27893f2cf,"Thus, a pi bond is always present in molecules with multiple bonds, such as double or triple bonds.",LFQA,1,1,1,1,0.7469983868372803,-1
id,LFQA_webgpt_1f5c1d8d-5f0c-47bf-947e-5fe4fa2a8b80,"The size of a digital photo is determined by its total number of pixels, which is different than the filesize, which is the amount of bytes used to store the image.",LFQA,1,1,1,1,0.6726560751187932,-1
id,LFQA_webgpt_d10c1333-02c6-4006-865c-15f97a86eaaf,Seismologists can also directly compare the shape of the waves recorded from each test to determine whether they are similar.,LFQA,1,0,0,0,0.30335795429749307,-1
id,LFQA_gpt3_wdoc_494f5ac2-2bcb-49fe-a605-d836fc4209a9,"By requiring that the president be a natural-born citizen, the framers sought to ensure that the president was only subject to the authority of the U.S. government.",LFQA,1,1,1,1,0.7970369249525594,-1
id,LFQA_gpt3_7d04ceca-c1d1-4dae-8acb-dc6a5d6fa8d4,"Additionally, the quality of the image can also affect the file size.",LFQA,1,1,1,1,0.7965366322096697,-1
id,LFQA_gpt3_whudoc_ff90028a-61fa-46ee-b491-ee26e52f6dfc,"On the other hand, pizza may taste comparable whether fresh or reheated because of the presence of umami, a flavor that is used to describe a food's savory flavor.",LFQA,1,0,0,0,0.2865196159450603,-1
id,LFQA_gpt3_6e23762e-90fa-4473-a620-d0cf0ea9e9da,"These primitive organisms are thought to have originated from a process known as abiogenesis, where life is created from non-living organic matter.",LFQA,1,1,1,1,0.8002827368728943,-1
id,LFQA_gpt3_whudoc_0f498fe3-9cd0-439d-9241-ef6be35473ce,"According to Dr. Nina O’Connor, a person’s breathing will become irregular and unusually shallow or deep right before death.",LFQA,1,0,1,1,0.5056487535265538,-1
id,LFQA_webgpt_3f997840-5f0a-49ea-bffe-2dc2447e31d5,"Additionally, air-filled tires have a lower rolling resistance, which means they minimize wasted energy as a tire rolls, which in turn decreases the required rolling effort.",LFQA,1,0,0,0,0.3050002097313628,-1
id,LFQA_gpt3_b4081126-5ca1-4b44-8aa2-af8c7344aa1d,"The main difference between sigma bonds and pi bonds is that sigma bonds are stronger and more directional, while pi bonds are weaker and less directional.",LFQA,1,1,1,1,0.7332965426881932,-1
id,LFQA_alpaca_8e932f92-4472-4316-9aaf-2fc1e2fadcb9,"The file size of digital photos can vary for a variety of reasons, including the resolution of the photo, the compression type, the color mode, and the type of photo editing that has been done.",LFQA,1,1,1,1,0.6075253447473722,-1
id,LFQA_gpt3_whudoc_7ed54688-a139-4007-aae3-92d50e1e3166,"Additionally, researchers can use their knowledge of the surrounding environment and geological features to identify the potential cause of the quake.",LFQA,1,0,0,0,0.2936909110964867,-1
id,LFQA_gpt3_wdoc_86fe92c5-452d-4f89-9dd7-cead00a605c8,"Temperature also plays a role, as heat can heighten the flavors in food, and when fries cool down they lose their original flavor.",LFQA,1,1,1,1,0.7973106489807469,-1
id,LFQA_alpaca_wdoc_39f09606-c01b-452b-b6b9-fbc14ee8936f,"Additionally, if the clothes and towel used are warm, they can immediately warm the body and lead to sweating.</s>",LFQA,1,1,1,1,0.7812445266370411,-1
id,LFQA_alpaca_wdoc_2780445a-4ccd-43ee-bfc8-f2be77a23427,"Firstly, air-filled tires can better absorb and dissipate energy, making the ride smoother and more comfortable.",LFQA,1,1,1,1,0.7525692262860963,-1
id,LFQA_alpaca_wdoc_3528dfed-23b3-4138-9d0f-beb95af3c3b7,"Furthermore, air-filled tires also offer a lower rolling resistance (i.e.",LFQA,1,0,0,0,0.2921569476071221,-1
id,LFQA_alpaca_wdoc_1bd15e86-5f53-417b-8a9f-962db3b33497,Seismologists can determine whether an earthquake was naturally occurring or human-induced by studying the characteristics of the seismic waves generated.,LFQA,1,0,1,1,0.5380295383395577,-1
id,LFQA_gpt3_27b534af-2ccc-4d2e-8b69-743fd0be20c9,Sweating after getting out of the shower is a normal and natural occurrence for many people.,LFQA,1,1,1,1,0.7950821323092906,-1
id,LFQA_gpt3_wdoc_a1cb5be6-5cd2-4ccf-a445-c1514c403339,"This increase in temperature and humidity causes your body to react as if it were exposed to any other kind of heat, resulting in increased sweating.",LFQA,1,1,1,1,0.7992729981124992,-1
id,LFQA_gpt3_93219a5b-9f63-4386-893a-317457a6e7f1,"This reduces the amount of vibration and shock that would otherwise be experienced when driving, which helps to protect the car, its passengers, and other vehicles on the road.",LFQA,1,0,0,0,0.28880742715539137,-1
id,LFQA_alpaca_ed5654bd-154f-4c3e-8741-86fcd522df96,"These molecules formed more complex molecules, which then organized into self-replicating molecules, and eventually into the first living organisms.</s>",LFQA,1,0,1,0,0.428813743662391,-1
id,LFQA_gpt3_whudoc_16b49a4b-1f0f-452e-8c2d-4463f89765c5,"By applying a substance to the ball, a pitcher can gain an advantage that can be the difference between a win or a loss.",LFQA,1,0,0,0,0.337526456126315,-1
id,LFQA_gpt3_5d654d7e-db95-4845-9a70-fabff5a581ac,"Over time, these changes accumulate and lead to the formation of new species.",LFQA,1,1,0,0,0.2962619990401755,-1
id,LFQA_alpaca_wdoc_df801844-bcd6-4c37-aa26-06f6a0282336,"The President of the United States must be born in the United States to be eligible to run because the Constitution stipulates that the President must be a ""natural born Citizen"" of the United States.",LFQA,1,1,1,1,0.7750193306810197,-1
id,LFQA_alpaca_wdoc_7af7a0b7-3594-4851-95c8-47c57a2fc5ea,This in turn raises the body temperature and makes you sweat more.,LFQA,1,1,1,1,0.7746458750060772,-1
id,LFQA_gpt3_wdoc_200d4a0d-bf13-4227-9069-5f75b2ce307b,"In addition, air filled tires are much lighter than solid rubber tires, meaning they require less fuel expenditure, and wear down at a slower rate, meaning they require less frequent replacement.",LFQA,1,0,0,0,0.3362926155241571,-1
id,LFQA_gpt3_wdoc_d2292e44-f13c-4171-9846-6f487c2dc7b7,"Applying a foreign substance to a baseball can give the pitcher a competitive advantage over the hitter by allowing them to have a stronger grip of the ball, thus making it easier to throw with more spin, which increases the amount of movement on the pitch.",LFQA,1,1,1,1,0.7755904986732528,-1
id,LFQA_alpaca_wdoc_13d64a63-1a1e-4cc5-9169-d254af403828,"This is because air-filled tires are able to deform and adjust their shape more easily than solid rubber tires, allowing them to better absorb shocks and bumps in the road.",LFQA,1,1,1,1,0.7881101105972577,-1
id,LFQA_gpt3_wdoc_94519be6-1b82-48b5-adb9-802e2ed3e833,"This is because air is compressible, meaning it can adjust its volume in response to the pressure of the car, and can absorb the shock of striking small obstacles.",LFQA,1,1,1,1,0.7353296750471232,-1
id,LFQA_webgpt_6184f7bf-ce7a-4d0a-be43-ebc8ed544194,There are several ways to determine whether an earthquake was man-made or natural.,LFQA,1,1,1,1,0.8065028147020892,-1
id,LFQA_alpaca_e5adaed5-d57a-455b-a6a4-bcadf72958e7,"Overall, air filled tires are preferred over solid rubber tires due to the better ride and handling they provide, as well as the ease of repair.</s>",LFQA,1,0,0,0,0.289507773206099,-1
id,LFQA_alpaca_0e6fb030-2479-4f77-9b83-fecfa971eaf5,"For example, a 10-megapixel photo in full color mode, with no compression, will have a larger file size than an 8-megapixel photo in low color mode, with lossless compression.",LFQA,1,1,1,1,0.7277690755035909,-1
id,LFQA_gpt3_d268930c-f27e-4321-bf92-d93b0663a593,"Finally, avoiding hot showers and making sure to take cooler showers can help to reduce sweating after your shower.",LFQA,1,1,1,1,0.7744042313286151,-1
id,LFQA_gpt3_whudoc_9d0b4773-7149-4185-93de-e0315b71687a,"When these same fries cool, the starches secrete moisture, which makes its way to the fries’ crust, leaving them soggy and limp.",LFQA,1,0,1,0,0.4699505040629529,-1
id,LFQA_gpt3_wdoc_393185f6-2787-49ab-94ee-1af161b8ab85,"While much progress has been made in understanding this process, there is still no single definitive theory and much remains to be uncovered.",LFQA,1,1,0,0,0.3411775915508739,-1
id,LFQA_gpt3_wdoc_f503c844-ec59-4708-89da-033a554677d3,"If it is at a depth greater than 10km, it is highly unlikely to be an artificial cause.",LFQA,1,1,1,0,0.4777814086056605,-1
id,LFQA_gpt3_whudoc_811558c3-c713-4c60-baed-37b3ead6c00d,"Ultimately, we may never know exactly what happens when we die, but we can make an educated guess based on what our bodies do in the moments leading up to death.",LFQA,1,1,1,1,0.7947737744409957,-1
id,LFQA_webgpt_6a6a424c-ff3c-419f-a280-e9df3ab24aef,The steam that a hot shower produces proves this.,LFQA,1,1,1,1,0.7808194229946201,-1
id,LFQA_gpt3_wdoc_2315c224-92d4-4752-ac6e-dc437aa8c0f6,"Therefore, the file size of digital photos can vary significantly even when the pixel count remains the same.",LFQA,1,1,1,1,0.7971348556041942,-1
id,LFQA_webgpt_4ca4830f-e32d-4a04-b402-10e2b70e5878,A hot shower or bath raises the temperature of your body.,LFQA,1,1,1,1,0.7991510154830823,-1
id,LFQA_gpt3_b71540ba-72ef-416b-a958-cac371fd1069,"Finally, seismologists may analyze the chemical composition of the ground to determine if human activities have altered the physical and chemical properties of the Earth's crust.",LFQA,1,0,0,0,0.28949982567911353,-1
id,LFQA_gpt3_b12755cc-03e7-4762-a7e1-74a5ae509f31,"The file size of digital photos varies depending on several factors, such as the type of file format used, the level of compression, and the quality of the image.",LFQA,1,1,1,1,0.6144719796147136,-1
id,LFQA_gpt3_wdoc_55a228d6-0cd4-429f-aa51-ceb13a0ab380,"They are symmetrical with respect to rotation about the bond axis, whereas pi bonds are formed by sidewise positive (same phase) overlap of atomic orbitals along a direction perpendicular to the internuclear axis.",LFQA,1,1,1,1,0.7453771469960634,-1
id,LFQA_alpaca_wdoc_c477ae0b-3382-4b1b-8c63-37d8aa7788f0,"Evolution occurs when successive generations of organisms inherit different traits, which can be passed down to their offspring.",LFQA,0,1,1,1,0.8013005469276173,-1
id,LFQA_gpt3_wdoc_bba17420-cde5-4f59-94f4-340c48d244f0,"Much more research is needed to fully understand the process, including further study into the experiences of those who have died, as well as investigations into the possibilities of life after death.",LFQA,0,0,0,0,0.2841290507602682,-1
id,LFQA_alpaca_1ba8be5c-2aa8-45a7-ae18-189755715a21,Evolution is the process by which populations of organisms change over time in response to their environment and genetic factors.,LFQA,0,1,1,1,0.8065787599995023,-1
id,LFQA_alpaca_wdoc_f60f2ecd-de39-44d8-b721-df6f0c197e4e,"In contrast, pizza contains mostly bread and cheese, which are more resistant to extreme changes with heat.",LFQA,0,0,0,0,0.28653738821738883,-1
id,LFQA_alpaca_852f0dba-7961-4435-be11-0ce9d3732463,"Over time, these changes can result in new species, adaptations to different environments, and the evolution of new organisms.",LFQA,0,1,1,1,0.6111503030823645,-1
id,LFQA_gpt3_90a6edbd-7883-421c-8d3e-98cef925a690,"If an artificial trigger can be identified, it is likely that the earthquake was human induced.",LFQA,0,0,0,0,0.28774735546703734,-1
id,LFQA_gpt3_f59cd2a9-e95f-4af9-a0cf-7d1262ee34c8,It is impossible to definitively answer this question since we do not know what happens after death.,LFQA,0,0,0,0,0.2903405238381992,-1
id,LFQA_alpaca_wdoc_1185b1db-9d7d-4570-944b-4a819d3d2ab4,This increases the difficulty of the batter to make contact and makes it more likely that the pitcher will get away with a called strike or a swinging strike.,LFQA,0,0,1,0,0.43563343194442644,-1
id,LFQA_alpaca_wdoc_2d608555-1333-4707-88e1-d8c0fcb3cbcc,It is worth the risk because it is difficult for the umpires to detect and the penalty for being caught is relatively minor.</s>,LFQA,0,0,0,0,0.28630066459996145,-1
id,LFQA_alpaca_b9d2a0da-70d7-446d-9091-8746a747fcb5,"It is difficult to know for certain what happens when we die, as each person's experience is unique and no one can know for certain what lies beyond this life.",LFQA,0,1,1,1,0.6894792215341345,-1
id,LFQA_alpaca_wdoc_f96939c1-f667-40d3-80a6-ddeb466ee8d3,"Additionally, air-filled tires are easier and less expensive to manufacture than solid rubber tires.",LFQA,0,0,0,0,0.2863080488295117,-1
id,LFQA_gpt3_56dcc063-90e4-4ba8-aabd-fcc9c108cb44,"Additionally, seismologists may examine the geological structure of the region to determine if human activity has changed the stress conditions in the Earth's crust, which could potentially induce an earthquake.",LFQA,0,0,0,0,0.28702745386455686,-1
id,LFQA_alpaca_df228228-af5b-4a5c-bb1c-220487b9bfdd,"This means that the President must be born in the United States, or its territories, or on a military base, to parents who were both citizens of the United States.",LFQA,0,0,0,0,0.29789564738694374,-1
id,LFQA_alpaca_bc215922-b09d-48d7-ae23-7dfd655047a5,"Therefore, it is worth the risk for a pitcher to use these substances because it could mean the difference between a hit and an out.</s>",LFQA,0,0,0,0,0.2910540050071676,-1
id,LFQA_gpt3_whudoc_b728e817-36bc-4900-8bb8-40aea1ec9cda,"Evolution is the process of change over time, and it occurs through a series of adaptations that help organisms better survive and reproduce in their environment.",LFQA,0,1,1,1,0.793051951473288,-1
id,LFQA_gpt3_whudoc_1d6759a4-334f-48b2-a192-59c148b3960e,This should be avoided at all costs.,LFQA,0,0,0,0,0.3799758793044403,-1
id,LFQA_gpt3_94ee1124-1145-49c7-a996-132e495ad84d,Some individuals may also find comfort in talking to a spiritual advisor or counselor who can offer guidance and support during difficult times.,LFQA,0,0,0,0,0.28670805882978323,-1
id,LFQA_gpt3_9142b8c7-6542-451d-a60e-b339e28cebf2,"By ensuring that the President is someone who was born in the United States, the framers of the Constitution sought to ensure that the President would have an understanding of and a commitment to the country and its citizens.",LFQA,0,0,1,1,0.5821704029975978,-1
id,LFQA_gpt3_b6396f95-0f70-4c2c-b3d2-0ee83fb7d25b,"Once these organisms appeared, the process of evolution began, culminating in the diversification of life we see today.",LFQA,0,1,1,1,0.783280856496064,-1
id,LFQA_gpt3_4a493458-9f1e-4bef-8361-596fc9c8e621,"Overall, the differences in the components of french fries and pizza are the reason why french fries tend to taste awful when reheated, while pizza can still taste good after being reheated.",LFQA,0,0,1,1,0.5366669341187069,-1
id,LFQA_gpt3_5231ef61-060d-4c03-b93f-69c639119944,"In conclusion, evolution is the process by which species change over time through genetic mutations and natural selection.",LFQA,0,0,1,1,0.7868753909521168,-1
id,LFQA_gpt3_20de9b26-6d6b-431d-a584-a978dc43a212,This requirement is in place to ensure that the President is someone who is committed to the values of the United States and to the best interests of the nation.,LFQA,0,1,1,1,0.7917909904087559,-1
id,LFQA_gpt3_whudoc_767e7f0a-9033-4b02-b082-f541792439f9,"Through this gradual process of abiogenesis, natural selection, and random genetic mutation, the first living organisms were created.",LFQA,0,1,1,1,0.60777937910977,-1
id,LFQA_gpt3_f129392a-5cbd-4cdf-a963-c0b5b0ecd5ee,"Different file formats use different levels of compression, which can affect the file size.",LFQA,0,1,1,1,0.7998860445403903,-1
id,LFQA_gpt3_e1abb265-e3e5-4229-b694-edd8278d4040,"It is a slow and gradual process that can take thousands, millions, or even billions of years.",LFQA,0,0,0,0,0.2797688130827044,0
id,LFQA_gpt3_c452366a-5d76-4350-9245-5f5b122535ad,"Others believe that our consciousness is extinguished at death, and that there is no afterlife.",LFQA,0,0,0,0,0.28639527496151895,-1
id,LFQA_gpt3_19c3b79e-82f1-4bf2-8381-59ff86bbc282,"Additionally, wearing loose, breathable clothing will help to keep your body temperature down.",LFQA,0,0,0,0,0.27434046694127273,0
id,LFQA_alpaca_wdoc_0ba50036-007f-4c42-ba0e-f8bccdda7db4,The short answer is no.,LFQA,0,1,1,1,0.61202713755755,-1
id,LFQA_gpt3_whudoc_5b557fa6-ffab-4eac-b3ac-15571df65d08,The first living organisms likely came about through a process called abiogenesis.,LFQA,0,1,1,1,0.7986656730858399,-1
id,LFQA_gpt3_86fc148a-1957-4a4e-8e20-0abc56180985,"As species evolve, they become better adapted to their environment, leading to the diversification of life on Earth.",LFQA,0,0,0,0,0.27911724132466514,0
id,LFQA_alpaca_wdoc_b24a1929-28e1-4cf0-a055-893691a37c55,"Over time, these changes can result in new species and even major changes in the structure of organisms.",LFQA,0,0,0,0,0.289517438975634,-1
id,LFQA_gpt3_4cda95e3-a020-47ee-a753-574b6726d84d,"As the pizza is reheated, the dough begins to crisp and the toppings heat up, releasing their flavors.",LFQA,0,0,0,0,0.45812090713052506,-1
id,LFQA_gpt3_412f3220-b8e0-427b-bc18-abdebfca76e7,The President of the United States is the head of the executive branch of the federal government and so it is important that the person who occupies this role is a natural-born citizen of the United States.,LFQA,0,1,1,1,0.7801635126291876,-1
id,LFQA_alpaca_fcb72f1a-e616-4dce-af55-51bb6ed7324a,"Sigma bonds are bonds that involve the sharing of a pair of electrons between two atoms, while pi bonds involve the sharing of a pair of electrons between three atoms.</s>",LFQA,0,1,1,1,0.5920351302221413,-1
id,LFQA_gpt3_992df38b-480f-4f33-8394-7f51b11460c2,"If the photo is of a high quality, the file size will be larger since more data is needed to accurately represent the image; if the photo is of a low quality, the file size will be smaller since less data is needed to accurately represent the image.",LFQA,0,1,1,1,0.7869220411383385,-1
id,LFQA_gpt3_2d6b1f78-7e04-42a3-8807-83db1e63d6f3,"They are directional, meaning that they can only be formed in a specific way, and they can be either single or double bonds.",LFQA,0,1,1,1,0.6428276315149565,-1
id,LFQA_alpaca_ebdc423e-3ea1-4cef-99e0-0a6b489073f1,"The first living organisms likely arose from simple molecules, like methane and ammonia, in the presence of energy and water.",LFQA,0,1,1,0,0.4956163237742124,-1
id,LFQA_gpt3_21e4e2aa-acd1-4382-a1c1-fe82c8dd5776,"For example, the JPEG format is lossy and uses a high level of compression; this means that the file size will be smaller, but the image quality will be lower.",LFQA,0,0,0,0,0.323895606369715,-1
id,LFQA_alpaca_454b9427-c199-44d6-9963-d0cfc0861f43,"This can make it difficult for the batter to make contact with the ball, resulting in a strike or a swing and miss.",LFQA,0,1,1,1,0.5194487265419238,-1
id,LFQA_gpt3_68e85db1-90f3-49cd-8c88-d26c83f444b7,"Natural selection is the process by which the most suitable traits and characteristics are passed down from one generation to the next, enabling species to survive and adapt to their environment.",LFQA,0,0,1,1,0.6344209255695685,-1
id,LFQA_gpt3_whudoc_7a62a7e4-de23-4ccd-aa61-9409a2973e13,"However, for a pitcher who is looking for an edge over their opponents, the risk is often worth the reward.",LFQA,0,1,1,1,0.7592465580871566,-1
id,LFQA_gpt3_9e6fce8c-1cc3-4824-9f34-ca8fe78da05b,This creates a texture and flavor similar to when the pizza was freshly made.,LFQA,0,0,0,0,0.3982377418465612,-1
id,LFQA_gpt3_f504f1e7-5b05-4732-9310-7f6b8d909b93,"This is because the air provides an extra layer of protection, making it harder for sharp objects to puncture the tire wall.",LFQA,0,0,0,0,0.2984674183884689,-1
id,LFQA_alpaca_6aa4f841-7f44-4ea3-ac6c-594ea9003a91,"Reheating pizza, on the other hand, generally involves lower temperatures to warm it up, which does not cause the same reaction and does not produce free radicals.</s>",LFQA,0,0,0,0,0.27716349450172884,0
id,LFQA_gpt3_7e2e86e5-bd1c-4719-ac6b-c196cbcc4607,"Genetic mutations gave rise to variations in traits and characteristics, which then led to natural selection.",LFQA,0,1,0,0,0.282451121231623,-1
id,LFQA_alpaca_wdoc_dab18d72-6230-43fb-8194-62f7f0b30f1a,"Furthermore, the high melting point of cheese means that it will not be as affected by microwave radiation, and the starches in the bread are less likely to cause a soggy, limp mess.",LFQA,0,0,1,0,0.44280472450556563,-1
id,LFQA_alpaca_a2f1b11c-6995-4a4b-aae3-fa332081064f,"Additionally, reheating can cause the fries to become dry and crumbly as the moisture is lost.",LFQA,0,1,1,1,0.6838384311401134,-1
id,LFQA_webgpt_40a66b38-b0fb-4801-88f7-bd1383e90d9b,"Sigma bonds are the strongest kind of covalent bond, and pi bonds are the weakest.",LFQA,0,1,1,1,0.7922722306525317,-1
id,LFQA_gpt3_157607dc-18b2-45ac-b9cb-78f247df1930,"Additionally, the toppings also help to keep the crust from drying out, which helps to keep it from becoming too hard or crunchy.",LFQA,0,0,0,0,0.2752118098325537,0
id,LFQA_gpt3_0b5b2908-133f-4af3-838d-82b1f8133225,Evolution is the process in which species change over time through genetic mutations and natural selection.,LFQA,0,0,1,1,0.7874514210917043,-1
id,LFQA_gpt3_d2cafc4a-82e4-4260-bdba-8b8502696411,"Even if a tire does go flat, it is much easier and less expensive to replace than a solid rubber tire.",LFQA,0,0,0,0,0.34114909798794124,-1
id,LFQA_webgpt_daee6d92-aed4-4ec4-b05a-1f31d7b5b5b0,"Natural earthquakes occur at depths of less than 10 kilometers, while nuclear tests typically occur at depths of less than 5 kilometers.",LFQA,0,0,0,0,0.4652956366483526,-1
id,LFQA_gpt3_3a677537-f83e-4a18-8e1a-dfc7045a5a73,"When they are first cooked, the high temperature of the oil seals the outside of the fries and locks in the moisture inside.",LFQA,0,0,1,0,0.4748881396320485,-1
id,LFQA_gpt3_wdoc_cb993982-f29a-4ac5-a6ab-f08676127e40,"While Parnia's research is promising, it is only the beginning of a long journey to understanding the nature of death.",LFQA,0,0,0,0,0.2743327523943264,0
id,LFQA_gpt3_a5f65d98-4493-426f-b6d3-118aa9e247da,"But by living our lives to the fullest and cherishing the time we have with loved ones, we can find comfort in knowing that death is an inevitable part of life and that our memories will remain with us forever.",LFQA,0,0,0,0,0.3025972322447872,-1
id,LFQA_gpt3_05c98976-93e2-4355-a042-9b414a7ec024,"Ultimately, what happens when we die is a mystery that we may never truly know.",LFQA,0,1,0,0,0.2875696219573906,-1
id,LFQA_gpt3_fe50ebfb-1fa4-4c16-8645-e5486dee616b,"While no one knows for sure what happens when we die, many cultures have developed rituals and traditions that help to ease the fear associated with the unknown.",LFQA,0,0,0,0,0.2850871655309235,-1
id,LFQA_alpaca_wdoc_cae0a045-c1a9-48de-b662-d261a799d895,"As such, reheating pizza results in a comparable taste to that of freshly made pizza.</s>",LFQA,0,1,0,0,0.3329302542686953,-1
id,LFQA_gpt3_d589c0a8-2408-4139-ac53-19e0a3b9f8f0,"This is important not only because it increases fuel efficiency, but also because it reduces the overall weight of the vehicle, meaning that it accelerates faster, takes less time to stop, and is more maneuverable.",LFQA,0,0,0,0,0.28885352921428187,-1
id,LFQA_gpt3_whudoc_68148939-9e04-4d2c-baee-84d8e3078173,The process of evolution is often driven by natural selection and random genetic mutation.,LFQA,0,1,0,0,0.30693552714409367,-1
id,LFQA_alpaca_66db89ec-cf27-45a2-b67e-3e57594e9a32,"French fries are generally fried in oil, so when reheated the oil starts to break down, leading to the production of free radicals which are unhealthy chemicals that can cause cell damage and lead to premature aging.",LFQA,0,1,1,1,0.79146885082659,-1
id,LFQA_gpt3_89f4226b-9d1a-4ba4-9a60-142738eb1df0,"Additionally, this requirement helps to ensure that the President is someone who has a clear understanding of the Constitution and the laws of the United States.",LFQA,0,0,0,0,0.26953397597206896,0
id,LFQA_gpt3_d4735da5-d54b-4952-8c97-844b9800f9ca,These traditions often involve honoring the deceased and celebrating their life and memory.,LFQA,0,0,0,0,0.28656494235145763,-1
id,LFQA_gpt3_whudoc_62eae227-dcd5-47d7-a5ca-e9b3ae34e2bd,"For instance, in areas with oil and gas production, it is more likely that an earthquake was human-induced, whereas in more remote and unpopulated areas, it may be more likely that the quake was naturally occurring.",LFQA,0,0,0,0,0.2868314465607393,-1
id,LFQA_gpt3_4cad7e4c-0f99-4b8e-9581-89a31453cad0,"On the other hand, the PNG format is lossless and uses a low level of compression; this means that the file size will be larger, but the image quality will be higher.",LFQA,0,0,0,0,0.27459878980672187,0
id,LFQA_gpt3_7993ea90-12a4-462e-93a2-932f846d0966,This is because pizza is usually made with a doughy crust and a variety of toppings that are generally low in moisture.,LFQA,0,0,0,0,0.4176940622924887,-1
id,LFQA_gpt3_b4eae2db-02a0-4904-8c8c-929eeca26fb3,"Some people believe that after death, souls can either ascend to a heavenly realm or be reincarnated into another form.",LFQA,0,0,0,0,0.2884984461776292,-1
id,LFQA_gpt3_whudoc_e1f8fca3-8849-4b71-9114-03737b1c03a1,"Abiogenesis is the process by which life is thought to have arisen from non-living matter, such as chemicals and gases.",LFQA,0,1,1,1,0.7977680710178471,-1
id,LFQA_alpaca_e6ae6342-0aa2-4393-a3a9-8257d0fcd691,"Should there be a problem with a tire, it can easily be repaired by patching up the small hole or puncture.",LFQA,0,0,0,0,0.29009975927579695,-1
id,LFQA_gpt3_whudoc_f027f857-2db8-4412-b41b-eff5adeaec5a,"Random genetic mutation is the process by which new genetic information is created and passed on from one generation to the next, allowing organisms to adapt to new environments.",LFQA,0,1,1,1,0.7646294495363518,-1
id,LFQA_gpt3_1056b862-ed44-40a6-9016-9c55f2764a69,"French fries are usually made from potatoes that have been cut into thin strips, deep-fried in oil, and seasoned with salt.",LFQA,0,0,0,0,0.2851355293364587,-1
id,LFQA_gpt3_c05dd9c4-8b6f-4841-a16b-03452c09ded5,All of these methods can provide seismologists with valuable information to help them determine whether an earthquake was naturally occurring or human induced.,LFQA,0,0,0,0,0.30571858898591053,-1
id,LFQA_gpt3_wdoc_137a1108-d6d1-485c-bde6-60c1cc98105b,"Pizza, on the other hand, is comparable whether fresh or reheated because the ingredients used in pizza are typically more robust and resistant to changes in temperature, meaning the flavor and texture remain the same when reheated.",LFQA,0,0,0,0,0.2770089077749513,0
id,LFQA_gpt3_whudoc_b1c804ba-60a2-4677-81f6-cddda397200c,"As these building blocks continued to accumulate, they eventually developed into more complex structures, such as microbes.",LFQA,0,1,1,1,0.7939281762589536,-1
id,LFQA_gpt3_whudoc_71c1d074-e1ce-465b-9e8b-85ffbbe463ba,"Finally, air filled tires do not run the risk of going flat, which is an added benefit as flat tires can be a major inconvenience.",LFQA,0,0,0,0,0.3996830034620669,-1
id,LFQA_gpt3_2cdd75de-9e1d-4d94-894d-9c53b4ece91c,"However, when they are reheated, the outside of the fries begins to dry out and the moisture inside escapes, leaving them dry and unpleasant to eat.",LFQA,0,1,1,1,0.6535046001312075,-1
id,LFQA_alpaca_a877392f-ad01-49bc-a190-9164d2e46b1b,Your body temperature may be higher than usual and your pores may be open and more likely to sweat.,LFQA,0,1,1,1,0.7977119807038012,-1
id,LFQA_gpt3_7c55f7a2-d407-4bc6-9c22-065107a0a6c6,"In comparison, pizza is a dish that can be reheated relatively easily.",LFQA,0,0,0,0,0.28197851413356245,-1
id,LFQA_alpaca_dac8017f-d65b-4316-8877-3ab341d89ce5,"To determine whether an earthquake was naturally occurring or human induced, seismologists analyze the source region of the earthquake by collecting data from the epicenter and surrounding areas.",LFQA,0,0,1,0,0.46940514503040226,-1
id,LFQA_gpt3_whudoc_4de3369c-0cb9-4770-b6b1-07bde6aba739,The risk of applying a foreign substance to a baseball is that it can be detected by the umpires and it can lead to a pitcher being ejected from the game.,LFQA,0,0,0,0,0.28688703196185794,-1
id,LFQA_gpt3_6f2b5826-c0b0-4b41-ad3b-3d9df344b155,"French fries are a classic snack that many people enjoy, but they can be tricky to get right when reheated.",LFQA,0,1,1,1,0.7500581071951318,-1
id,LFQA_alpaca_a3dabe63-6d74-4791-9fc0-137059359b30,"Additionally, adjustments such as cropping and resizing can affect the file size.",LFQA,0,0,0,0,0.334511139817726,-1
id,LFQA_gpt3_whudoc_8f45a51a-e6f9-4426-b00b-e11cca7abd03,"Natural selection is the process by which the traits of an organism become more or less common in a population over time, depending on how well they help the organism survive and reproduce.",LFQA,0,1,1,1,0.7980456743834455,-1
id,LFQA_gpt3_wdoc_bf183e1b-78ed-4d61-a05e-b646ca531a95,"The risk of being caught and suspended is worth it to some pitchers since the competitive advantage can be so great, as it can make them more successful in games, thus helping their team win.",LFQA,0,0,0,0,0.2864321697136327,-1
id,ExpertQA_1324591f-60fc-4c19-99a3-75983f79fcf1,Quality Assurance (QA) is crucial when translating a text for several reasons[1].,ExpertQA,1,1,1,1,0.7846948427896209,-1
id,ExpertQA_b6af6dd1-c531-45ac-bf45-f7e43a586a88,"According to some sources[1] [3], bacterial infections can cause cancer by two main mechanisms: **induction of chronic inflammation** and **production of carcinogenic bacterial metabolites**.",ExpertQA,1,0,0,0,0.34551427959824393,-1
id,ExpertQA_a43562d2-1f6f-4bf5-b893-35e0e0d48e6a,"During a squat, if the knees fall inwards, it generally indicates weak hip abductor muscles, specifically the gluteus medius and gluteus minimus, as well as weak external rotators  [1].",ExpertQA,1,0,0,0,0.29614970552153524,-1
id,ExpertQA_53f0236b-4f31-48e3-9e7a-7c4d7cdaff33,"To provide therapeutic support to a child whose parents have experienced a recent miscarriage, professionals should adopt a sensitive and age-appropriate approach, using emotional support, open communication, and providing psychoeducation about the concept of loss  [1].",ExpertQA,1,0,0,0,0.3666355539649045,-1
id,ExpertQA_2d638505-2cbd-435d-9389-a7d2717b3be7,"Moreover, other physiological and anatomical differences, including gene expression, suggest differences in brain structure between males and females [2].",ExpertQA,1,0,0,0,0.28885223362839474,-1
id,ExpertQA_a2eaff91-e3ee-42a7-8994-f7c4767659d4,"Before making a choice between cryptocurrencies and stocks, take the time to understand your risk tolerance, financial goals, and investment strategy[9].",ExpertQA,1,1,1,1,0.7823178956193969,-1
id,ExpertQA_738e1df4-d06e-4f75-a2b3-03ac4e19cf6d,"Sell the dream by creating a vision of the prospect's life after purchasing your product or service, appealing to their logic and emotion [2].",ExpertQA,1,1,1,1,0.771544203166009,-1
id,ExpertQA_127644e1-b635-4d1e-96f8-3f5db71eb901,"DataOps will become more widespread in organizations as data drives business, with cloud consolidation for data management continuing, enabling companies to access end-to-end modern data platforms that include data collection, management, quality, analytics, and more[2].",ExpertQA,1,1,1,1,0.7860028956818296,-1
id,ExpertQA_a9830103-9f58-45f8-b4d7-58ba153a19be,"However, the future of journalism is uncertain, as it depends on various factors such as technological advancements, audience preferences, and the media industry's ability to navigate ongoing challenges [4].",ExpertQA,1,1,1,1,0.6802310083573008,-1
id,ExpertQA_082acf61-b625-400e-8735-c8888e347cd4,"In contrast, contemporary architecture refers to current and varied building practices, reflecting ongoing developments and trends in design, materials, and technologies [11].",ExpertQA,1,1,1,1,0.527355669019003,-1
id,ExpertQA_541daf3a-28a1-4e22-a1e4-09d19851343b,Providing age-appropriate information about the situation can help the child understand and cope with the loss [3].,ExpertQA,1,1,1,1,0.7976930918457981,-1
id,ExpertQA_547a3319-62b2-42db-830a-cb3d436f4867,"For example, you can read **Novels About Japan: books set in Japan to inspire travel**[8], which mentions some of Mishima's novels and their settings.",ExpertQA,1,1,1,1,0.7660382520441277,-1
id,ExpertQA_b857c5d3-ead2-4af5-b041-1a8d89861485,"Therefore, it is commonly suggested that the development and implementation of quantum computers may signal the ""death"" of public-key encryption, as currently used[1].",ExpertQA,1,0,1,1,0.502815076226061,-1
id,ExpertQA_d5e6eee0-4056-4e82-a4a0-781bc8996b8b,"These differences may impact the comparative advantage of countries, trade costs, and serve as non-tariff barriers to trade[2].",ExpertQA,1,1,1,1,0.8005423824288777,-1
id,ExpertQA_c1bb17be-7678-43b7-b5d8-aad87e594d8a,"Third, regulatory differences may serve as non-tariff barriers to trade, inhibiting the flow of goods and services between countries[10].",ExpertQA,1,1,1,1,0.8015954735200398,-1
id,ExpertQA_9e014f54-f7b9-4d78-bead-21dd5eac8f85,"The UN could create resolutions, establish specialized committees, and facilitate negotiations to promote dialogue and advocate for fair treatment of the colonial territories [2].",ExpertQA,1,1,1,1,0.7874195221777881,-1
id,ExpertQA_8bc1dc9c-292f-4513-b5ef-45de27f5a506,Determine the density of the asphalt mixture you are using[6].,ExpertQA,1,1,1,1,0.7173495747123881,-1
id,ExpertQA_f05aa2fa-94b9-483b-9101-c3412b5f436a,This allowed for greater emotional depth and flexibility in conveying the text and was groundbreaking in the development of operatic recitative[3].,ExpertQA,1,0,0,0,0.27391191476535093,0
id,ExpertQA_817786c2-f496-45d1-83f2-515db976da5c,Professional accountancy organizations play a crucial role in providing support for accountants facing ethical dilemmas [1].,ExpertQA,1,1,1,1,0.7981083243327489,-1
id,ExpertQA_f4b7a2b9-75da-417d-be02-2f71fd0a8a8c,"Despite being misunderstood and reduced to attitudes about comfort and pleasure, the core ideas of Epicureanism still resonate with people today [2].",ExpertQA,1,0,0,0,0.3119778860722259,-1
id,ExpertQA_7fcff6e4-9ab6-472c-bd77-1c496434574c,"They can do this by offering professional advice services, maintaining expert ethics hotlines, and coordinating mentoring networks and peer-to-peer resolution groups [2].",ExpertQA,1,1,1,1,0.7821307737671326,-1
id,ExpertQA_430ace28-28b6-4c53-805c-77958b9410af,The Nottingham Prognostic Index (NPI) is a clinicopathological staging system used for primary breast cancer prognosis [5].,ExpertQA,1,1,1,1,0.7906222151607021,-1
id,ExpertQA_d1ec8224-4027-4263-80fe-8b2aa11cb81a,These muscles are responsible for stabilizing the hips and knees and preventing knee valgus (knees falling inwards) during the squat movement [2].,ExpertQA,1,0,0,0,0.2929455315401883,-1
id,ExpertQA_7148f088-4f5f-429c-8c07-a58d42365c89,"In summary, while safety and serviceability will always be paramount in bridge design, the aesthetic aspect is also crucial to create structures that contribute positively to landscape and city appearances [1] [3].",ExpertQA,1,0,0,0,0.28953795161090257,-1
id,ExpertQA_6f07f569-fbad-460d-b29c-7163203fda74,"If a vessel detects another nearby vessel, it must determine if there is a risk of collision[4].",ExpertQA,1,1,1,0,0.4821102107201766,-1
id,ExpertQA_2b2d2c32-7e05-43a0-97c1-a9e48f5e2825,"By highlighting the importance of mindfulness and awareness, these therapies enable individuals to respond more effectively to psychological distress in everyday life [6].",ExpertQA,1,1,1,1,0.7446774955559805,-1
id,ExpertQA_de5e63fe-7afa-4396-9ea6-b24042ac32ea,The MTTR formula is given by: MTTR = Total Downtime / Number of Failures [2].,ExpertQA,1,0,0,1,0.5010260559352442,-1
id,ExpertQA_557062f4-374e-4f94-8808-d2f754b6428f,"Specific treatments and approaches used in CBT, such as behavioral activation and thought logs, have been empirically validated in their effectiveness against depression [2][4].",ExpertQA,1,1,1,1,0.7735015496181555,-1
id,ExpertQA_f69095d2-f8b6-4260-b710-4fd09420c17b,"Documentation becomes excessive and starts to detract from quality itself when it creates unnecessary complexity, hinders productivity, and reduces flexibility in the system  [1].",ExpertQA,1,0,0,0,0.2870070704930732,-1
id,ExpertQA_3b14f0fe-219e-4b5f-bad8-9d882582ee1e,"Some of the most profitable fish to breed are **dwarf cichlids**, **wild caught cichlids**, **discus**, **zebra pleco**, **clownfish**, and **yellow tang**[7].",ExpertQA,1,1,1,1,0.6063403943653074,-1
id,ExpertQA_cc5514c8-8b6c-41f6-b308-31173bc392ee,This may involve disconnecting affected hosts from the network and isolating any critical systems [3].,ExpertQA,1,0,0,1,0.508051668286818,-1
id,ExpertQA_0c451c88-2e18-45ea-a005-498c920b6375,"Rule 19 of the International Regulations for Preventing Collisions at Sea (IRPCS) 1972, also known as the Collision Regulations (COLREGs), focuses on how to navigate safely in situations where visibility is restricted, such as during fog, heavy rain, or darkness  [1].",ExpertQA,1,0,0,0,0.44657234915336813,-1
id,ExpertQA_17a25e3e-b8d6-40be-a9c9-ecb4c891a2a2,"Study the basics of linear perspective: Learn about one-point, two-point, and three-point perspective, and understand the concepts of the horizon line, vanishing points, and converging lines [2].",ExpertQA,1,0,1,0,0.42394850949271096,-1
id,ExpertQA_a88ab820-8f43-465c-969a-f2cecc31c4c3,Awarding points or rewards based on race progress: Encourage players to focus on racing by awarding points or in-game rewards based on their performance and progress in the race[7].,ExpertQA,1,1,1,1,0.8046454427997916,-1
id,ExpertQA_6ce2698e-692a-4403-b8d7-2994e11c546a,"Implementing DLP technologies, such as network DLP, endpoint DLP, and data discovery tools, can help detect and prevent data leakage incidents [4].",ExpertQA,1,1,1,1,0.7407948649766767,-1
id,ExpertQA_20d0897e-ba19-4a5b-a736-d46bf9d9a733,"The treatment for stage II prostate cancer involves several options, including active surveillance, surgical removal of the cancer with radical prostatectomy, or radiation therapy with brachytherapy or External Beam Radiation (EBRT) [1] [2] [4].",ExpertQA,1,0,0,0,0.3114168330545242,-1
id,ExpertQA_621370af-e6aa-4016-9f66-45223bd47120,"Contemporary architecture, on the other hand, may encompass multiple architectural styles that are the result of continuous innovation and experimentation [6].",ExpertQA,1,0,1,0,0.43008643617419035,-1
id,ExpertQA_5ccc9e88-6e3f-4b99-ada2-444021c776d5,"Visual agnosia can impair the ability to recognize objects, faces, colors, or shapes[3].",ExpertQA,1,0,0,0,0.3963004880643147,-1
id,ExpertQA_2843550c-01f3-45b9-afe4-7d814373dd35,"According to [2], there are two classes of models for infinity categories: geometric and algebraic.",ExpertQA,1,0,1,1,0.6324201144803582,-1
id,ExpertQA_40829873-1b69-4fe6-b09b-b24b43c0389b,"However, it is important to note that developing countries often experience higher population growth than developed economies, which can affect per capita income [1].",ExpertQA,1,1,1,1,0.8088376078293111,-1
id,ExpertQA_3d9f67c3-5fab-4476-9287-93ca09a55d86,This inquiry often involves assessing considerations of fairness and policy that may limit the scope of liability[2][4].,ExpertQA,1,0,0,0,0.28687960392893086,-1
id,ExpertQA_8899a3eb-d794-485b-9533-98f797884ee8,"His genius manifested in numerous inventions, scientific theories, and some of the most famous artworks, such as the ""Mona Lisa"" and ""The Last Supper"" [3].",ExpertQA,1,1,1,1,0.6770390808910335,-1
id,ExpertQA_089ad585-6f09-4955-965b-73b024d2d113,"The relaunch of the Public Law Outline (PLO) emphasizes the need for a more efficient and effective approach to family court proceedings involving children, particularly in public law cases [1].",ExpertQA,1,0,0,0,0.29514589564060045,-1
id,ExpertQA_4512818f-568e-4be7-89b2-d41566407887,"One possible way to solve the shortage of water in a world with only salt water is to use **desalination**, which is the process of getting salt out of saltwater so that it’s drinkable and usable on land[3].",ExpertQA,1,1,1,1,0.7127715032787895,-1
id,ExpertQA_ecc7bd91-789f-46ff-b017-745f0c9ce210,"In this case, you may direct your claim against the police department responsible for your wrongful arrest and detention [1].",ExpertQA,1,1,1,1,0.7820855536452803,-1
id,ExpertQA_a71701e3-883d-4ac1-9f13-eb287bbd05eb,"Such relationships could in a way be seen as an ""anarchy of friends"" where various social structures are possible without having to fall into a simplified friend/enemy dynamic[3].",ExpertQA,1,1,1,1,0.8011525346031152,-1
id,ExpertQA_2bac78a8-dabf-4f72-ad9f-6fb1546225f7,Creating a culture** of learning and information sharing that supports challenging and updating mental models[8]. - **,ExpertQA,1,0,1,1,0.5762970380668172,-1
id,ExpertQA_22d2f3dd-a98c-4093-b848-5689b60e2982,"In addition to a healthy diet, other lifestyle factors such as regular physical activity, maintaining a healthy weight, not smoking, and moderate alcohol consumption can also contribute to longevity [1] [6].",ExpertQA,1,0,0,0,0.4038977670827479,-1
id,ExpertQA_dbfb28a6-7f0e-40cd-9f4d-238917fb354b,It is essential for patients to gather as much information as possible about each treatment option and get multiple opinions before deciding on a treatment plan [1].,ExpertQA,1,1,1,0,0.42065037265863237,-1
id,ExpertQA_0aa9947e-2fec-4e1e-8207-a0a6a1cb8789,"Factors contributing to this low divergence include recent speciation events, rapid morphological evolution, and weak genetic isolation among species, which lead to a lack of differentiation in mitochondrial DNA sequences such as the COI gene  [3].",ExpertQA,1,0,0,0,0.3302583422319431,-1
id,ExpertQA_e99d576e-595b-46bf-a9ff-263cde1766ee,"Since many methods require a high vacuum environment, sample preparation and handling procedures must be careful to minimize contamination, which can be challenging depending on the material and methodology used  [6].",ExpertQA,1,0,0,0,0.33842195738090763,-1
id,ExpertQA_be5bb543-4c80-4034-bb9e-48c2a4f6effb,"For a 75kg epileptic patient with 4L of blood, it is important to consult a medical professional for personalized advice and treatment plan[1].",ExpertQA,1,0,1,1,0.521296229898083,-1
id,ExpertQA_5163c07a-90d6-4623-b0fb-929e97f29b7e,"Additionally, DataOps will play a significant role in fostering collaboration across groups and enhancing the transparency and effectiveness of the analytics process hub by integrating all processes[4].",ExpertQA,1,0,0,0,0.2895406516287304,-1
id,ExpertQA_e203cf3e-a247-4b04-affa-5bd8c57eba27,Intensive statin therapy is typically used to achieve this LDL cholesterol target level [2].,ExpertQA,1,0,0,0,0.4547843384468397,-1
id,ExpertQA_3f05ab80-c52d-4039-aecc-7d73b981e802,Stay calm** and avoid escalating the situation by yelling or threatening[1]. - **,ExpertQA,1,0,0,0,0.37063953607270284,-1
id,ExpertQA_80b59afe-b356-4920-aba0-5024856ec8b3,"Lastly, satellite communication is more economically viable in areas where laying fiber optic infrastructure would be logistically difficult or financially unfeasible, especially in rural or remote areas [4].",ExpertQA,1,1,1,1,0.7806684445410058,-1
id,ExpertQA_e3c03c9e-4618-4338-a3ed-0e841b51e10a,"Ideal Conditions: Simulation models might not include all the environmental factors that influence the performance of an emergency braking system, such as road surface conditions, weather, or lighting[4].",ExpertQA,1,0,0,0,0.29229346136833617,-1
id,ExpertQA_1665f663-8d66-4289-b64e-49b7f0de640e,"According to the web search results, some of the factors that may affect the design and location of the shelter are:  - The **duration** of the displacement: whether it is short-term or long-term[2]. -",ExpertQA,1,0,0,0,0.4564791944335477,-1
id,ExpertQA_d1bf0a2d-168e-4b9d-891e-bb1d9ce482ba,You can access these documents through platforms such as Google Scholar  or JSTOR [5].,ExpertQA,1,1,1,1,0.809717689455443,-1
id,ExpertQA_4be2e155-98db-4f15-a428-5c8446ed6050,"The development of ""da capo"" arias, where the initial section of an aria is repeated at the end, following a contrasting middle section [4].",ExpertQA,1,1,1,1,0.7937708209808647,-1
id,ExpertQA_fe0de8ef-4687-4c77-9ddf-949f2b88c2eb,"In this particular case, to calculate plant A's MTTR based on average specs available online, you would need to search for general plant metrics applicable to that specific industry or plant type[5].",ExpertQA,1,0,0,0,0.4232420160499531,-1
id,ExpertQA_2d152be2-39bb-4c03-b234-c85664ba6c7b,"Network Analyst extension: The Network Analyst extension in ArcGIS Pro enables you to model and analyze transportation networks, perform route optimizations, determine service areas, and find closest facilities [1].",ExpertQA,1,1,1,1,0.730166147195179,-1
id,ExpertQA_a00e3cbd-db2e-4114-9c37-1c2c69274d8d,"In summary, modern architecture refers to a specific period and style in architectural history, characterized by clean lines, minimal design, and the use of new materials[10].",ExpertQA,1,1,1,1,0.8064411445682276,-1
id,ExpertQA_838d4ab9-888a-4c94-8dba-e596c96192f3,"Acute coronary syndrome, which encompasses conditions involving ischemia or infarction such as unstable angina, non-ST segment elevation myocardial infarction, and ST segment elevation myocardial infarction (STEMI), can be detected using an ECG [4].",ExpertQA,1,1,1,1,0.8002004259769434,-1
id,ExpertQA_1b5bbed7-4918-4bf3-9dda-a27ff5ab676c,"Early intervention is crucial to address the underlying issues that led to the suicide attempt, provide appropriate treatment, and prevent future incidents [2].",ExpertQA,1,1,1,0,0.46449643069258495,-1
id,ExpertQA_f7f904bf-5e73-4228-a966-0ee35b9e8f22,"Parents should be encouraged to maintain routines and normalcy in the child's life, to provide a sense of stability during this challenging time [6].",ExpertQA,1,1,1,1,0.7822935488564223,-1
id,ExpertQA_a6ae9b86-da64-4284-8815-ebbc5680f9f9,"By analyzing these three components, educators and therapists can identify factors contributing to problematic behaviors and develop appropriate intervention strategies to promote positive behavioral change [3].",ExpertQA,1,1,1,1,0.7893476040974017,-1
id,ExpertQA_4e87d3dc-0d49-4360-895a-abc9ece46b1a,"This includes increased reliance on digital platforms, greater use of data journalism and artificial intelligence, more emphasis on audience engagement, and collaboration between news organizations  [2].",ExpertQA,1,0,0,0,0.312446873247946,-1
id,ExpertQA_b87821b4-a4c5-4cc0-87cb-da614b0f30ec,"In delict, causation is typically divided into two components: causation in fact and legal causation[4].",ExpertQA,1,0,1,0,0.44157051853655094,-1
id,ExpertQA_bd56c9d3-8d55-4b6c-a9d4-5070894a0438,"Limited Scenarios: The performance of the algorithm might be tested against a limited number of scenarios in the simulated environment, which might not adequately represent the entire spectrum of real-world scenarios [10].",ExpertQA,1,1,1,1,0.800356270144334,-1
id,ExpertQA_6855b1ae-b72e-41bb-9e2f-9a89ec4c46f7,"In summary, it is still possible to obtain patent protection for the invention in the US if the application is filed within one year of the publication date, but obtaining patent protection in Europe is generally not possible due to the strict novelty requirements[7].",ExpertQA,1,0,0,0,0.284207566232528,-1
id,ExpertQA_973a680b-f2e0-418e-bc24-4894b1e853cc,"According to some sources[1] [3] [4], some possible ways to deal with a disruptive passenger on a flight are:  - **Respond in a calm, quiet manner** and try to de-escalate the situation by talking to the passenger and offering a soft drink or a snack. - **",ExpertQA,1,0,1,1,0.5997682911697728,-1
id,ExpertQA_bd43c14c-b6d2-4e3b-8823-52a06ad7f4b1,"Another factor that can accelerate growth in developing countries is leveraging second-mover advantage, which involves replicating the production methods, technologies, and institutions of developed countries [2].",ExpertQA,1,1,1,1,0.8052848564921554,-1
id,ExpertQA_7c773e08-0b14-49a3-8876-eceab9f12482,UDIMs allow for the accommodation of large texture maps while maintaining a consistent level of texture detail across the model [2].,ExpertQA,1,1,1,1,0.809072389128138,-1
id,ExpertQA_0c04af08-334a-4bb1-bdd1-2da8031dc999,"To become a Band 6 Biomedical Scientist (BMS) in the UK, a specialist portfolio is not always mandatory if you hold a master's degree in Biomedical Science [1].",ExpertQA,1,1,1,1,0.8069783799650471,-1
id,ExpertQA_fe588c50-ba3d-41be-a85f-04d51d9eb68b,The glossary definitions in the Flora of Malawi and the Flora of Zimbabwe also briefly describe what constitutes Macaronesia [2][3].,ExpertQA,1,0,1,0,0.3949352905249133,-1
id,ExpertQA_f991ff51-47e6-4310-bb2b-467e9ffad2a2,"Proteins may form in inclusion bodies within a heterologous system under a few different conditions, such as high levels of gene expression [3], expression of non-native proteins [2], hydrophobic protein expression [2], and in the case of proteins with disulfide bonds [2].",ExpertQA,1,1,1,1,0.7938361841522097,-1
id,ExpertQA_d1ef9d9d-dee0-47db-9947-73072285cb4a,"An EHCP, or Education, Health and Care Plan, is a legally binding document designed to support children and young adults with special educational needs and disabilities (SEND) in the United Kingdom [1].",ExpertQA,1,1,1,1,0.728375943072291,-1
id,ExpertQA_2d17f8cd-a519-47c8-82bf-b6935b1aa296,"They suggest that discrepancies between experimental data and theoretical predictions could indicate new physics, but do not provide a concrete alternative framework [2][3][4][5].",ExpertQA,1,1,1,1,0.7804332003915301,-1
id,ExpertQA_98638003-126e-4efb-ab33-a1e0f2b7ef67,An example of such use can be seen in 'The Alice App' where interactive illustrations are based on Dutch and Flemish Renaissance art [5].,ExpertQA,1,1,1,1,0.7975319695954727,-1
id,ExpertQA_478640c8-6c1e-47a1-b2d0-e570b6c13491,"Finally, individuals should exercise moral courage, seek advice from peers, report issues to management, exercise professional judgment, be aware of issues, document them in writing, and uphold the public interest [5].",ExpertQA,1,0,0,0,0.28742930940806977,-1
id,ExpertQA_7c2940cc-6758-4fac-b994-7e9def679927,"However, you are also required to declare this income in your tax return in Portugal, but you can claim relief for the tax paid in France to avoid double taxation [2].",ExpertQA,1,0,0,0,0.2865759435383534,-1
id,ExpertQA_5f5f46b1-7c98-4e3c-b101-c9a3f03667b0,"According to Rule 19, a vessel should proceed at a safe speed suitable for the prevailing visibility conditions, ensure her navigational equipment (such as radar) is functioning properly, and continuously monitor other vessels' movements closely [3].",ExpertQA,1,0,0,0,0.4487010922954506,-1
id,ExpertQA_cb2b2aff-83a3-4d00-8c2a-d3a9acf521bc,"In other words, if ""but for the defendant's act, the harm would not have occurred"" [4].",ExpertQA,1,1,1,1,0.6283616084501904,-1
id,ExpertQA_e0c78304-8d13-49c2-8ae9-3d05ab86583e,"In the United States, workers generally have 180 days to file a complaint with the Equal Employment Opportunity Commission (EEOC) for unfair dismissal based on discrimination [2].",ExpertQA,1,0,0,0,0.3202093222495431,-1
id,ExpertQA_3ca20e17-36d8-44b2-a917-d1a28dc09745,"For instance, some sources[5] [6] suggest that in medieval times and earlier, love was not considered a prerequisite for marriage, which was often arranged by families or based on social and economic interests.",ExpertQA,1,1,1,1,0.7004586513149978,-1
id,ExpertQA_123139b4-eb68-446a-8fff-c5f302c19480,"However, it also poses some **risks** such as ethical issues, privacy concerns, and human-AI interaction challenges[5].",ExpertQA,1,0,0,0,0.3150140103395238,-1
id,ExpertQA_8ada72f6-1a35-45a6-9c93-1e82dd9d5fd5,"To address these ethical concerns, experts recommend emphasizing mindful decision-making, ensuring balanced availability of options, and avoiding the restriction of testing options and curtailing freedom of choice [1].",ExpertQA,1,1,1,1,0.7104844310793391,-1
id,ExpertQA_f954a21c-8dea-493e-8a94-fcbe615f5e50,"In an automated laboratory, coupling organization principles with IT solutions could provide value in disease diagnosis, treatment, and patient monitoring [4].",ExpertQA,1,1,1,1,0.7770935517320926,-1
id,ExpertQA_548cbe99-1845-4837-b2c2-1a15c945be1b,"Higher access and enrollment rates contribute to higher human capital development, promoting economic growth, and reducing poverty [8].",ExpertQA,1,0,0,0,0.2868254955150193,-1
id,ExpertQA_c04b46ea-8e31-4db7-9aa7-c0beb9b2ec8b,"Geoarchaeology also aids in reconstructing past environmental conditions and human-environment interactions, such as resource exploitation, land use, and climate change impacts  [3].",ExpertQA,1,1,1,1,0.6278428164457188,-1
id,ExpertQA_3520788c-bc74-4325-a54e-bc02d8bc1b4e,"Collect and preprocess data: Gather historical sports data, such as game results, player performance statistics, and team rankings [3].",ExpertQA,1,1,1,1,0.774936532661989,-1
id,ExpertQA_515b34c3-7d9e-4fd6-8f44-5a14ecc625e0,"The Binary Search algorithm is highly efficient for searching a sorted array or container, specifically in cases where the time complexity matters [2].",ExpertQA,1,0,0,0,0.27474214891611326,0
id,ExpertQA_b5b5bd81-e367-45f1-b56b-3a707aa87d1e,"The crew should also check the area outside of the aircraft to see if it is free of smoke, fire, or any potential obstacles [2].",ExpertQA,1,1,1,1,0.7799189264391726,-1
id,ExpertQA_5771cce1-ffa6-44d0-8cb3-65f2e4dcd7c8,"This is due to the growing recognition of its benefits, such as infrastructure management, real-time testing capabilities, and the ability to scale vertically and horizontally[3].",ExpertQA,1,1,1,1,0.7975560623841236,-1
id,ExpertQA_c1056721-2e17-48c2-bc45-ac778de43447,"According to some sources[1] [2] [3], some possible causes of lack of youth participation and political disengagement in electoral democracy are:  - **Low levels of political interest and trust** in established institutions and parties[1] [2] [3]. - **",ExpertQA,1,0,0,0,0.28529237501606747,-1
id,ExpertQA_bff9b393-3a45-41fc-a1cb-71c4082a25c1,Evaluate the model: Test the model's performance on the test dataset[13].,ExpertQA,1,1,1,1,0.7950052093695167,-1
id,ExpertQA_8fa428b2-b3fe-4352-96c1-8779434edb0e,"Observe real-life scenes and other artworks: Analyze perspectives in everyday scenes and study the work of artists who have mastered perspective, such as Leonardo da Vinci and Filippo Brunelleschi [3].",ExpertQA,1,1,1,1,0.7697911604795425,-1
id,ExpertQA_9d59fd75-8705-4df7-86e9-d8bec706d708,"In terms of disease and disorder diagnosis, automated technologies provide real-time interaction with brain function processes, contributing to improved diagnosis and treatment development [2][3].",ExpertQA,1,1,1,1,0.7646237433223185,-1
id,ExpertQA_1578efc6-3ac0-4dba-8613-a6deb3abe4f2,"No, the police officer is not the only judge on less-criminal offenses, also known as minor or petty offenses [1].",ExpertQA,1,1,1,1,0.7619327166546958,-1
id,ExpertQA_89baf9a4-c8db-4b84-b05e-e08b380751db,"Argentina became highly ""dollarized"" during its hyperinflations of 1989 and early 1990[2], but it still uses the Argentine peso as its official currency.",ExpertQA,1,0,0,0,0.2832686441370374,-1
id,ExpertQA_f1e6590f-e318-4ce8-8ad2-ce42b34e97c4,"On the other hand, silica fume is primarily used as an admixture to enhance the properties of concrete [7].",ExpertQA,1,0,0,0,0.3276606158559488,-1
id,ExpertQA_9469aa17-b95f-4ce7-bea5-26e03d777590,"In the United Kingdom, employees have three months less one day from the effective date of termination to bring a claim for unfair dismissal [4].",ExpertQA,1,1,1,1,0.7746463709647178,-1
id,ExpertQA_835ae4b0-aede-4089-88eb-9bf6eab43f58,"There are several limitations to surface analysis techniques:

1[4].",ExpertQA,1,0,0,0,0.3029291383708379,-1
id,ExpertQA_5807c0f4-d363-4f8d-bebf-ec62dd284e22,"Agnosia can affect different modalities, such as vision, hearing, or touch[3].",ExpertQA,1,0,0,0,0.4297578486867418,-1
id,ExpertQA_c0b66769-224d-4e0e-abab-78fafe19a7b3,"First, differences in regulatory environments can affect the cost of production in various countries[3].",ExpertQA,1,1,1,1,0.8025019803170848,-1
id,ExpertQA_ca02b246-8e33-42ae-a160-ed960bca501a,"It is an important component of the Earth's climate system, and influences the rate of sea ice formation at the poles[3].",ExpertQA,1,0,0,0,0.3983560299483248,-1
id,ExpertQA_d5a40efa-2255-4163-8694-ce5242cf5e17,"Furthermore, for reactions with gases involved, Le Chatelier's Principle can be applied to understand and quantify how a change in pressure or temperature affects the equilibrium of a chemical reaction  [5].",ExpertQA,1,0,0,0,0.3037560961147032,-1
id,ExpertQA_09d46cf1-c88a-44fd-80e2-995edbc44468,"Treatment options may depend on the individual patient, specific type of CTCL, stage of disease, local expertise, and available drugs and equipment[2] [1].",ExpertQA,1,1,1,1,0.7106471101449877,-1
id,ExpertQA_f55ad4da-5ad4-4f92-a62a-a259fe1f593c,"Some key examples of modern architecture include the Villa Savoye by Le Corbusier, the Farnsworth House by Mies van der Rohe, and the Case Study Houses by various architects [5].",ExpertQA,1,1,1,1,0.7972834854988173,-1
id,ExpertQA_9d2ba8c5-6c42-472c-b7e1-e285e01aa4f4,Judges or magistrates in the lower court system ultimately have the responsibility for adjudicating these cases and imposing appropriate penalties[9].,ExpertQA,1,0,0,0,0.45232735501190796,-1
id,ExpertQA_dc85afad-b582-44af-924c-3536311e73ca,"For **USA**, some of the key policy components include[7] [8] [9] [10]: - Trade rules-setting, liberalization, and enforcement - Export promotion and controls - Fiscal policy and monetary policy - Innovation and productivity enhancement - Investment and debt reduction - Economic efficiency and tax reform  These policies aim to promote economic growth, competitiveness, and stability in the US and globally.",ExpertQA,1,0,0,0,0.30959717562596367,-1
id,ExpertQA_a039612d-3bc5-45e5-b3f4-7153c2a21eba,"By combining these different lines of evidence, geoarchaeologists can provide a more comprehensive account of human history and prehistory, as well as improve strategies for site discovery, interpretation, and protection [4].",ExpertQA,1,0,0,0,0.3103231773549091,-1
id,ExpertQA_2946c942-ab46-4380-8493-2677554acaa3,Offering online scheduling** to reduce staff workload and increase patient convenience[1]. - **,ExpertQA,1,1,1,0,0.44601022745584523,-1
id,ExpertQA_60dd8681-5440-4700-9ba9-45756e8b58b6,"However, it is important to note that silica fume is not a replacement for cement but rather an additive [11].",ExpertQA,1,0,0,0,0.3388000361882882,-1
id,ExpertQA_70b0b299-8bc3-49e4-a02b-5d78c4470893,Get to the root of the matter** and understand what is causing the disruptive behavior[4].,ExpertQA,1,0,0,0,0.2959815838029876,-1
id,ExpertQA_92d9c72e-7d58-41db-9c00-99d89e010c32,"Artists began to experiment with new materials, such as oil paint and canvas, which allowed them to achieve greater detail and realism in their works [5].",ExpertQA,1,1,1,1,0.7635123212625994,-1
id,ExpertQA_c987481e-9dec-4c79-ac30-4aca2c24fb40,"Yes, it is correct to refer to the Christian expansion of the Iberian Peninsula as the Reconquista or Reconquest [1].",ExpertQA,1,1,1,1,0.7897070470158478,-1
id,ExpertQA_3ab25b27-7b9b-4236-8653-ae8a15d05b53,"For **China**, some of the main policy goals include[12] [13] [14] [16] [17]: - Quality over quantity of growth - Self-reliance in technology and manufacturing - Low-carbon economy and climate goals - Common prosperity and rural revitalization - Gradual liberalization of the business environment - Regional and trans-regional economic cooperation  These policies aim to achieve China's vision of becoming a modern socialist country by 2035 and a global leader by 2050.",ExpertQA,1,0,0,0,0.2875395423980251,-1
id,ExpertQA_9b981956-45b7-4211-9fb3-16a439d967bd,A **Google Maps mashup** that shows different places of interest on a map using data from an API[1]. -,ExpertQA,1,0,1,1,0.5834337851676024,-1
id,ExpertQA_f7918474-fcb3-41bf-9a6b-54ed26d4ce95,"Nonetheless, it is known that π_n(S^2) is trivial (contains only one element) for n>2 [11].",ExpertQA,1,0,0,0,0.48053161133623834,-1
id,ExpertQA_095741e4-66be-4cde-80da-7ed030df339c,"Moreover, the increased exchange of ideas and artistic practices between European countries helped to create a network of artistic knowledge and skills, further facilitating the development of realistic art [9].",ExpertQA,1,0,0,0,0.29265061187862,-1
id,ExpertQA_ed8a497b-947d-4cde-a1aa-735fbca67447,"These barriers, in turn, can affect the volume and distribution of international trade, as well as the composition of exports and imports among countries[12].",ExpertQA,1,0,0,0,0.3075760279769449,-1
id,ExpertQA_8edcd76f-8dc0-4779-9a8c-1af531413b17,Ensuring proper resource management and securing capital can increase economic efficiency and foster growth [2].,ExpertQA,1,1,1,1,0.7920963135309844,-1
id,ExpertQA_a04afacb-d00a-46ac-ba43-9f5cdec177d7,"Cement is a versatile material suitable for general construction purposes, while silica fume can improve the performance and durability of concrete when used as an additive alongside cement [14].",ExpertQA,1,0,0,0,0.297404252138736,-1
id,ExpertQA_8d8f2256-1ddc-49fa-94eb-45c881016042,"In such cases, alternative methods like secondary ion mass spectroscopy (SIMS) or other depth-profiling techniques may be necessary [9].",ExpertQA,1,1,1,0,0.4736026520669293,-1
id,ExpertQA_b2a439af-110d-46e7-b4a3-cdae54f0b53c,"This time frame could potentially vary in California, but the exact duration is not specified in the given context [1].",ExpertQA,1,1,1,1,0.6463158794716036,-1
id,ExpertQA_5f89f094-7953-4627-a4c3-c9112708ddc3,"Moreover, they are more likely to result in formation of inclusion bodies if expressed in high quantities, a phenomenon often associated with a greater metabolic burden and a range of other factors resulting from heterologous protein production [3].",ExpertQA,1,0,0,0,0.27617095645053724,0
id,ExpertQA_aade4061-ee36-470c-830d-bf44197339a2,"Biological treatment for wastewater is appropriate when the main objective is to remove organic pollutants, such as suspended solids, biodegradable organics, and nitrogenous compounds, from wastewater [1].",ExpertQA,1,1,1,1,0.8031090139443672,-1
id,ExpertQA_1f60b3dc-342e-40b6-afd1-f63ecc691e4d,"Although the ancient notion of eudaimonia differs from today's subjective notion of happiness, the traditional translation of eudaimonia as happiness highlights the relevance of ancient eudaimonistic theories of ethics for contemporary thinking [3].",ExpertQA,1,1,1,1,0.7986501036790513,-1
id,ExpertQA_f4afb9c7-fe66-4cb4-919b-4c6f2a110d12,"Language as a means of communication includes both verbal (spoken or written) and non-verbal (such as gestures, facial expressions, and body language) forms [2] [4] [5].",ExpertQA,1,1,1,1,0.6786294540833446,-1
id,ExpertQA_6f69d696-641d-4e5e-b717-a176957d6f3d,"However, I would caution the client about engaging asset recovery companies that charge high fees for little service [4].",ExpertQA,1,0,0,0,0.3745778596379306,-1
id,ExpertQA_d936e190-0a64-41e0-b385-0a76784d943b,"These include ""Fully Present"" by Diana Winston, ""Buddha's Brain"" by Rick Hanson, ""Mind Over Mood"" by Dennis Greenberger, ""The Mindful Way Through Depression"" by Mark Williams and ""Mastery of Your Anxiety and Panic Workbook""[1].",ExpertQA,1,0,1,0,0.452324057697978,-1
id,ExpertQA_d63d5d08-2298-4816-8dfc-e1cc9fd93aa7,"The formula to calculate the volume of the road surface is:

Volume = length (in meters) × width (in meters) × depth (in meters)

The density of the asphalt mixture will give you the mass per unit volume (generally expressed in kilograms per cubic meter) [2].",ExpertQA,1,0,0,0,0.2594478169258146,0
id,ExpertQA_3cb0ed67-3043-4920-9d34-19304b21b98d,It can be formed by **melting** the earth’s crust or mantle[2].,ExpertQA,1,1,1,1,0.8058062660919465,-1
id,ExpertQA_6cc9825b-2f5b-4bda-96d5-92291cd88251,"Keep in mind that the actual amount of asphalt needed may vary slightly based on factors like the road's slope, soil conditions, and other factors specific to the site [10].",ExpertQA,1,0,0,0,0.2966630333899083,-1
id,ExpertQA_d21aff90-784e-4848-8c28-57dfad483c2d,"As these nations already have access to the technological know-how advanced economies possess, they can experience rapid rates of growth by adopting existing technologies and practices [2].",ExpertQA,1,0,1,0,0.4648496074405872,-1
id,ExpertQA_48911534-c9a3-4a3e-ada5-55d00a73e6cd,"Epicureanism has also managed to adapt and blend with modern secular life [2], further suggesting its potential survival in the postmodern world.",ExpertQA,1,0,0,0,0.30324081662714747,-1
id,ExpertQA_4cb851ac-c654-4083-bc2e-ffbbe233057e,"However, minor differences in the brain physiology do not necessarily result in differences in behavior, and variation in behavior cannot be entirely attributed to variances in brain physiology [5].",ExpertQA,1,1,1,1,0.7982790042342098,-1
id,ExpertQA_6f2fbf95-3536-4a45-8857-381f0a1d6b8f,"According to Richard Kraut, the ancient theories of eudaimonia, particularly Aristotle's theory, can indeed be considered theories of happiness, even though they differ from the dominant views in contemporary times [4].",ExpertQA,1,1,1,1,0.7314715934691044,-1
id,ExpertQA_d0f69c2b-ea91-4d55-8932-03b34b8dabb0,"Use reference images and photographs: Study photographs to understand how elements within a scene align and recede into the distance, and use these images as a reference while painting [7].",ExpertQA,1,0,1,0,0.40624901711513955,-1
id,ExpertQA_90f60bd3-877f-4a8a-8e20-2cfa7d76a647,"The amplitude of the CMB temperature fluctuations, combined with other cosmological observations such as the large scale distribution of galaxies and the abundance of galaxy clusters, have led to the development of the Lambda Cold Dark Matter (ΛCDM) model, which is the current standard model of cosmology [6].",ExpertQA,1,0,0,0,0.3131084293858361,-1
id,ExpertQA_61d1d4b8-f76a-4ecf-b5cb-d78e5c82f82e,"However, over time, it became increasingly associated with informal and uneducated speech and was stigmatized by prescriptive grammarians in the 19th century [3].",ExpertQA,1,0,0,0,0.28447552805117005,-1
id,ExpertQA_9519cce7-b394-4935-9ae4-7aee3969d0c7,It is accredited by the Institute of Biomedical Science (IBMS) and can enhance your career prospects [4].,ExpertQA,1,0,1,0,0.4628558570860721,-1
id,ExpertQA_787b4dbb-1aa7-4ffa-bd7e-803d8b99390e,Enhancing their ethical capabilities should involve bridging the gap between actual and desirable professional behaviors [4].,ExpertQA,1,1,1,1,0.8084637658382664,-1
id,ExpertQA_52e45869-9e0f-4957-bbd0-c5fb1d072466,"In summary, Rule 19 of the IRPCS 1972 aims to ensure the safe navigation of vessels in restricted visibility conditions by providing guidelines on speed, course alterations, and actions to take when encountering other vessels to minimize the risk of collisions   [8].",ExpertQA,1,0,1,1,0.5029066367824317,-1
id,ExpertQA_ff0bb718-eff7-4bd5-8ce8-0c725c1af11c,"An example is the American Dream Mall in New Jersey, which took 16 years to go from concept to operation [2].",ExpertQA,1,1,1,1,0.807815116548828,-1
id,ExpertQA_fdb0eb08-6100-4183-8dca-09b33f7ccc69,"Geoarchaeology seeks to solve archaeological problems by applying interdisciplinary approaches, specifically by integrating the methods and techniques of geoscience with archaeological research and interpretation [1].",ExpertQA,1,1,1,1,0.7853332900739385,-1
id,ExpertQA_31c52392-cf09-4655-a2cc-bb2763e62fd5,"To avoid batch or litter effects in your animal experiment with limited numbers of mice, you should distribute the mice using a randomized block design[1].",ExpertQA,1,1,1,1,0.6461877738892242,-1
id,ExpertQA_acab45ad-58f6-4263-8e39-d3d8d510a683,Sparse or generic information could be a warning sign of a scam or ill-intended individual [5].,ExpertQA,1,1,1,1,0.8071666340988091,-1
id,ExpertQA_3cc87b98-a9c0-4a8f-8e33-c872a8bb42d5,"Some of the disadvantages could be the loss of monetary autonomy, seigniorage, and a vital national symbol as well as greater vulnerability to foreign influence[7] [10].",ExpertQA,1,1,1,0,0.46833144131892535,-1
id,ExpertQA_be01a8e8-5d39-40d3-b68a-f39cfbcea5f2,"The main difference between the ancient and modern views lies in the objective standard required for eudaimonia in Ancient Greece, opposed to the subjective standard in modern happiness theories [4].",ExpertQA,1,1,1,1,0.8073680750689499,-1
id,ExpertQA_0f73b919-854e-48c8-ba27-a0f6a8626a2a,"Next, they should assess the collapsed person's responsiveness by gently shaking their shoulder and asking if they are okay [2].",ExpertQA,1,1,1,1,0.7444178224009358,-1
id,ExpertQA_8d635c62-974e-4449-9288-960f85429ca8,"To determine whether a drug is an agonist or antagonist of a receptor in molecular pharmacology, C) you will need to combine functional and binding experiments [1] [2].",ExpertQA,1,0,0,0,0.31672788988027517,-1
id,ExpertQA_7cea58b0-90c8-43d7-a1f1-144c6ede6b7e,"Holding staff meetings** to review performance, address issues, and share feedback[1]. - **",ExpertQA,1,0,1,0,0.47739116100959633,-1
id,ExpertQA_1370a8da-21f5-43dc-a872-9c73b21a25c3,"This model suggests that the universe is composed of about 68% dark energy, 27% dark matter, and only 5% baryonic matter [7].",ExpertQA,1,0,0,0,0.29618666016024503,-1
id,ExpertQA_635452df-4ac8-4572-a160-ed187541c6cd,"The **cultural** and **social** needs of the refugees: whether they have privacy, dignity, community, and participation in decision-making[2] [4].",ExpertQA,1,0,0,0,0.4202762677558631,-1
id,ExpertQA_ce3f425a-3c5d-4477-991c-e24303676230,"Metal oxide nanomaterials** for dye-sensitized solar cells, perovskite solar cells, photocatalysis and water splitting[4]. - **",ExpertQA,1,0,0,0,0.41380579354093855,-1
id,ExpertQA_21bdabf9-75c7-4e5d-9d72-a5b04dc16120,"Examples of contemporary architecture include the Guggenheim Museum Bilbao by Frank Gehry, the Heydar Aliyev Center by Zaha Hadid, and the Shard by Renzo Piano [9].",ExpertQA,1,0,0,0,0.3481846992152409,-1
id,ExpertQA_b7aec17c-d7f6-44b6-8724-ab95658b1766,"A **Reddit clone** that allows users to browse, post, comment, and vote on topics[1]. -",ExpertQA,1,0,1,1,0.6858321171278963,-1
id,ExpertQA_52fb0c07-7ea9-4965-b2c4-76e26e04bdb6,Utilize machine learning to enhance visibility and detect anomalies in device behavior [1].,ExpertQA,1,0,0,0,0.27685908387560804,0
id,ExpertQA_7e5dee0c-721d-4449-9f7f-ec3cf566f49b,The Common European Asylum System (CEAS) is a legal and policy framework developed to guarantee harmonised and uniform standards for people seeking international protection in the EU[1].,ExpertQA,1,1,1,1,0.6851762829193061,-1
id,ExpertQA_f9e58470-3e0f-49de-81b9-c537dab39774,"Some common symptoms of TB in the lungs are:  - A bad cough that lasts 3 weeks or longer[2] - Pain in the chest - Coughing up blood or sputum[2] - Fever, chills, night sweats[2] [3] - Loss of appetite and weight loss[2] [3]  The first response as the medical team is to **isolate** the family members from other patients and staff, and **wear protective masks** to prevent exposure to the infection[5].",ExpertQA,1,1,1,1,0.6852414486390054,-1
id,ExpertQA_872aa11e-8b5b-40c5-87c6-cd4488166ac9,"However, some patients may have unexplained symptoms that do not fit any known diagnosis or may feel that their symptoms are dismissed or ignored by their providers[3].",ExpertQA,1,1,1,1,0.8084719484971153,-1
id,ExpertQA_094afaa7-12a4-45c7-81dd-8a3a9e3e042c,"However, it is essential to identify any underlying conditions or problems contributing to the speech delay and address those issues in parallel with speech therapy [4].",ExpertQA,1,1,1,1,0.7472228877447868,-1
id,ExpertQA_49c84094-2f3d-480f-a63e-0feea64dd9c4,Choose a model: Select a machine learning algorithm or statistical model suitable for predicting sports outcomes[9].,ExpertQA,1,0,0,0,0.2911104968106973,-1
id,ExpertQA_7f7e68b9-3bb6-41a5-8cd9-ba7f6b3b89e6,"Abnormal specimens, when detected, are typically referred to a pathologist for further medical diagnosis [1].",ExpertQA,1,1,1,1,0.770577941887203,-1
id,ExpertQA_8777597e-0ac7-4962-997a-cfe7ce5bf310,"Second, differing regulations pertaining to quality and safety standards can also impact trade patterns[6].",ExpertQA,1,1,1,1,0.7803395973948638,-1
id,ExpertQA_c3d5e2ac-8e9e-4a98-bbf1-5f297f0dd49a,"When deciding whether a Facebook profile is legitimate enough to accept into your social circle, you should first determine if there are any mutual friends, which can signal that the person is, in fact, real [5].",ExpertQA,1,1,1,1,0.806596133977147,-1
id,ExpertQA_458c1644-b635-4ede-b8d9-0afc51ce7b86,The model will learn patterns in the data and adjust its parameters to minimize prediction errors [12].,ExpertQA,1,1,1,1,0.7267152809228146,-1
id,ExpertQA_7ea06c2b-8ef1-4eb4-b720-e246f66a83a8,"We may fail to understand verbal languages because they are made up of arbitrary symbols and words that are specific to certain linguistic groups, regions, or countries [1] [4].",ExpertQA,1,1,1,1,0.7257155000531825,-1
id,ExpertQA_84e4ced2-8234-46b0-9aa8-80d2b75c8d7a,This focus on acceptance and experiential change over cognitive or behavioral change makes third-generation therapies more flexible and adaptable to a variety of psychological conditions and individual needs [4].,ExpertQA,1,0,0,0,0.2778191031835439,0
id,ExpertQA_80eaf472-d0b8-4713-9187-9912858b2433,"If the offender chooses to contest the citation, a judge or magistrate in the lower court will then hear the case and render a decision [6].",ExpertQA,1,0,0,0,0.41496236068230424,-1
id,ExpertQA_a66af3ab-0a94-4539-9b57-12d6e894290b,"While these techniques are well-suited for studying thin films and surface reactions, they may not provide sufficient depth information for bulk materials or complex multi-layered systems[8].",ExpertQA,1,0,0,0,0.3218725960139122,-1
id,ExpertQA_a6248333-4463-457c-8178-8879022e75e7,Achieving the IBMS Specialist Diploma can lead to career progression to a Band 6 role [5].,ExpertQA,1,1,1,1,0.8085862138796799,-1
id,ExpertQA_aa9328ea-0eeb-4240-97b6-8b74df9498fa,"According to a study by Sachs and Warner, developing countries with open trade policies had a growth rate of 4.5%, faster than those with protectionist and closed economy policies, which had a growth rate of only 2% [1].",ExpertQA,1,0,0,0,0.35848716485579335,-1
id,ExpertQA_dc14ced3-ab3e-4982-afc8-438739853b91,"As an Architect, you should maintain open and clear communication with the Contractor, keep an eye on any expanded or modified provisions, and consider the Employer's ability to recoup the amount from the Contractor in regard to their financial circumstances and the money paid to date vs value still to be paid [2] [4].",ExpertQA,1,1,1,1,0.7528512374505663,-1
id,ExpertQA_20e0c628-5418-4b11-96d6-99fa0f6d55a3,"One key aspect is the provision of ample near misses, which can lead players to believe they are close to winning and encourage them to continue play [1].",ExpertQA,1,1,1,1,0.6892809793219989,-1
id,ExpertQA_3e164703-9cf4-4ea4-a94b-b5f7fcbfb3f8,"Additionally, the nuclear Overhauser effect can be used to study the stereochemistry or conformation of organocatalysts, as done by the List team in various organocatalyzed reactions [2].",ExpertQA,1,1,1,1,0.8009454897497246,-1
id,ExpertQA_759edd6c-f9cd-4063-9558-32b0540b1891,"On the other hand, the dominant modern theory of happiness is subjective, defined with a reference to beliefs that one is getting the important things they want and the accompanying pleasant affects [4].",ExpertQA,1,0,0,0,0.29351344646182903,-1
id,ExpertQA_048843b1-7a54-42a9-8441-85f16ef511cd,Becoming a real estate agent generally takes about 1-3 months according to the laws in the state where the student wishes to work [3].,ExpertQA,1,0,1,1,0.7900028327934576,-1
id,ExpertQA_d9eee4f5-84dc-47fe-a202-abae8ed35ce3,"In states such as California, Illinois, and Massachusetts, employers are mandated to reimburse employees for mileage and vehicle expenses related to work [4].",ExpertQA,1,1,1,1,0.7947423172468663,-1
id,ExpertQA_ee18ad7f-61a9-4bf7-a2f7-7d9e66ec3e2b,"Share the story behind your product or service, as stories act as powerful connectors and help the buyer connect with your offering [1].",ExpertQA,1,1,1,1,0.8044619200089095,-1
id,ExpertQA_d82e5b0d-0b38-4663-87af-dc8598cc608d,"In conclusion, eudaimonia in Ancient Greece was defined as the highest human good and was closely related to virtue and practical wisdom [5].",ExpertQA,1,0,1,1,0.5451411613075421,-1
id,ExpertQA_534fc051-019a-4efe-85e9-a1546d3f5bc2,"HDPE pipes reinforced with fiberglass provide excellent abrasion resistance, flexibility, and a lower thermal conductivity compared to metallic pipes, making them another option for transporting hot sludge [4].",ExpertQA,1,0,0,0,0.29073195643560107,-1
id,ExpertQA_aa8bbaee-12a6-4da6-b848-3ad7666f9774,Homotopy groups are invariants that classify topological spaces based on their continuous deformation properties [2].,ExpertQA,1,1,0,0,0.45869690242967653,-1
id,ExpertQA_f46ccfda-04fe-458b-96f7-7bbbb132e441,This amalgamation of styles contributed to the unique sound of Scarlatti's compositions and shaped the development of subsequent Baroque music[10].,ExpertQA,1,0,0,0,0.2561565198310058,0
id,ExpertQA_60211515-b26f-4efb-bd78-27ab07b2dbab,"The Mycenaeans were known for their ability to command and control the eastern Mediterranean sea routes , and their fleets had a significant impact on trade and cultural exchanges [3].",ExpertQA,1,0,0,0,0.2866426298459978,-1
id,ExpertQA_e6a5eb21-1570-47e9-9336-a8bb112cde94,"UNHCR also delivers emergency shelter repair kits, carries out housing repairs, and provides legal and psychological support[3] [5].",ExpertQA,1,0,0,0,0.28554472259682656,-1
id,ExpertQA_08f58eec-47bc-48e8-b7ac-1a90ebc35806,"Additionally, the rise of patronage in the arts by wealthy individuals, religious institutions, and political entities encouraged exploration of new artistic techniques and subjects [4].",ExpertQA,1,0,1,0,0.4369832883389168,-1
id,ExpertQA_d3f1da7f-d171-4669-8cd7-b192cd83f465,The number of days a worker has to sue their boss for unfair dismissal depends on the jurisdiction and specific laws applicable in their region[1].,ExpertQA,1,0,0,0,0.29343413265887214,-1
id,ExpertQA_8098905a-7e53-4b99-822e-d86fe4855bbe,"If the patient has no health record, you can try to obtain it from their previous providers or ask them to sign a consent form to release their records[2].",ExpertQA,1,1,1,1,0.6293107720186231,-1
id,ExpertQA_d652a278-7924-498f-93b5-ed4af4726c42,"Another profitable fish to farm is **tilapia**, which is one of the best-selling and most widely-eaten fish species in the world[9].",ExpertQA,1,0,0,0,0.3265919112684371,-1
id,ExpertQA_b69491c0-1c8a-4d08-8ad8-19309f9f9447,"If the seizure lasts more than five minutes, the person experiences multiple seizures in a row, or the person suffers an injury during the seizure, call emergency services immediately [6].",ExpertQA,1,0,0,0,0.28156229095573254,-1
id,ExpertQA_331cd9ce-974c-4dbe-8022-4cf1dd18e4b4,"In summary, the choice between cement and silica fume depends on the requirements of the construction project[13].",ExpertQA,1,1,1,1,0.7801743686325971,-1
id,ExpertQA_537af250-24b8-413c-8aa0-b858f9b783c1,Train the model: Feed the training data into the algorithm to create a predictive model[11].,ExpertQA,1,0,1,1,0.789540676040965,-1
id,ExpertQA_5ef03bc4-91e1-42e3-81d7-1c64e99532e9,This will provide a more fluid and realistic reaction during the study [5].,ExpertQA,1,0,0,0,0.28631857968121377,-1
id,ExpertQA_5b3c6d92-7e1f-440b-8ac6-e92779d8f0f4,"Design interventions: Develop and test design interventions, such as changes in lighting, costumes, or props, to examine the impact of these elements on the overall mood of dance participants [9].",ExpertQA,1,0,0,0,0.3222976834330132,-1
id,ExpertQA_ed789033-48bd-44b5-a940-e359e3eaad35,These effects may also depend on the **age** and **sex** of the rodents[2] [3] [5].,ExpertQA,1,0,0,0,0.27430879517468876,0
id,ExpertQA_e9391477-9672-4951-b854-719ae9688def,"Improved education quality leads to better learning outcomes and can enhance employability and income potential, reducing poverty [11].",ExpertQA,1,0,0,0,0.2918724058695911,-1
id,ExpertQA_d09357cb-7526-4c65-85bc-ea0576853308,"This is identified as one of the most important factors of therapeutic success because it allows clients to trust the therapist and share the most vulnerable aspects of themselves, which is necessary for effective therapy[4].",ExpertQA,1,1,1,1,0.75209042211064,-1
id,ExpertQA_fd74e8a0-d6b2-47e3-9ec0-3e8b02e9fbc3,"For patients with higher Gleason scores, radical prostatectomy and radiation therapy are often recommended [4].",ExpertQA,1,1,1,1,0.7899964981345088,-1
id,ExpertQA_286b19ff-96e3-4a57-b329-db46ee583c48,"This innovative approach could be more effective in promoting safety and reducing the number of car accidents, particularly in heavily trafficked urban environments [1].",ExpertQA,1,1,1,1,0.7309955871837207,-1
id,ExpertQA_6fc63e8f-3b79-4aeb-9bcc-15bec430c419,"According to some sources[6] [7], harmonizing tax rates in the EU could have different impacts depending on the type of tax and the method of harmonization.",ExpertQA,1,1,1,0,0.4880335907795032,-1
id,ExpertQA_b1c13d42-8a8f-4a48-a67e-f7b304eac522,"Linguistic analysis can be used in various fields, including education, psychology, anthropology, and artificial intelligence, for language development, translation, linguistic theories, and language technology applications  [3].",ExpertQA,1,1,1,1,0.7660567857311295,-1
id,ExpertQA_79d67c36-d0a3-4519-b728-6ce20c518452,"Some of the factors that may influence the decision to initiate treatment include:  - The extent and severity of skin lesions[1] [3] - The presence or absence of symptoms such as itching or pain[1] [3] - The impact on quality of life and psychosocial well-being[1] [3] - The risk of disease progression or transformation[1] [5] - The potential benefits and side effects of different treatments[1] [3]  If further biopsies are equivocal, it may be helpful to perform additional tests such as immunohistochemistry[2], blood tests[1], or imaging scans[2] to determine whether the disease has affected internal organs or other parts of the body.",ExpertQA,1,1,0,0,0.29653992480755076,-1
id,ExpertQA_e0437e9b-2dfc-44b6-b683-8796b6a13661,"Education and income distribution: Education can impact income distribution and inequality, which in turn affects poverty levels[12].",ExpertQA,1,1,1,1,0.628464251426307,-1
id,ExpertQA_c27a3c17-d1b8-44e7-9137-e1cccbde3d3d,"If the old colonies of the UK and Spain had never gained independence, the United Nations (UN) could potentially help those colonies by promoting decolonization and self-determination, as it has with other territories in the past [1].",ExpertQA,1,0,0,0,0.3057391283629442,-1
id,ExpertQA_1be216c0-f0c9-4334-bc95-b5c600280a3a,"According to some sources[2] [3] [4], some tips for learning new music quickly are:  - **Get a feel for the big picture** before practicing.",ExpertQA,1,0,0,0,0.2866673433138759,-1
id,ExpertQA_d6255202-2017-44f3-b22f-f6bb9e9eb9c3,"By randomly assigning mice from each litter to different experimental groups, you minimize the litter effect on the results and ensure a more accurate representation of the entire population [4].",ExpertQA,1,0,0,0,0.46113253494306666,-1
id,ExpertQA_f849500c-c1a6-4c55-b4fc-0982fe20e9b8,"Bridge architects balance function and aesthetics by considering the principles of structural design, which include safety, serviceability, and aesthetics [2].",ExpertQA,1,0,0,0,0.2935896263693301,-1
id,ExpertQA_62875a07-ba8a-481a-b6f9-08145a814724,"Therefore, while genetics can contribute to an individual's risk of developing cavities, it is essential to maintain good dental care habits to prevent them [4].",ExpertQA,1,0,0,0,0.30265013918957256,-1
id,ExpertQA_b11caeaf-47d8-42b2-8496-058414bda87c,"You should be paying your social security contributions in France, as you are performing your work there for more than 25% of your working time [4].",ExpertQA,1,0,0,0,0.30487266049099304,-1
id,ExpertQA_4e0a6d3b-11de-41a8-a8bf-9bf987d46e19,"Social security contributions: EU regulations state that cross-border workers are generally subject to the social security system of the country where they work – in your case, France [3].",ExpertQA,1,0,0,0,0.2889943134221255,-1
id,ExpertQA_707c4f82-420b-4634-89f2-d0e26d8e7e0a,"According to my search results, chronic lymphocytic leukemia (CLL) may transform to a more aggressive form of cancer called diffuse large B-cell lymphoma (DLBCL) or Richter's syndrome[1] [2] [5].",ExpertQA,1,0,0,0,0.2868617724693553,-1
id,ExpertQA_02218f50-0152-411b-b36f-c96da4b7bbf3,"Employers can choose to provide a monthly mileage allowance or use the IRS's standard rate for reimbursement, which is considered tax-free for both the employer and employee [2][4].",ExpertQA,1,0,1,1,0.6296110687348571,-1
id,ExpertQA_cdab5b63-32d9-4df4-94c9-ad86e36ef56b,"Following the principles of empathy, trust, respect, communication, and collaboration** to enhance the patient experience[4].",ExpertQA,1,1,1,1,0.5776356547774191,-1
id,ExpertQA_be88387a-2114-4b48-9f99-6b31c79eae81,"Misappropriation of trade secrets or information: If your employer believes you have used proprietary or confidential information obtained during your employment as part of your influencer activities, they may also have a claim against you for misappropriation of trade secrets or information [7].",ExpertQA,1,0,0,0,0.29996156233569055,-1
id,ExpertQA_4e725e7e-7868-4021-91ee-bda28b1db171,The model consists of three components: Antecedent (A) refers to the environmental conditions or events that occur before a behavior; Behavior (B) represents the individual's response or action; and Consequence (C) refers to the outcomes or events that follow the behavior [2].,ExpertQA,1,1,1,1,0.6566400238581088,-1
id,ExpertQA_487d2d4c-0bf1-4a2b-af31-7f2233247607,Some of the changes include:  - The introduction of a new constitution that guarantees human rights and democracy[1]. -,ExpertQA,1,0,1,1,0.5650471447964283,-1
id,ExpertQA_682cf0df-8b67-48ae-912f-31254e218229,This involvement may have been a desperate attempt by the Mycenaeans to adapt to new geopolitical realities and survive as a society[6].,ExpertQA,1,0,0,0,0.2864893349065529,-1
id,ExpertQA_5babaac4-7a54-4700-92f7-d6698eb60f39,"With DataOps, organizations can leverage the power of the cloud to remain competitive, save costs, and scale in line with their requirements[3].",ExpertQA,1,1,1,1,0.7162499578828865,-1
id,ExpertQA_62a5e635-af54-49b9-9bbe-6a4c6f42d5f9,"Breach of contract: If your employment contract contains a notice period or specific performance obligations, your employer might claim breach of contract if you fail to meet these terms[4].",ExpertQA,1,1,1,1,0.7742914636853595,-1
id,ExpertQA_577fb346-a5c5-4b6f-ac51-7984e826c65e,"When communicating with the customer, highlight the value of the investment and emphasize positive experiences to create a persuasive appeal [2].",ExpertQA,1,1,1,1,0.803306873530766,-1
id,ExpertQA_54a40fb7-951f-4dbf-874d-67a86de8c944,"Involve the customers in the decision-making process by using sensory techniques, such as allowing them to touch or handle your product, which gives them a sense of ownership [1].",ExpertQA,1,1,1,1,0.7998689268127022,-1
id,ExpertQA_2dfa3a15-ac37-426d-ae43-f0492cfe97d3,"Recognizing cyberrisk as an essential topic on the agenda of top managers and boards, ensuring that it gets constant attention from executives, regulators, customers, and the general public [1].",ExpertQA,1,0,0,0,0.3840741154933492,-1
id,ExpertQA_de379944-53e6-4fb0-8d47-020aa96bba30,"According to Vico, history developed in three distinct stages: the divine or mythical age, based on religion and poetic wisdom; the heroic or aristocratic age, characterized by social stratification and the emergence of political institutions; and the human or democratic age, where societies become more egalitarian and develop popular forms of government [2].",ExpertQA,1,0,0,0,0.3232175583614236,-1
id,ExpertQA_8ddb706a-16bb-47de-acc7-10a03cff3111,"Encouraging openness and transparency in inter-stakeholder communications, along with promoting peer support and empowerment, can also help accountants navigate ethical challenges [2].",ExpertQA,1,1,1,1,0.582865303812588,-1
id,ExpertQA_48a49ac1-300b-4a27-8a0b-4edf872eeb23,"On the other hand, non-verbal communication tends to be more universal, as it relies on shared human experiences and innate expressions (e.g., facial expressions reflecting emotions such as happiness or sadness) that are often easier to understand across different cultures and linguistic backgrounds [3].",ExpertQA,1,0,0,0,0.2815968661577152,-1
id,ExpertQA_8d9e61b5-5b42-43d2-84de-f9065e9c8e0b,"For example, if event A is followed by event B more often than by event C, a learner can use this information to segment the events into units, group them into categories, predict the next event, and generalize to new situations[2].",ExpertQA,1,1,1,1,0.5925275332598186,-1
id,ExpertQA_44cb9309-a509-472f-af68-6ce1a276084f,"Likewise, The Anxiety Clinic at Hinsdale Therapy Group provides treatment tailored to the individual's anxiety type, incorporating anxiety management techniques, stress management techniques, and mindfulness practices [3].",ExpertQA,1,1,1,1,0.7984029925003063,-1
id,ExpertQA_c4758d53-b7c0-4a26-a07a-760086eea9fa,"Assessing the quality of education includes examining factors such as teacher qualifications, school infrastructure, and student performance [10].",ExpertQA,1,1,1,1,0.7996699641685228,-1
id,ExpertQA_6046f232-724e-4f9e-8e87-af81e261439a,"Modern architecture refers to a distinct architectural style that emerged during the early 20th century and continued until the 1960s and 1970s , while contemporary architecture is used to describe the architectural designs and buildings that are being created today, encompassing various styles and ideologies [1].",ExpertQA,1,0,0,0,0.3696028358427023,-1
id,ExpertQA_61073188-7430-4088-9548-a64a06c8b54a,A **weather app** that displays the current weather and forecast for any location using data from an API[1]. -,ExpertQA,1,1,0,0,0.4265576944708787,-1
id,ExpertQA_06c3a5f9-a48d-4047-8ef4-86b3f5d01452,"Dollarization is the process by which a country decides to use two currencies – the local currency and generally a stronger, more established currency like the US dollar[9].",ExpertQA,1,1,1,1,0.7912933709627188,-1
id,ExpertQA_9a16a691-bcc0-4ad3-a824-76c07e6117c7,"Additionally, recombinant proteins are at risk of inclusion formation due to their tendency to not fold into the correct tertiary structure, which results in aggregation, when they are transcribed within the microorganism [1].",ExpertQA,1,1,1,1,0.8093071955913481,-1
id,ExpertQA_31da5af9-be3e-421d-9dd0-0c0f5c9387a6,"However, it does mention that non-motor behavior symptoms are major determinants of health-related quality of life in PD patients[2], and that behavioral problems, including emotional states such as anxiety and depression, can greatly affect caregivers and PD patients[1].",ExpertQA,1,0,0,0,0.30543837544967306,-1
id,ExpertQA_58babde2-980a-4051-933a-ac3ccbf99e2b,"According to some online sources, some possible steps for managing a clinic efficiently and ensuring top notch patient care are:  - **Tracking and observing** the flow of patients through your practice[1]. - **",ExpertQA,1,1,1,1,0.7903133982119778,-1
id,ExpertQA_5f762cc5-ccc3-4ca5-8031-d60e4de340a5,"Within the context provided, all passages refer to the insufficiency of the Standard Model in explaining certain phenomena, such as CP violation, or the origin of parity violation in weak interactions [1].",ExpertQA,1,0,1,0,0.49182818121468147,-1
id,ExpertQA_81b2119b-fd01-4101-8d6f-f2e2c5971b9c,Feature selection: Choose relevant features (variables) from the data set that can help predict the outcomes of future matches [5].,ExpertQA,1,0,0,0,0.39371499006587435,-1
id,ExpertQA_91fd37ed-addb-4ef4-88c6-225ccbf8ded5,"The **security** of the site: whether it is safe from attacks, landmines, or natural disasters[2] [4]. -",ExpertQA,1,0,0,0,0.38610899549348165,-1
id,ExpertQA_9c4a3168-07ad-4a0f-ab2b-3239abb43b26,It is crucial for workers to consult the relevant laws in their country or jurisdiction to determine the exact deadline for filing an unfair dismissal claim[6].,ExpertQA,1,0,0,0,0.28652861815742553,-1
id,ExpertQA_3ac56df8-4d87-44a8-8621-f8ba2267cff6,These models are related by various adjunctions and equivalences that preserve the infinity categorical structure [3] [4] [6].,ExpertQA,1,1,1,1,0.673875999882667,-1
id,ExpertQA_8235bc4c-443c-4ade-ab95-981aff5e00ce,"Additionally, the topography of such areas often results in long girders and large pier heights, making bridge construction even more complex and demanding special techniques [3].",ExpertQA,1,0,1,0,0.4159029437857838,-1
id,ExpertQA_ba248f86-b129-4c50-bf77-7c26b20ffe0a,"SOR is important in terms of clearly defining roles, responsibilities, and accountabilities for various stakeholders to ensure coordination, efficiency, and effectiveness in addressing environmental challenges [8].",ExpertQA,1,0,0,0,0.2911766583565958,-1
id,ExpertQA_cfd1209b-8db9-4589-a640-656b2138451d,"The colonies, especially those in Asia and Africa, had their resources exploited for the war [3].",ExpertQA,1,0,0,0,0.48813875776438537,-1
id,ExpertQA_dcbf2a04-9856-42f8-bbc4-97c6bf3ad805,"They can impact the comparative advantage of countries, influence trade costs, and create non-tariff barriers to trade[14].",ExpertQA,1,1,1,1,0.7365495186287349,-1
id,ExpertQA_f8fa0633-5303-46b6-b9f7-b9ddb8ceaf5f,"According to some sources[5] [6] [7], some of the factors that influence the effectiveness of visualisations are:  - The **purpose** and **role** of the visualisation: what is the main message or insight that the visualisation aims to convey, and how can it help the viewers to take action or make decisions? -",ExpertQA,1,0,0,0,0.36700511992833657,-1
id,ExpertQA_083fdcf9-5cdc-419c-b748-5e7b1b130f22,The plan is regularly reviewed and updated to ensure that the support remains relevant and effective as the individual grows and develops [4].,ExpertQA,1,0,0,0,0.28506652902912993,-1
id,ExpertQA_6d23c051-8cde-46a1-a1de-4d795fe4155e,"Start with news sources especially for English learners, such as The News in Levels and E-News, which both grade their language based on different levels of difficulty and highlight keywords [1].",ExpertQA,1,1,1,1,0.7708016322399625,-1
id,ExpertQA_ac06cc7e-84ff-4bc3-8980-58edab879cbf,This is largely because quantum computers can solve the factoring problem -- an integral part of RSA encryption -- orders of magnitude faster than classical computers[1][3].,ExpertQA,1,1,1,1,0.7883318322846118,-1
id,ExpertQA_27c4f7bb-30d4-4bab-adda-589c006a845d,"By measuring these various aspects of education, researchers can better understand the relationship between education and poverty, as well as identify the most effective policies and interventions for reducing poverty through education[16].",ExpertQA,1,0,0,0,0.33058306858393033,-1
id,ExpertQA_fcbd18e7-6b90-4b31-a557-10a4f4791256,"In vitro efficacy of artemisinin-based treatments against SARS-CoV-2**[4]: This study evaluated the efficacy of Artemisia annua extracts and its derivatives (artemisinin, artesunate, and artemether) against SARS-CoV-2 and found that artesunate and artemether have significant antiviral activity at low concentrations.",ExpertQA,1,0,1,0,0.476109746466053,-1
id,ExpertQA_6185b0e5-7c76-4344-8576-cd560bbd735c,"For instance, damage to certain parts of the brain can affect behavior predictably [1].",ExpertQA,1,1,1,1,0.8088566191211006,-1
id,ExpertQA_907a61fb-5088-4e05-a563-cb5aa15786f3,"For example, some chemicals may form toxic byproducts as they degrade, making them potentially more harmful [3].",ExpertQA,1,0,0,0,0.28825925316731105,-1
id,ExpertQA_5d973567-799e-4da7-a984-4f15b3d9b66b,"During an acute blockage, changes to the ST segment can be seen, and the presence of Q waves can indicate a previous heart attack [2].",ExpertQA,1,1,1,1,0.7987600022372366,-1
id,ExpertQA_eea05b3b-2d54-47e9-a782-c042a773ca6f,This involves dividing the 30 mice available for each round of breeding into four groups with equal numbers of mice (7 or 8 per group) and randomly assigning them to each of the four experimental groups [2].,ExpertQA,1,0,0,0,0.38872577843733164,-1
id,ExpertQA_fee547a8-d217-4753-861a-b5a1374caf80,"For n > 2, determining the homotopy groups involves using various algebraic and geometric techniques, such as the Hopf fibration, cellular homotopy groups, and homotopy groups of CW complexes [9].",ExpertQA,1,1,1,0,0.4838805228233872,-1
id,ExpertQA_768ef17c-0e2e-4de6-a2e6-f88528f3af20,Yukio Mishima was a prolific and influential Japanese novelist of the 20th century[7].,ExpertQA,1,1,1,1,0.7996311662090235,-1
id,ExpertQA_746c9fc0-5245-47ef-8d5e-caef3f58dfea,"Mexico's architectural landscape is strongly influenced by its pre-hispanic and colonial history, which forms the largest concentration of UNESCO World Heritage Sites in the Americas [2].",ExpertQA,1,1,1,1,0.7975088289627789,-1
id,ExpertQA_a8e7b330-bf89-4e41-b964-ceb0dbd69291,"Non-compete or non-solicitation agreements: If your employment contract contains a non-compete or non-solicitation clause and your employer believes your new influencer activities violate those terms, they may take legal action seeking an injunction to prevent you from continuing your activities or damages for any harm caused by your breach [6].",ExpertQA,1,1,1,1,0.603592221806516,-1
id,ExpertQA_1800eb12-1efe-4fd5-b53c-cdcdc4ac21a8,"Particularly in Escherichia coli, high-level expression of heterologous protein was found to lead to the formation of inclusion bodies, evident in both the cytoplasmic and periplasmic spaces of the microorganism [2][4].",ExpertQA,1,1,1,1,0.7922039198318025,-1
id,ExpertQA_d9aac43f-daac-4119-9468-30101b931ce1,"Apply perspective principles to your paintings: Implement the techniques you have learned in your own artwork by accurately portraying objects, buildings, and landscapes in perspective [6].",ExpertQA,1,1,1,1,0.8027015418979653,-1
id,ExpertQA_4ceadfc0-ef35-4218-8ccc-a4411e99ae99,"If evacuation is determined to be necessary, such a decision may originate from the pilots, but sometimes anxious passengers or cabin crew may decide to deploy the slides for evacuation [4].",ExpertQA,1,1,1,1,0.5944764987115508,-1
id,ExpertQA_9dabf0fe-a79d-4221-9c67-fea98a75b179,Magma is extremely hot liquid and semi-liquid rock located under Earth’s surface[4].,ExpertQA,1,0,0,0,0.42627813841061796,-1
id,ExpertQA_afb5f318-d142-4afa-85f2-70e45e1431d1,This information can be found through the asphalt manufacturer or engineering consultation[7].,ExpertQA,1,1,1,1,0.7129523944680317,-1
id,ExpertQA_2de8d2b1-f1bd-4d31-9369-5ebbddb361d5,"By examining the relationship between education attainment and income distribution, researchers can identify the extent to which education helps reduce income disparities and, consequently, poverty [13].",ExpertQA,1,1,1,0,0.4226008054718843,-1
id,ExpertQA_ad1433d5-33be-4769-9598-7823da2fd5ff,"If that is not possible, you can ask the patient about their medical history, family history, allergies, medications, lifestyle habits, and any other relevant information[5].",ExpertQA,1,0,0,0,0.2976204806742732,-1
id,ExpertQA_92e48bf2-6a9a-4c94-9bf4-4f59b47aa15c,"According to the web sources I found, there are no global consensus guidelines for treating cutaneous T-cell lymphoma (CTCL)[2].",ExpertQA,1,0,0,0,0.2939106160866652,-1
id,ExpertQA_f008b8f3-6271-4aa4-a5e4-e640e24ae3c7,Seismic ratings** for cabinets to protect against equipment damage during seismic events[2]. - **,ExpertQA,1,1,1,1,0.7942252180761953,-1
id,ExpertQA_78538598-6165-4f79-b361-c0b8e0a04553,"However, the exact mechanism through which the infection might directly damage mental health remains unclear, and further research, such as animal studies, is needed to disentangle the direct biological causes from the indirect causes of long-term neuropsychiatric conditions[5].",ExpertQA,1,1,1,1,0.7996237191241065,-1
id,ExpertQA_d59c8b7d-544a-418a-9643-5c2db0244924,"The exact cause of this transformation is not clear, but some risk factors include high-risk genetic mutations, unmutated immunoglobulin heavy chain variable region genes, and prior treatment with fludarabine[8].",ExpertQA,1,0,0,0,0.3328753504286326,-1
id,ExpertQA_96915049-9dc6-4c07-9048-e1ac2dc24c57,"These therapies afford greater flexibility and adaptability, emphasize the development of long-lasting coping skills, and have demonstrated effectiveness across a range of psychological disorders[10].",ExpertQA,1,0,1,0,0.45449832860760625,-1
id,ExpertQA_96670a2a-8fb4-407e-82d1-c7e44f5c6f36,"It's important also to bear in mind, the structure of the yarns used can greatly affect the finish, and can make differences in the final appearance and handle of the fabric [5].",ExpertQA,1,1,1,1,0.7355020182935684,-1
id,ExpertQA_fbfd8636-7d9b-4058-833b-6160def86b8b,"In conclusion, the Mycenaean civilization is considered part of the Sea Peoples due to their seafaring abilities, powerful navy, and their potential participation in the raids and invasions that led to the collapse of several civilizations in the Eastern Mediterranean and the Near East during the late Bronze Age [7].",ExpertQA,1,0,1,0,0.4873495480614376,-1
id,ExpertQA_03b6d42c-b882-4b1f-8958-88963cfb8248,"On the other hand, investing in stocks has historically provided an average annual return of around 7% after adjusting for inflation [6].",ExpertQA,1,1,1,1,0.7990165131804159,-1
id,ExpertQA_128c121d-0ffb-49ef-a81f-960f8b6efd67,"Calculate appropriate evaluation metrics, such as accuracy, precision, recall, and F1-score, to assess how well the model can predict the outcomes of future matches [14].",ExpertQA,1,0,0,0,0.29077636523328465,-1
id,ExpertQA_bbfec26c-ab9b-4af4-a0de-b93847382d20,"The persistence of challenges such as unemployment, poverty, inequality, crime and corruption[2] [3] [4].",ExpertQA,1,0,0,0,0.3381647841858397,-1
id,ExpertQA_d2a4e1cc-50de-4853-a441-535a7a1dea84,"Today, the country continues to innovate with socio-political agendas that push the boundaries in terms of volume, materiality, and environmental footprint [1].",ExpertQA,1,0,0,0,0.3332743424401962,-1
id,ExpertQA_d4a88739-01bf-4bf9-b38e-dbbb3e4f4d4d,The concept of eudaimonia was closely tied to the terms aretē (translated as 'virtue' or 'excellence') and phronesis ('practical or ethical wisdom') [5].,ExpertQA,1,1,1,1,0.6588981162952108,-1
id,ExpertQA_9eabb2e5-7490-45bb-993c-70f335a9d873,"The choice of AEDs depends on factors like seizure type, age, and potential drug interactions [8].",ExpertQA,1,1,1,1,0.5102929082462911,-1
id,ExpertQA_805cd02f-6517-44f2-b20c-a61317046a57,These citations generally require the offender to pay a fine or appear in court to contest the violation [5].,ExpertQA,1,0,0,0,0.34688397387099473,-1
id,ExpertQA_31416903-4d43-42d5-bac4-4635994fb0e3,"Measure the length, width, and depth of the road surface in meters [4].",ExpertQA,1,0,0,0,0.4413656916823785,-1
id,ExpertQA_852c7778-f192-4ca3-a2c7-faec92344ec5,"In order to address systemic issues and conflicts of interest, all stakeholders in the profession, including practitioners, employing organizations, regulators, and educators, should work together to formulate principles and policies [3].",ExpertQA,1,0,0,0,0.4604316075613758,-1
id,ExpertQA_916264d3-d88a-4bdc-ac32-b0b7b45e8796,"In summary, naturalism and realistic notions in European art emerged mainly due to the rediscovery of classical art and literature during the Renaissance, the rise of humanism, the patronage system, advancements in artistic techniques, and the growth of scientific inquiry[10].",ExpertQA,1,1,1,1,0.798372133402081,-1
id,ExpertQA_117aa535-5cfe-42a9-a7d9-3390bb5b0a20,"Education and professional development should emphasize highly internalized ethical behaviors, making them habitual for accountants [3].",ExpertQA,1,1,1,1,0.7776549714674567,-1
id,ExpertQA_1db3b0a5-8264-4799-9fbf-ff454a1e9768,"If you find out there is some leachate on the bottom of a landfill over a groundwater, you should ensure proper leachate management and monitoring to prevent contamination of the groundwater and nearby water sources [3].",ExpertQA,1,0,0,0,0.31635535733664505,-1
id,ExpertQA_e2a77277-12d0-4e96-a708-c5937f10f8fa,"These threats have led to the emergence of post-quantum cryptography, which aims to find an encryption scheme that can resist attack from quantum computers[3].",ExpertQA,1,1,1,1,0.6294190462287763,-1
id,ExpertQA_3cf5ce14-bf1a-4e8d-bcb2-25faf23ff904,"The term ""hominin"" refers to a group of extinct human species and their close relatives, which emerged around 6-7 million years ago [1].",ExpertQA,1,0,0,0,0.4692764876578333,-1
id,ExpertQA_74211e67-b53c-4172-9fc3-e26ddd3afd3c,"Third-generation therapies in psychology, also known as ""contextual therapies,"" are an improvement compared to previous generations due to their focus on the context and function of psychological issues rather than merely targeting symptoms or cognitions [1].",ExpertQA,1,0,0,0,0.2790089841404115,0
id,ExpertQA_b18c84d4-fd22-4855-a2f7-df3c4fc2a1ac,High literacy and numeracy rates are often associated with low poverty rates [6].,ExpertQA,1,0,0,0,0.2778801899666992,0
id,ExpertQA_94daa953-f6f0-4240-84d6-58ff37159fe9,"Influenced by the modernist art movement, it emphasizes function and prioritizes the use of new materials such as steel, glass, and reinforced concrete [4].",ExpertQA,1,1,1,1,0.5740864553834505,-1
id,ExpertQA_5cd6743d-f0fa-4bce-93f9-7aa405b3b8cc,Split the data: Divide the dataset into a training set and a test set[7].,ExpertQA,1,1,1,1,0.8047332266827912,-1
id,ExpertQA_3a6aefb7-a50d-44ef-bcaa-b5ad69a566d0,"However, most employers may prefer candidates who have completed the specialist portfolio along with their degree [2].",ExpertQA,1,0,0,0,0.3216638264163374,-1
id,ExpertQA_2f37d9a4-8f2b-4c80-9481-16a9368f4941,Sustainability is a form of intergenerational ethics in which the environmental and economic actions taken by present persons do not diminish the opportunities of future persons[1].,ExpertQA,1,1,1,1,0.7845675797264846,-1
id,ExpertQA_d1e1f24b-80a0-4c2c-b3fb-a0e1b4be0113,"Therefore, a project manager on a construction site should consider using a combination of cement and silica fume to obtain the desired properties for their specific construction application[15].",ExpertQA,1,0,0,0,0.28833537214334787,-1
id,ExpertQA_ca4d1cb8-c1c8-4913-8950-7b802296516f,"In summary, the conditions for an employee to request reimbursement of travel expenses based on mileage include using a personal vehicle for work-related tasks, not exceeding the true expense of driving for work, and adhering to state and federal laws and regulations [2][3][4].",ExpertQA,1,1,1,1,0.7987526222603446,-1
id,ExpertQA_5b4f43f7-6cb8-48a3-a26e-ba04f197c560,"Art focused on naturalism and realistic notions such as proportions and perspective appeared mainly in Europe due to several factors, including historical, cultural, and intellectual influences[1].",ExpertQA,1,1,1,1,0.7830549331479595,-1
id,ExpertQA_8d427c81-f3a4-4618-8d03-0a82c3e9d9d4,The time complexity of the Quicksort algorithm in the average case is O(n log n) [3].,ExpertQA,1,0,0,1,0.5039431705310651,-1
id,ExpertQA_17790742-7158-4ae9-85e1-00e5d5986ed4,Such identities influence how countries perceive themselves in relation to others in an international society and further guide the construction of their national interests[3].,ExpertQA,1,1,1,1,0.7567968248305358,-1
id,ExpertQA_ec893f0f-82a4-4135-b794-0b78045043a7,"Some authors fear that autonomous decision-making for NIPT may cause information overload, while others believe the procedure's triviality might lessen the attention on careful and broad pre-test disclosure by both physicians and test-using women [4].",ExpertQA,1,1,1,1,0.7760586237251926,-1
id,ExpertQA_7d9aaf48-309a-448e-a382-e838c2726a9a,"Organize the vocabulary into categories such as financial news, sports, celebrity gossip, and politics, and practice saying each word out loud five times to memorize them [3].",ExpertQA,1,1,1,1,0.705128908403708,-1
id,ExpertQA_6eb149fd-5286-43d3-a15f-2058f8ebf25f,"Additionally, it can improve the bond between the concrete and reinforcement, reducing the likelihood of cracking and failure [10].",ExpertQA,1,0,0,0,0.30378681225948545,-1
id,ExpertQA_779e75a1-4080-42d3-9479-6f826059af05,"In summary, while the condition of international anarchy does pose relevant challenges, countries can still maintain collaborations by prioritizing social identities, national interests[3], acknowledging the fluidity of international dynamics[1], and capitalizing on curiosity and knowledge of global issues[2].",ExpertQA,1,1,1,1,0.8023059977608094,-1
id,ExpertQA_58d5cc52-7ee2-454f-b286-b05ee57b53ca,"To optimize overall growth, these nations must address population growth and ensure that economic expansion outpaces demographic increase [1].",ExpertQA,1,1,1,1,0.779709223309021,-1
id,ExpertQA_c2cb48c8-d8c9-4027-9d53-f9479c7a92d7,"Also, the attitude and behavior of the therapists that promote change in clients, which are independent of the therapeutic approach they use, are crucial common factors[1].",ExpertQA,1,0,1,1,0.5524753690219445,-1
id,ExpertQA_5d0cadcd-c0b1-4305-af62-1facfeb8c863,"These factors can enhance the therapeutic process, but the most fundamental aspects of therapy lie in these common factors[3].",ExpertQA,0,0,0,0,0.39625632826816565,-1
id,ExpertQA_a2fe9fc1-4d73-4e7f-975b-a6b3e3d16cad,"Shor's algorithm, which is a quantum algorithm that can swiftly factor large numbers, would make breaking RSA encryption far quicker and more efficient on a quantum computer than on a classical computer[1][2].",ExpertQA,0,1,1,1,0.7521134744916474,-1
id,ExpertQA_91815d7e-4a8d-4839-8040-305514b573bb,"However, if you are aiming for long-term growth with lower risk, a well-diversified portfolio of stocks could be a better option [11].",ExpertQA,0,1,1,1,0.5725264632251738,-1
id,ExpertQA_3973a209-cf8f-47c7-8629-2e7a5c66ac5a,There is no standard number applicable to all situations[2].,ExpertQA,0,0,0,0,0.3258130795532856,-1
id,ExpertQA_b3bc0412-e06a-4bb3-baa8-8ab8405bf48b,"First, it ensures the accuracy and consistency of the translation, maintaining the original message's intent and meaning [2].",ExpertQA,0,0,0,0,0.2765011337643061,0
id,ExpertQA_42c15767-365f-495b-9a18-0c25aa12bd10,"The training set will be used to train the prediction model, while the test set will be used to evaluate its performance [8].",ExpertQA,0,0,0,0,0.28667295543547805,-1
id,ExpertQA_33b954b8-f089-451d-b088-f7f52e33feae,"The minimum distance between wind turbines from different wind parks varies depending on the specific regulations and guidelines of each country, state, or region, as well as factors such as turbine size, power output, and local environmental conditions  [1].",ExpertQA,0,1,1,1,0.6680109361546721,-1
id,ExpertQA_e57b0efc-b309-4331-a272-b04994ebdbf3,These may include information and statistics on high school dropout in Langa[8].,ExpertQA,0,0,0,0,0.28655944766107533,-1
id,ExpertQA_a1c30c92-4aa8-4bed-8cdc-5f4cbb436819,"Implementing a shield or protection feature: Provide a temporary shield or protection to cars that are actively moving and racing, which can help absorb or negate damage from other players[9].",ExpertQA,0,0,0,0,0.31333802558515933,-1
id,ExpertQA_a370c13b-9bc8-46cc-8de5-b0d475709c6b,"In patients with achalasia, the barium esophagram often shows a ""bird's beak"" sign, which is characterized by a tapering of the distal esophagus with proximal dilation [1] [2].",ExpertQA,0,0,0,0,0.37095908862821675,-1
id,ExpertQA_62115d59-651b-4678-8171-17bb9b4eb515,"Squid species often display low interspecific variation in the COI gene, which hinders accurate identification [2].",ExpertQA,0,0,0,0,0.2872908642989936,-1
id,ExpertQA_8c63f3d5-f76b-4c61-953d-08f1422e023d,"The EHCP process begins with an assessment, through which the local authority evaluates the needs, identifies appropriate support, and assigns resources [3].",ExpertQA,0,1,1,1,0.7942749696357515,-1
id,ExpertQA_9610e776-a41b-4a82-ab26-06e7168ca259,It might be beneficial to create a conflict resolution plan to ensure a consistent approach with the client [3].,ExpertQA,0,1,1,1,0.8042803597339163,-1
id,ExpertQA_277ed35a-bd22-4e78-8bad-028993ab9bd0,"Queen Elizabeth I is considered the greatest and most successful English crowned monarch, with 36% of the votes in a survey carried out among authors by the Historical Writers' Association (HWA) [3].",ExpertQA,0,1,1,1,0.5328034043970374,-1
id,ExpertQA_9b3edaba-bcd1-4060-a057-fff723764b24,"The Mantova Literary Festival website contains a profile on Eros Alesi, outlining his career achievements and highlighting the reception of his published works [5].",ExpertQA,0,1,0,0,0.4644778062324782,-1
id,ExpertQA_d9ff2bb2-0681-47aa-b16d-d422adb14294,"It can increase the concrete's strength, durability, and resistance to chemical attack [8].",ExpertQA,0,0,0,0,0.2917677554373596,-1
id,ExpertQA_e5910092-4986-427c-89f5-84dbb98b7a6a,"The cloth then undergoes dyeing, even in cases where the yarn was dyed before weaving [1][4].",ExpertQA,0,0,0,0,0.46753599363324944,-1
id,ExpertQA_dfe804c8-0dd8-4bb6-8a00-e34f20f8ef5d,"For example, individual migrants might be motivated by personal factors, such as economic opportunities, social networks, and the desire for a better life, while simultaneously being influenced by broader structural factors such as national and international migration policies, economic disparities between countries, and regional conflicts [5].",ExpertQA,0,0,0,0,0.27794288148473195,0
id,ExpertQA_4b9c04c4-1dd1-4b0f-aa7d-6142625b28c1,The imperialist countries utilized the resources of their colonies for the war [3].,ExpertQA,0,1,1,1,0.5354511227764378,-1
id,ExpertQA_262095e8-3429-4538-9bc7-5bc4882db8cf,"A good starting point would be cognitive restructuring, a therapy approach that helps patients learn new ways of dealing with distorted thoughts and feelings [4].",ExpertQA,0,0,0,0,0.32265282451172483,-1
id,ExpertQA_d8f517fd-63b9-4010-843c-8e4e3f1bd0e0,"After the seizure stops, stay with the person until they fully regain consciousness, and calmly reassure them about what happened [5].",ExpertQA,0,1,1,1,0.7993801635210839,-1
id,ExpertQA_c99e2073-a1b4-4524-a29d-63edd21d8959,"Eros Alesi is an Italian poet and writer, predominantly known for his works in the field of contemporary Italian literature[1].",ExpertQA,0,0,0,0,0.4144102957685408,-1
id,ExpertQA_d8c84c3a-151f-43f1-9323-fef8a87d0024,of Psychiatry and Behavioral Sciences offer a range of therapy groups and individual treatments [2].,ExpertQA,0,0,1,1,0.7702988272295567,-1
id,ExpertQA_f73c35cc-d3e5-474f-a3b9-f49d654c7d0a,"This is due to the hypo-mobility and failure of the esophageal muscles to relax, leading to a narrowed lower esophageal sphincter and the build-up of barium in the esophagus, giving the appearance of a bird's beak [3].",ExpertQA,0,0,0,0,0.2968445079180729,-1
id,ExpertQA_83f4677c-50e4-4a70-9203-829b6b0a1c71,"In contrast, silica fume, a byproduct of the silicon and ferrosilicon industries, is a fine-grained, high-strength pozzolanic material that can be added to concrete mixtures to improve their performance and durability [3].",ExpertQA,0,1,1,1,0.7442256685985523,-1
id,ExpertQA_743064c1-9f02-4e5a-95e8-70942c1d66f2,"However, some of the strategies that have been suggested by various sources[1] [2] [3] [4] are:  - Using analogies and anecdotes to explain difficult concepts[1] - Grouping students by knowledge gaps and tailoring instruction accordingly[1] - Encouraging students to ask questions and engage in critical conversations[1] [4] - Using project-based learning and interactive demonstrations to foster understanding and application[2] [3] - Using just-in-time teaching to assess students' prior knowledge and address misconceptions[3].",ExpertQA,0,0,0,0,0.2838046674372228,-1
id,ExpertQA_3dfe6463-6b2e-4d35-b559-651a823d3e82,"Pound's life and work are open to interpretation, and it is critical when discussing historical figures' personal lives and identities to approach them with nuance and factual accuracy [3].",ExpertQA,0,1,1,1,0.5413783324405804,-1
id,ExpertQA_e1623d2e-3df6-48b0-9c40-f9716b4c2758,"These may include:

1[2].",ExpertQA,0,1,1,1,0.7890155594692049,-1
id,ExpertQA_daac3282-81d6-4630-9b2b-f3c061634a9b,"As a healthcare professional, you can take several steps:

1[2].",ExpertQA,0,1,1,1,0.8044172078978192,-1
id,ExpertQA_75a7428c-d29f-4776-969e-e806e99a6e8c,"Furthermore, vessels must not make abrupt course changes, due to the difficulty of detecting another vessel's movement in restricted visibility conditions [6].",ExpertQA,0,0,0,0,0.2873971439591842,-1
id,ExpertQA_c604e55b-323c-4797-a6b8-7c34ca69ce24,"To compute the homotopy groups of the sphere S^2, you need to understand the general concept of homotopy groups and the specific properties of S^2[1].",ExpertQA,0,1,1,1,0.7824816916392546,-1
id,ExpertQA_496e10cc-445c-43fa-a4b0-5a8c084a8c50,"If you are open to taking significant risks in search of potentially high returns, you might consider investing a portion of your portfolio in cryptocurrency [10].",ExpertQA,0,0,0,0,0.2866555615580993,-1
id,ExpertQA_0518bc7e-4d11-49bc-bffa-f6a8d77c6327,"Next, I would work together with the client to find a potential solution to their issue, by examining their current financial situation and identifying possible actions to rebuild savings, reduce spending, minimize interest expenses, or find other sources of income [1].",ExpertQA,0,0,0,0,0.2868302145022462,-1
id,ExpertQA_26fbc0ab-a7f5-4afe-8181-d98dec8ad487,"Quetiapine is an atypical antipsychotic medication used in the treatment of schizophrenia, bipolar disorder, and major depressive disorder [5].",ExpertQA,0,0,0,0,0.34819106966512947,-1
id,ExpertQA_b8eaaf94-5f91-48a8-ac07-e2dd3eda3665,"These simplifications might inadvertently favor the algorithm, leading to better performance [3].",ExpertQA,0,0,0,0,0.29924601872799134,-1
id,ExpertQA_864a4572-c1ef-4165-905d-dccd5398b2b1,"He argued that societies would eventually decline and fall into a state of barbarism, only to restart the cycle again [3].",ExpertQA,0,0,0,0,0.29295951354124555,-1
id,ExpertQA_8588c6bb-f610-43d0-8ea6-400be2e67e2a,"Encouraging employee involvement and investing in training programs can help organizations develop a quality-driven culture, where every individual is responsible for maintaining and improving supply chain processes [7].",ExpertQA,0,0,0,0,0.34542073116546484,-1
id,ExpertQA_ffe8f52e-af26-4662-bebd-657db4e4bab0,"Other common factors such as motivation for change, events that facilitate change, supportive relationships, and a strong belief system are also important for therapeutic change and these constitute client factors that account for 40% of all therapeutic change[2].",ExpertQA,0,1,1,1,0.7163253950562515,-1
id,ExpertQA_5fff0a85-52a8-4ebc-8eb4-b9afbc35c88f,"For the sphere S^2, which is a 2-dimensional sphere, you want to compute its homotopy groups π_n(S^2) for various n. Here are some results for the homotopy groups of S^2 :

1[4].",ExpertQA,0,1,1,1,0.6328218615688939,-1
id,ExpertQA_f66716b2-3bba-4011-b801-39a0037d3fa8,Offer alternatives to the OTC medication if appropriate[8].,ExpertQA,0,0,0,0,0.3215649101723329,-1
id,ExpertQA_4fb8b2c4-78cc-407d-83ee-ea68fb7be060,"Real-world sensors can suffer from noise, drift, and other errors that may not be present in the simulated data, which could affect the algorithm's performance [7].",ExpertQA,0,0,1,0,0.48327289513698396,-1
id,ExpertQA_af7a1bbb-01c3-4abd-91e4-ce48974d374c,"Music of Coimbra, also known as Fado de Coimbra or Coimbra Fado, was born in the late 19th century, around the 1890s [1].",ExpertQA,0,1,1,1,0.7811739406740837,-1
id,ExpertQA_7a966a10-c707-4b4a-9dc3-b646d3bae54f,"The note F# is not a part of the key of C major, as the key of C major consists of the notes C, D, E, F, G, A, and B, without any sharps or flats [1].",ExpertQA,0,0,0,0,0.4630302922405195,-1
id,ExpertQA_001201c7-d4f5-4c61-ace7-0fe05f9b92d9,"However, based on available information, neither quazepam nor quetiapine appear to be primarily indicated for epilepsy management  [2].",ExpertQA,0,0,1,1,0.7851169526243093,-1
id,ExpertQA_8f442d05-7227-4371-9eb7-67dfb6014f78,"The Reconquista concluded with the capture of Granada by the Catholic Monarchs, Ferdinand II of Aragon and Isabella I of Castile, in January 1492 [3].",ExpertQA,0,1,1,1,0.718517102694311,-1
id,ExpertQA_0d137269-9b3d-4529-8bb0-dcd64a7d566b,Asking for feedback** from others to identify and correct biases and blind spots[6]. - **,ExpertQA,0,1,0,0,0.31040190056889827,-1
id,ExpertQA_1441bf99-4f20-4d0c-85bb-9c22779305d3,Using information from a criminal source may be considered ethical if the public interest in uncovering the drug ring outweighs the potential harm or risks associated with using the source [2].,ExpertQA,0,0,0,0,0.28616111714760417,-1
id,ExpertQA_a68a91de-d5e1-4bf9-9ab2-e0ceec35dafa,The latter technique is called **reverse osmosis** and it is widely used in modern desalination plants[1].,ExpertQA,0,0,0,0,0.2999581738043807,-1
id,ExpertQA_cc6a07ad-b867-4467-b45a-806a2f91ce67,"Limited depth information: Many surface analysis techniques, such as X-ray photoelectron spectroscopy (XPS) and Auger electron spectroscopy (AES), primarily provide information about the outermost atomic layers of the material  [7].",ExpertQA,0,0,0,0,0.29907557590915157,-1
id,ExpertQA_8596a65c-4f6a-468b-87a0-6f87135cd737,"These issues can result from various factors, including the high-pressure nature of the job, exposure to traumatic events, long working hours, and insufficient support and resources  [2].",ExpertQA,0,1,1,1,0.804354283191833,-1
id,ExpertQA_777668ba-89c6-4016-b5e4-ecd8ac4a4d5b,This helps researchers to focus on the behavior and growth of the bacteria under different experimental conditions without interference from the growth medium [5].,ExpertQA,0,0,0,0,0.27377266636181863,0
id,ExpertQA_067a8db3-cb2b-4467-aee9-3c95fea6b4b7,It is crucial to consult with a medical professional for the most appropriate treatment for an epileptic patient and to determine an appropriate loading dose for a specific medication[9].,ExpertQA,0,1,1,1,0.7589313789684231,-1
id,ExpertQA_cf12cbf8-d220-4f04-a567-05169aa32795,"To operationalize the artform of dance when conducting design research on mood, you can consider the following approaches:

1[1].",ExpertQA,0,0,0,0,0.404832062458056,-1
id,ExpertQA_635d7218-7596-41cd-baa7-dde701d7c882,"Then, **perform a physical examination** of the family members for signs of TB, such as swollen lymph nodes or abnormal lung sounds[5].",ExpertQA,0,0,0,0,0.3160159623519634,-1
id,ExpertQA_62f3b814-789f-4937-be78-bda7540a388a,"Yes, as healthcare professionals, it is important to inform patients about the lack of scientific evidence supporting the efficacy of homeopathic medicines[1].",ExpertQA,0,0,1,1,0.5653266011367404,-1
id,ExpertQA_6d970134-961f-4c7c-b87f-979dfa6c0fdb,"This theme of exploitation and dominance is also echoed in other statements about leagues and alliances which were designed to maintain imperialistic control and forced cooperation, mainly through the promise or threat of war [2][4].",ExpertQA,0,0,0,0,0.2848282205524867,-1
id,ExpertQA_b316575e-fa3f-4ff0-8d2c-adcfecc15e7e,"However, the potential for significant gains may be lower compared to investing in cryptocurrencies, as the returns are generally more predictable and consistent [8].",ExpertQA,0,1,1,1,0.7300707549259583,-1
id,ExpertQA_69fb1cee-0f25-46e6-af98-dd731b8ff1f1,"Introducing a countdown timer that forces players to move: If a player remains stationary for a specific period, a countdown timer will appear, urging them to move[3].",ExpertQA,0,1,1,1,0.64253588169881,-1
id,ExpertQA_56f49019-b725-4c98-8257-8e06cd6535c3,It is crucial to create a safe and nurturing environment for the child to express their feelings and concerns [2].,ExpertQA,0,1,1,1,0.8085654406273461,-1
id,ExpertQA_7dafa88d-b2c0-46c7-ab6a-d50753175226,"In summary, while the possibility of timely development of new therapies against a hypothetical pandemic is higher than in the past, predicting an exact timeline and success remains uncertain due to the complex and dynamic nature of emerging infectious diseases [5].",ExpertQA,0,1,1,1,0.7866079616423531,-1
id,ExpertQA_c5d59d06-9e2e-4ae7-9f61-d3817f2ae681,"Additionally, annotated editions of classic literature can be found on platforms like Amazon Kindle  and Google Books , where you can purchase or download the ebooks depending on their availability and copyright status[3].",ExpertQA,0,0,0,0,0.29533470724258787,-1
id,ExpertQA_4ab70cec-168c-45c3-ac59-4d526124d14d,"Light elements like lithium, specifically lithium-7, and beryllium are also used as they have low neutron absorption cross-sections and can efficiently slow down neutrons without significant neutron capture  [3].",ExpertQA,0,1,0,0,0.4648915991997952,-1
id,ExpertQA_8cb8de38-ebc6-4403-a375-45cfeb152718,"The primary difference between the two lies in their underlying philosophies, design elements, and materials used[2].",ExpertQA,0,0,0,0,0.2891365748326344,-1
id,ExpertQA_c7fae27b-a42f-4e9c-9670-7e9847039f23,"Originally, ""ain't"" was considered grammatically acceptable and used by the upper classes as well as the working class[2].",ExpertQA,0,0,0,0,0.2918443035586446,-1
id,ExpertQA_6ac10eb9-de90-4054-bedf-4d846efef57f,Failure to move and race before the timer runs out may result in the player's car being automatically damaged or destroyed [4].,ExpertQA,0,0,0,0,0.26035631002881393,0
id,ExpertQA_f623f57a-fbbb-4111-9169-a2c2d8e68d65,"Remember to always approach the situation with empathy, respect, and professionalism, prioritizing the best interests of the patient while adhering to your organization's policies and procedures[13].",ExpertQA,0,0,0,0,0.3269050275764312,-1
id,ExpertQA_c5ff9897-ce43-4004-bfd7-c9fbe52a6a84,"The National Health Service (NHS) in the UK, as well as other health organizations, such as the Australian National Health and Medical Research Council, have issued statements advising against the use of homeopathy, citing the lack of scientific evidence for its effectiveness [3].",ExpertQA,0,1,1,1,0.5600918660093412,-1
id,ExpertQA_f61e6c3d-56cb-4359-a54e-e74a5cb5e8dd,"Finally, the system further entrenched the power of local elites and powerful landlords, who often manipulated elections and controlled the Basic Democracy institutions [2][4][5].",ExpertQA,0,0,1,1,0.7061902413120554,-1
id,ExpertQA_f6e1e17a-4db4-4f48-ad05-7a7102823477,This included the forced recruitment of soldiers and laborers [3].,ExpertQA,0,1,1,1,0.8048230514285666,-1
id,ExpertQA_0bf0c13a-5df1-4cd1-b7bf-8d6cae8a6862,"In cases where the child exhibits signs of severe distress or maladaptive coping strategies, a referral to a mental health professional who specializes in child and family therapy may be necessary to provide further support and intervention [8].",ExpertQA,0,1,1,1,0.6122044626907219,-1
id,ExpertQA_7018836d-e963-4a65-a447-07b1fa4decb8,A midwife can prescribe appropriate pain relief when providing intrapartum care [1].,ExpertQA,0,0,0,0,0.38194515603231294,-1
id,ExpertQA_92c223fd-b9e7-45c5-8e16-bdca39433456,"By considering both the individual and the structural dimensions of migration, this theory can help to provide a more nuanced and comprehensive understanding of the processes and implications of human movement across borders [9].",ExpertQA,0,1,1,1,0.6146609696565276,-1
id,ExpertQA_85f51c7f-229a-494d-af01-a03baab0274a,"In addition, the ultimate aim of an education system is to equip children with the numeracy, literacy, and wider skills they need to realize their potential and support their countries in generating jobs, innovation, and economic growth[2].",ExpertQA,0,0,1,1,0.5171616604811757,-1
id,ExpertQA_b962ed6c-dc83-4780-a43c-7e0b06f9200a,"There is no single ""best"" technique for treating athletes using sport psychology, as the most effective approach depends on the individual athlete's needs, goals, and specific issues they're facing [1].",ExpertQA,0,1,1,1,0.7022557718347013,-1
id,ExpertQA_a76c6add-82ed-4fde-ab3d-0bf55e1c45c8,"One such method is the Dess-Martin Oxidation [5], an oxidation reaction that selectively oxidizes primary and secondary alcohols to aldehydes and ketones, respectively, using Dess-Martin periodinane (DMP) as the oxidizing agent.",ExpertQA,0,0,0,0,0.2610327672413975,0
id,ExpertQA_01b8713c-7b45-493c-89b2-830bd5ae93aa,"Investigate the impact of dance on group dynamics: Explore how engaging in dance activities as a group influences individual participants' moods, focusing on factors like shared experiences, social interaction, and group cohesion [5].",ExpertQA,0,1,1,1,0.7189488054885419,-1
id,ExpertQA_727d475d-4e32-4d02-9310-7e85f95c143f,"Finally, **prescribe appropriate treatment** based on the test results and the type of TB (latent or active, drug-sensitive or drug-resistant)[1] [5].",ExpertQA,0,1,0,0,0.42104435470657686,-1
id,ExpertQA_2b85700c-8670-4418-9267-49f4391b5690,"If necessary, I would also recommend consulting a lawyer to recover any money potentially lost due to fraud [1].",ExpertQA,0,1,1,1,0.7631328333978342,-1
id,ExpertQA_7ac81476-7f32-4766-820f-9462f5c6607b,"This exploitation created resentment among the colonized peoples, who had been led to believe through propaganda that they were inferior to the Europeans [3].",ExpertQA,0,1,1,1,0.8007463516603663,-1
id,ExpertQA_ea099fd7-6b0e-450d-a1a5-e5e412b9e0fe,The importance of AOR (Area of Responsibility) or SOR (Scope of Responsibility) in the field of Environmental Science depends on the specific context and objectives of a project or organization [1].,ExpertQA,0,1,0,0,0.3772469597999502,-1
id,ExpertQA_03aaac34-1034-455c-a812-dcdb3e1cf1ea,"Additionally, inform the public and local health department about the potential risk, so they can take necessary measures to ensure the safety of their drinking water [5].",ExpertQA,0,0,1,0,0.4213278893062679,-1
id,ExpertQA_81effc43-9855-4209-959e-060469fd7d00,"In addition, the Senior Cabin Crew Member should update the flight crew and ask for further information about the situation and the remaining amount of time [2].",ExpertQA,0,1,1,1,0.7509419228723648,-1
id,ExpertQA_b001d499-1dac-4607-b1a6-610b5dd9ee9e,"Surface analysis is the study of the chemical and physical properties of the outermost atomic layers of materials, typically aiming to determine the elemental and molecular composition of surfaces [1].",ExpertQA,0,0,0,0,0.2875762690481457,-1
id,ExpertQA_851a80cd-da3e-4e46-856e-e7a4d55dfd20,"In the event of a new pandemic, medical technologies and clinical research have the potential to develop new therapies in a timely manner, although the specific timeline depends on various factors such as the nature of the pandemic, available resources, and prior knowledge of the pathogen [1].",ExpertQA,0,1,1,1,0.7498460889592868,-1
id,ExpertQA_4ad4de15-fde7-43a4-a024-b4c511118eac,Structuration theory can also be used to understand the ways in which individual migrants and migrant communities participate in the construction and re-construction of social and cultural structures in both their home countries and their countries of destination [6].,ExpertQA,0,0,0,0,0.3248693114279529,-1
id,ExpertQA_d171f148-f454-43dd-9475-efd87dd79001,"Over-documentation may lead to confusion, difficulty in locating relevant information, and increased time spent on maintaining documentation instead of focusing on core processes [2].",ExpertQA,0,1,1,1,0.7437501433113717,-1
id,ExpertQA_1818979e-c0e2-4cff-bd5a-522a92809ae8,"It is essential to verify the information provided by the criminal source as far as possible, and corroborate it with other sources to ensure its reliability [3].",ExpertQA,0,1,1,1,0.5738913956433913,-1
id,ExpertQA_d6837fb0-d0f8-46fb-b0a6-7b78b9369417,"Moreover, agar is considered a non-reactive substance that does not break down chemically, allowing it to remain relatively inert in the presence of bacteria and minimizing potential interactions [4].",ExpertQA,0,1,1,1,0.6589679038832997,-1
id,ExpertQA_a17f637c-73d3-49fe-9805-7e735e079c11,"Besides, it isn't wise to increase your friend count just for the sake of appearing popular [1].",ExpertQA,0,1,1,1,0.7981230095335136,-1
id,ExpertQA_0b45ae11-a2aa-4a42-8edd-6fb24f08dcc2,Computed tomography (CT) scan: Checking for subarachnoid blood on a CT scan can help identify subarachnoid hemorrhage [4].,ExpertQA,0,1,1,0,0.43172487628540546,-1
id,ExpertQA_019325b8-33f0-41dc-9b76-c280de0a78d8,"Although some antipsychotic medications have been reported to have anticonvulsant effects or seizure threshold modulation, quetiapine is not usually prescribed for epilepsy [6].",ExpertQA,0,1,1,1,0.5204075745718125,-1
id,ExpertQA_13724f35-3101-435d-bb6b-3badc7eda086,"However, it can also take 4 to 6 months to become a real estate agent, depending on the state's licensing requirements and when the real estate exam is taken [5].",ExpertQA,0,0,0,0,0.3483967973080359,-1
id,ExpertQA_c414ab35-aa2a-46ad-847b-63a9c45e2cff,"If a doctor walking down the street sees a person collapse, they should first ensure their own safety and that of the surrounding area [1].",ExpertQA,0,1,1,1,0.5109118189401901,-1
id,ExpertQA_43478dc6-0b05-48c7-aed4-88b0f2faaba4,"Managing simultaneous crises, such as a pandemic alongside climate-related disasters like hurricanes, tornadoes, wildfires, or heatwaves, could strain resources and limit our ability to implement climate solutions effectively [4].",ExpertQA,0,1,1,1,0.8067393354342534,-1
id,ExpertQA_72102e25-0b67-4b96-be70-e5d12730f44e,"As a guideline, you are advised to add people you personally know and not accept requests from unknown individuals [1][2].",ExpertQA,0,0,0,1,0.5117283476504482,-1
id,ExpertQA_8e218fa6-8868-4a9b-ba96-4f5813e89d92,"However, it is universally accepted that male and female brains exist and are different [1][2].",ExpertQA,0,0,0,0,0.26322914413582565,0
id,ExpertQA_a11eb232-f9ee-487e-8cef-141755fb7f1a,"While waiting for help to arrive, the doctor should begin assessing the person's airway, breathing, and circulation (the ABCs) [4].",ExpertQA,0,1,1,1,0.5359123941547083,-1
id,ExpertQA_aa45c234-004a-4372-b0c0-82cf70f5c1d7,The doctor should continue providing care until emergency medical services arrive or the person starts showing signs of recovery [6].,ExpertQA,0,0,0,0,0.29481885147928855,-1
id,ExpertQA_a82684ac-4742-4065-afde-5bc6dc43519c,"The Italian Poetry Library, ""PoesiaItaliana.it,"" provides an extensive collection of Eros Alesi's poetry, including texts from his various published works [4].",ExpertQA,0,0,1,1,0.7373772881588497,-1
id,ExpertQA_5c957924-abd4-4623-b5d8-440430a972b4,"Furthermore, addressing the inequalities in access to education, particularly for the continent's most marginalized children, as well as tackling conflicts in certain regions, would be important in ensuring progress on enrollment and education quality[3].",ExpertQA,0,0,0,0,0.29920979780203155,-1
id,ExpertQA_6355b209-51ae-4719-863c-8ebb9840157b,You should also consider the legal implications of using a criminal source and consult your organization's guidelines and legal advisors [5].,ExpertQA,0,0,0,0,0.3017958637775135,-1
id,ExpertQA_4659ae10-2a2e-4694-93f1-5fa607c34933,"Additionally, as a journalist, you need to be transparent with your readers about the nature of your source without compromising their anonymity[4].",ExpertQA,0,0,0,0,0.2876061180596951,-1
id,ExpertQA_22222859-3493-4a48-a378-0221295e3b73,"These property developers are known for their quality developments, extensive portfolios, and strong market presence in the UK's residential and commercial sectors  [2].",ExpertQA,0,0,0,0,0.32450000835269815,-1
id,ExpertQA_a7aed0cb-af57-45a8-bbf0-afbc6585dd9d,"A more educated and skilled workforce could eventually lead to increased incomes, economic growth, and the expansion of global markets and trading partners[4].",ExpertQA,0,1,1,1,0.6992654969490703,-1
id,ExpertQA_9d974201-169b-4b18-b299-8d034ffdbe73,"Nonetheless, ""ain't"" continues to be used in colloquial speech, particularly in informal settings, regional dialects, and popular expressions [4].",ExpertQA,0,0,0,0,0.28902604802344173,-1
id,ExpertQA_633fdb78-a883-4d42-9ad8-38ec2412ceb5,"Stocks, on the other hand, represent partial ownership in a company and are generally considered a safer investment option as they have a longer history of generating returns [3].",ExpertQA,0,0,1,0,0.41147752951847255,-1
id,ExpertQA_e8d9b738-90a4-4898-b766-5194516bd878,The time it takes to build a shopping center from the initial concept to space leasing can range from 2 to 5 years or longer [2].,ExpertQA,0,0,1,0,0.43998683655375587,-1
id,ExpertQA_c28abd5f-52fe-4a1a-8ea4-5cb1b1937a64,"Equitable education provisions across a nation's population can reduce the risk of violent conflict, especially in countries with large youth populations[4].",ExpertQA,0,1,1,1,0.7692943859347454,-1
id,ExpertQA_78d5342c-ea9e-47bc-85c8-f396f091fbc3,"These power-ups may include speed boosts, temporary invincibility, or weapons to damage opponent cars, further encouraging players to focus on racing [12].",ExpertQA,0,0,0,0,0.2885164081970009,-1
id,ExpertQA_7858106b-897c-4bbb-902b-12e7600aab0a,"Furthermore, the use of Renaissance-era paintings to illustrate the story adds a historical layer and aids in creating an educational and immersive experience [5].",ExpertQA,0,0,0,0,0.3125028914041177,-1
id,ExpertQA_9b14b6af-a17e-47f0-844d-741c31a9ee2e,"By informing patients of the ineffectiveness of homeopathic remedies, healthcare professionals can encourage them to seek evidence-based treatments to ensure optimal health outcomes[4].",ExpertQA,0,0,0,0,0.28294744871936917,-1
id,ExpertQA_f3aef1ec-3117-44de-81f7-038a1ec7b3ab,You should also consider the advice to not accept friend requests from individuals you don't know in real life [1][2].,ExpertQA,0,1,1,1,0.7925840948451183,-1
id,ExpertQA_0a3db7f8-52d7-4f20-b66f-632eafb0490c,"Third, QA ensures that the translated text adheres to proper grammar, spelling, punctuation, and style guidelines, enhancing the text's overall readability and comprehension [4].",ExpertQA,0,0,1,0,0.45435530147862074,-1
id,ExpertQA_067e1689-3d87-4ec0-b8e8-c08befc9db1e,"Midwives are qualified to administer and prescribe various forms of pain relief during labor, including nitrous oxide, opioids, and epidurals [2].",ExpertQA,0,0,0,0,0.29991697626356334,-1
id,ExpertQA_740c9177-a983-44bf-8373-0fbc35176df6,A foliation of a manifold can be described as the integral curves of a given vector field [1].,ExpertQA,0,1,1,1,0.7975678969765397,-1
id,ExpertQA_6651782c-f543-4bc3-b8c6-6a056970ac18,"A vector field can be visualized as stream-lines of a stationary flow or as Faraday’s lines of force, and a non-vanishing vector field in space generates a space-filling system of lines through each point, known to mathematicians as a congruence (i.e., a local foliation) [5].",ExpertQA,0,1,1,1,0.7363917980868426,-1
id,ExpertQA_dd839b6e-a319-4dd2-ab96-21afe4f7c595,"The tax threshold for individuals ranges from R91,250 to R151,100 depending on age[1].",ExpertQA,0,0,0,0,0.2874228738189642,-1
id,ExpertQA_625c947a-fe25-4cf0-a12e-a16de4075220,"This condition can also cause poor blood flow to the body, increase the risk of heart failure, and result in respiratory distress in the neonate[3].",ExpertQA,0,0,0,0,0.28636572172785113,-1
id,ExpertQA_daaf3dcf-1989-4b13-ba29-ab977dfee200,The revised PLO also encourages LAs to be more selective in their choice of expert witnesses and be mindful of the costs associated with engaging such specialists [1].,ExpertQA,0,0,0,0,0.28343177102598055,-1
id,ExpertQA_1369ac66-672a-4f11-b470-bc9072efdbfc,"If the individual is not breathing, the doctor should initiate cardiopulmonary resuscitation (CPR) [5].",ExpertQA,0,1,1,1,0.7299524255570738,-1
id,ExpertQA_4a9388ff-4cc1-42e1-8c72-b5fa99dccf99,"Analyze the effects of various dance styles on mood: Investigate how diverse dance styles (such as ballet, hip-hop, contemporary, or folk dance) influence participants' mood by observing and measuring participants' emotional states before and after engaging in dance activities [2].",ExpertQA,0,0,0,0,0.3103809933949656,-1
id,ExpertQA_e1d5ffce-1d25-4d92-9e09-f7cce294fca9,Consult with a financial advisor to determine the best investment strategy for your unique financial situation and goals[13].,ExpertQA,0,1,1,1,0.8008456947195757,-1
id,ExpertQA_adf0640f-f6a0-43b4-a461-d689baed72ce,"Cement is a more versatile material, suitable for a wide range of applications, including residential and commercial buildings, roads, bridges, and other infrastructures [5].",ExpertQA,0,0,1,0,0.45952841629135366,-1
id,ExpertQA_e9221861-ea39-4046-9c4b-bb869ef0f8c6,"To find resources related to high school dropout in Langa due to gangsterism and substance abuse, you can consult the following sources:

1[1].",ExpertQA,0,0,0,0,0.30953928218379434,-1
id,ExpertQA_168baadf-a91f-41bb-bbd3-2911471ce029,"The universe is estimated to consist of 23% dark matter, which is about 5 times more than ""normal"" or baryonic matter [3].",ExpertQA,0,1,1,1,0.7747527659519957,-1
id,ExpertQA_fd3c4829-e222-4afb-b589-686fe23aee0e,"According to some sources[1] [4], some conditions can be asymptomatic, meaning they have no symptoms until the later stages.",ExpertQA,0,0,1,0,0.4907958514360691,-1
id,ExpertQA_3fadb73b-e9d3-400d-b51e-c3e1f14c8abf,"In the field of Visual Arts, when working with an off-road vehicle model in Maya and using 8K textures, it is recommended to use the UDIM (U-Dimension) workflow [1].",ExpertQA,0,1,1,1,0.6814984830650552,-1
id,ExpertQA_a84c5c6e-f673-4641-8723-5c6be3389094,"Some resources related to the work of Eros Alesi include:

1[2].",ExpertQA,0,1,1,1,0.7588780038402332,-1
id,ExpertQA_f534e06c-b3e3-4172-81a8-904c587adf90,"Moreover, third-generation therapies facilitate long-lasting changes through teaching clients skills and techniques that they can carry with them beyond the therapeutic context [5].",ExpertQA,0,0,0,0,0.32019880913487425,-1
id,ExpertQA_45359733-746f-4f46-8bc3-38bb09871cc3,"If a patient regularly purchases over-the-counter (OTC) medicine containing potentially addictive ingredients, it is important to address the situation by offering guidance and support[1].",ExpertQA,0,0,0,0,0.2851201603224513,-1
id,ExpertQA_53a69ae6-5f1d-4d41-b124-0af307d86786,"Some of the most promising and innovative applications of nanomaterials in renewable energy are:  - **Inorganic nitride nanomaterials** for batteries, supercapacitors, solar cells, photocatalysis, electrocatalysis and high energy density materials[1]. - **",ExpertQA,0,0,0,0,0.346631975265671,-1
id,ExpertQA_b2e91e96-d331-48c4-ad53-0dab5dd4d153,"By incorporating these features and penalties, game designers can create a balanced and enjoyable gaming experience that emphasizes racing and competition over destructive camping strategies[15].",ExpertQA,0,0,0,0,0.2891757819651911,-1
id,ExpertQA_646bd9f4-c8af-476c-b94b-323fafae5cd8,Qualitative methods: Conduct interviews and surveys with participants to gather subjective insights on their mood changes after engaging in dance activities[6].,ExpertQA,0,0,0,0,0.27923069319767235,0
id,ExpertQA_055dcab5-90c9-43a6-8c04-5004b70f37d8,"It explains the relationship between individual human agency and social structures, suggesting that these two elements are not separate but rather intertwined in a continuous process of creating and recreating social systems [2].",ExpertQA,0,1,1,1,0.798466089918166,-1
id,ExpertQA_1de42c79-0aa0-4c43-a7a4-5288e3f0edff,"Additionally, regular employee training on data handling and security awareness can help prevent unintentional data leaks [5].",ExpertQA,0,1,0,0,0.3922909020747876,-1
id,ExpertQA_4b6ed301-ad90-4043-85e0-d58c309687da,"One major difference would be the drastic increase in sub-Saharan Africa's working-age population, which is projected to account for 68% of the world's total growth[4].",ExpertQA,0,1,1,1,0.8090760229227201,-1
id,ExpertQA_82791a3e-d283-4952-96a7-8c5638183d92,Suggest non-addictive remedies or recommend that they consult a healthcare provider for an evaluation and possible prescription medication [9].,ExpertQA,0,0,0,0,0.3177392805812318,-1
id,ExpertQA_8d125c08-f7b0-40c1-a5c9-997f03cc401c,"Second, QA helps maintain cultural appropriateness by identifying and addressing potential issues in the target language, such as idiomatic expressions, humor, and cultural references [3].",ExpertQA,0,0,0,0,0.2970977710583579,-1
id,ExpertQA_ed301e4a-2be1-43d6-843f-e02bfddc550d,Ask the patient about the medical issue they are trying to address with the OTC medication[6].,ExpertQA,0,0,0,0,0.30107407202107295,-1
id,ExpertQA_bfc30d5d-efaa-423c-82f3-d30b1e69fdff,"Next, establish access controls and encryption for sensitive data, ensuring only authorized users can access it [3].",ExpertQA,0,1,1,1,0.6107984867696139,-1
id,ExpertQA_a5b06b2f-deaa-459c-8755-98d07f1cc24d,"Then, repeat this process for subsequent rounds of breeding until you reach a total of 20 mice per group[3].",ExpertQA,0,0,0,0,0.26380539919658946,0
id,ExpertQA_55d05ce8-61ff-4b34-a0b7-1ee9594635e7,"For example, experienced fingerprint technicians may collect prints more quickly and accurately than those who are newer to the job [4].",ExpertQA,0,0,0,0,0.28744735977400904,-1
id,ExpertQA_514008c2-e135-41ee-be42-28b19331de25,"The number of fingerprint cards taken in one shift for military or law enforcement personnel can vary significantly depending on the specific role, workload, and location[1].",ExpertQA,0,0,0,0,0.2868333179009175,-1
id,ExpertQA_2c376554-f713-4ee0-b2d3-afd9d264d0cf,"The fusion of Spanish and indigenous Mexican ingredients and techniques, which evolved during the period of Spanish rule, came to be considered Mexican national cuisine following the country's independence from Spain in 1821 [3].",ExpertQA,0,0,0,0,0.29165791501599286,-1
id,ExpertQA_539dc701-5051-4fad-b09f-9714672c44df,"Some gifted and talented children may not say much when they are young, and then suddenly start talking in sentences [1].",ExpertQA,0,1,1,1,0.7135903599979283,-1
id,ExpertQA_7f1572a8-e88a-4fdd-a83f-736032546606,"In Chinese, there is no explicit morphological distinction between present and future tense, as the language primarily relies on context, time phrases, and aspect markers to convey temporal information [1] [2].",ExpertQA,0,1,1,1,0.7859904325867503,-1
id,ExpertQA_6af382cb-284f-4aea-9e66-01f74568554d,Langa Library: This local library in Langa Township may have resources and information about the local community's education and social issues[2].,ExpertQA,0,1,1,1,0.8039313126421855,-1
id,ExpertQA_e89534b1-3195-4e41-babd-e4652060b5a4,This will discourage camping and promote fair play [14].,ExpertQA,0,0,0,0,0.4582845111669617,-1
id,ExpertQA_d8f341c4-13c7-4130-a98a-b42dcc5224f6,"Investing in cryptocurrency can yield substantial gains, but it also subjects investors to significant risks, such as regulatory changes, security breaches, and a constantly evolving market [4].",ExpertQA,0,0,0,0,0.2476486487551767,0
id,ExpertQA_8cb2478e-2d58-40f6-ad75-d9a59cbf1bbb,"When magma rapidly cools on the Earth's surface, it leads to the formation of extrusive igneous rocks, also known as volcanic rocks [1].",ExpertQA,0,1,1,1,0.8048533608842783,-1
id,ExpertQA_c29cf330-c7f9-4d83-9792-37d1d014765e,"In a molten salt reactor, the best materials for use as a moderator are graphite and light elements such as lithium and beryllium  [1].",ExpertQA,0,0,0,0,0.26121685660895766,0
id,ExpertQA_2fdc68d4-3511-43e8-81b8-084224aca370,"However, there is no specific temperature threshold for eutrophication to occur, as its effects can vary significantly, depending on the local climate and water body characteristics [1].",ExpertQA,0,0,0,0,0.29862629667823,-1
id,ExpertQA_3c96ee61-b5de-4e78-88cd-35ba76cbb452,The difficulty in identifying squid species using the Cytochrome c oxidase I (COI) gene arises from the low levels of genetic divergence observed between species of squid [1].,ExpertQA,0,0,0,0,0.24836651456388148,0
id,ExpertQA_df4954bd-652c-4741-885c-748ac8067945,"For n=0, the 0-th homotopy group π_0(S^2) is trivial, meaning it contains only one element, as S^2 is a connected space [5].",ExpertQA,0,1,1,1,0.5191663832058091,-1
id,ExpertQA_c807c054-18b1-46fd-adc6-7bfb96e22340,"However, in Europe, the situation is different[4].",ExpertQA,0,1,1,1,0.7760789260161318,-1
id,ExpertQA_cdcc452e-0ddc-45c0-9d0f-238cd4b3c2d4,"More specifically, the n-th homotopy group, denoted by π_n(X), of a topological space X captures the essential features of continuous mappings of n-dimensional spheres (denoted by S^n) into X [3].",ExpertQA,0,1,1,1,0.7785479945936092,-1
id,ExpertQA_459516e1-4d5e-4daa-a0c2-aa43d7b868a7,"While the majority of these resources are only available in the Italian language, they provide valuable insights into the work of Eros Alesi and his contributions to contemporary Italian literature[7].",ExpertQA,0,0,0,0,0.2661175227959881,0
id,ExpertQA_5b9d9a44-42ae-4770-809b-160e04c21ee7,"Regulations related to labor standards, environmental protection, and taxation can lead to a higher or lower cost of production for businesses in a given country[4].",ExpertQA,0,0,0,0,0.28480331298610395,-1
id,ExpertQA_c47a5c19-de5d-4ba3-8f91-f4c230b71b48,Monitoring the supply chain's efficiency and staying on top of the flow of products and materials are crucial for a successful study [4].,ExpertQA,0,0,0,0,0.3093435428962695,-1
id,ExpertQA_b1f0267e-d2bf-4007-a700-8038cda4f9ad,There is no definitive evidence to suggest that Ezra Pound was a queer person[1].,ExpertQA,0,1,1,1,0.5916089205300467,-1
id,ExpertQA_2101ac13-92ce-4515-8960-a4dcec651287,Assess the patient's understanding of the risks and side effects associated with taking the medication regularly or in excessive amounts[4].,ExpertQA,0,0,0,0,0.286685853106835,-1
id,ExpertQA_c7f7e1d5-c09f-4a6e-bf30-6caf757f4b6a,This will discourage players from camping and encourage them to participate in the race [10].,ExpertQA,0,0,0,0,0.4561330179832558,-1
id,ExpertQA_9c4f3432-797d-4ab4-9cb6-1b15d88eb60c,"The Sea Peoples were a group of seafaring raiders, warriors, and traders who are thought to have originated from different regions, including the Mycenaean Greek world [2].",ExpertQA,0,0,0,0,0.29661059749404867,-1
id,ExpertQA_600e7b0d-38e8-4ca3-8d63-ec7ab953f013,The theory of structuration is a social theory first proposed by British sociologist Anthony Giddens in the 1970s and early 1980s [1].,ExpertQA,0,0,0,0,0.399858396055172,-1
id,ExpertQA_5cca50b6-ff8a-435e-babc-9a3d613a69f3,"The effects of mental health problems on police officers include reduced work performance, absenteeism, increased risk of physical health issues, and strain on personal relationships  [3].",ExpertQA,0,1,1,0,0.4877843094688933,-1
id,ExpertQA_15fbcc4d-a28c-4810-b4bc-a5cdbeb7253b,"Praise good behavior** and give attention to the unruly student on your terms, not when they misbehave[2]. - **",ExpertQA,0,0,1,1,0.5426920624862116,-1
id,ExpertQA_5592513d-5488-41a2-a56c-9194349a3228,"Some chemicals may become more toxic, while others may become less toxic or remain the same as they decompose over time [2].",ExpertQA,0,0,1,1,0.574420548741101,-1
id,ExpertQA_8eca7d90-b51b-46da-abf4-0bf10c2b813f,Each of these arteries has multiple segments responsible for different areas of the heart [3].,ExpertQA,0,1,1,1,0.7997261211116173,-1
id,ExpertQA_103011fc-b1b8-4069-a024-f2c19d1a9cd9,You should also enforce strong password policies and offer multi-factor authentication options for your users[2]. - **,ExpertQA,0,0,0,0,0.2876482753680557,-1
id,ExpertQA_37489c9b-8e99-483e-8398-8ccd74d1ac80,"It is possible for a child who isn't speaking by the time they are 3 to develop speech later on, especially with early intervention and speech-language therapy [4].",ExpertQA,0,1,1,1,0.8007555623996457,-1
id,ExpertQA_c6908b8c-1385-44bc-9f10-150da210d3de,"Conversely, countries with lower standards may face difficulties in exporting their products to more regulated markets, as their products may not meet the required criteria[8].",ExpertQA,0,0,0,0,0.31690047408464683,-1
id,ExpertQA_941d83a5-7656-4566-bfde-006cc60193aa,Post-earthquake inspections** by experts and software to ensure the safety of occupants and identify any damage or repairs needed[6].,ExpertQA,0,0,0,0,0.288354121001276,-1
id,ExpertQA_f1fddc82-2e52-49ff-912e-b57bec8d1739,"This type of diet is often referred to as a Mediterranean diet [3] or a whole-food, plant-based diet [4].",ExpertQA,0,0,0,0,0.3095274176196341,-1
id,ExpertQA_8bf5d17c-d0fe-42ed-b7dd-abb367d97a0c,Incorporate wearable technology: Use wearable devices (such as heart rate monitors or emotion-detecting wearables) to gather physiological data that helps gauge participants' mood changes during dance sessions [4].,ExpertQA,0,0,0,0,0.3453453717717506,-1
id,ExpertQA_a5c68803-fa27-4bd0-82d1-5eb59760886f,"This indicates that they are more, or at least as, important as the actual treatments used[3].",ExpertQA,0,1,1,1,0.765620994890831,-1
id,ExpertQA_49bb37fd-3f1d-4e6f-84d9-0cc627a1e8ec,"This difference is corroborated by observed differences in cognition, behavior, and physiology [1][4][5].",ExpertQA,0,1,1,1,0.7762798638262355,-1
id,ExpertQA_5e294b14-5e51-4203-8d9b-95e262e5c0f2,"Further, a product which increases the rate of determining global microRNA profiles and validates the differences as well as newly discovered small RNAs is being developed as per a proposal under the NSF SBIR which would provide details pertaining to small RNA sequencing [5].",ExpertQA,0,1,1,1,0.8013686250290512,-1
id,ExpertQA_55301cc1-b6c1-4ade-806a-968d05d652ac,"The blending of various styles and influences, such as the French suite and dance forms in his instrumental work and the integration of German music, Neapolitan song, and Venetian opera in his vocal music [9].",ExpertQA,0,1,1,1,0.7215458778269728,-1
id,ExpertQA_d9dac207-3db2-4203-b472-a6b93e7df233,"This involves the study of geological processes, sedimentary deposits, soils, and landforms to better understand the context, formation, and preservation of archaeological sites  [2].",ExpertQA,0,0,0,0,0.28558354559998816,-1
id,ExpertQA_2182f2fe-9371-414a-abfd-dd21ea09902b,"While some scholars have explored potential queer themes or elements in his work , no concrete evidence or explicit statements have been found to confirm that he identified as queer or participated in queer relationships [2].",ExpertQA,0,0,0,0,0.28560112074524935,-1
id,ExpertQA_a64068a2-f9ef-442e-826e-09951b7bb07f,It is advisable to consult a legal professional in your jurisdiction for advice tailored to your circumstances[9].,ExpertQA,0,1,1,1,0.7880563239663674,-1
id,ExpertQA_07450987-4adf-4e7e-ba8d-440cdb0a9140,"Firstly, the reforms were seen as a means to consolidate Ayub Khan's power as he used the elected representatives to legitimize his rule [1][4].",ExpertQA,0,1,1,1,0.8071185531416089,-1
id,ExpertQA_7229165f-42ec-4cc3-b1a7-0d4703722d90,"The Italian publishing house Campanotto Editore features Alesi's poetry collections on their website, offering synopses and details about each book [6].",ExpertQA,0,0,0,0,0.4486726402879405,-1
id,ExpertQA_b7c17120-f399-4dce-af1a-0f0b12305b0f,"Some types of triple negative breast cancer are known to be more aggressive with poor prognosis, while other types have a prognosis similar to or better than hormone receptor positive breast cancers [3].",ExpertQA,0,0,0,0,0.346474801232937,-1
id,ExpertQA_4daed40c-729c-478e-a43a-6a6eae592fef,This involves evaluating the whole person and addressing each client’s individual treatment needs [2] [3].,ExpertQA,0,1,1,1,0.7937198441776269,-1
id,ExpertQA_b6c6e49d-0096-4723-aff7-38215c3061ce,"For n=2, the 2nd homotopy group π_2(S^2) is isomorphic to the group of integers Z, meaning there is one generator for each integer (positive or negative) representing distinct homotopy classes of maps S^2 -> S^2[7].",ExpertQA,0,0,1,1,0.5992631445323408,-1
id,ExpertQA_dd451eb9-36e8-473b-8b4f-204ce3664aae,"It is to be noted that client factors, the therapeutic alliance, hope and therapeutic techniques are common factors whose importance is emphasized above specific therapy models[1][2][3].",ExpertQA,0,1,1,1,0.7993856673735832,-1
id,ExpertQA_fd68a363-eabf-4188-b239-9e8bd4f00b55,"The best diet for general longevity is one that is primarily plant-based, with a focus on consuming a variety of fruits, vegetables, whole grains, legumes, nuts, and seeds, while limiting processed foods, sugary beverages, and red and processed meats [1] [2].",ExpertQA,0,0,0,0,0.2890693916291555,-1
id,ExpertQA_30955e4b-e3ab-4841-af75-f2619e4c82a8,This could help reduce the dependence on fossil fuels and lower the carbon footprint of the chemical industry[1] [3].,ExpertQA,0,0,0,0,0.2991393648271893,-1
id,ExpertQA_dc7d4555-88ce-4fa7-ba22-5d99250e7c5d,"Linguistic analysis refers to the process of examining language, its structure, and patterns in order to develop meaningful insights and interpretations  [1].",ExpertQA,0,1,1,1,0.6639093342632206,-1
id,ExpertQA_fa4836e0-9404-4d2d-a95f-a99c66ba8144,Incentives in the field of business are generally designed to align with business goals and encourage employees to act in the best interests of the organization [1].,ExpertQA,0,1,1,1,0.8088232517658785,-1
id,ExpertQA_ec8663d9-7e60-4bb2-b7d1-a6e3199f6065,"However, if you consider F# in the context of C major, it would represent an augmented fourth (also known as a tritone) from the root note C [2].",ExpertQA,0,1,1,1,0.7774204057333661,-1
id,ExpertQA_b6f81f98-2273-4524-bb65-7e7fef63f807,The exact differences between male and female brains are currently not fully known [1].,ExpertQA,0,1,1,1,0.8076175453649634,-1
id,ExpertQA_b2bbf5c7-2259-4338-a5fc-3f0a28b67aa3,"Furthermore, studies have linked the development of bloom toxicity to genetic factors, as some genes are turned on in certain oceanic conditions, leading to toxin production [3].",ExpertQA,0,0,0,0,0.3467934689540672,-1
id,ExpertQA_24bf29db-ab74-4758-8332-f5c26d29e567,"Observations of the CMB, particularly from the Wilkinson Microwave Anisotropy Probe (WMAP) and the Planck satellite, have measured the temperature fluctuations at different angular scales corresponding to different cosmic densities, revealing a clear peak at around 1-degree angular scale  [2].",ExpertQA,0,1,1,1,0.7784870150117117,-1
id,ExpertQA_a6348de7-7bfa-4198-a544-219156a95e94,"Another way is to use sustainability reporting frameworks and standards, which provide guidelines and indicators for measuring and disclosing one's environmental, social and governance performance[4].",ExpertQA,0,1,1,1,0.6871180946083093,-1
id,ExpertQA_4b057c72-6995-4c20-8b42-9d26be4294f2,"Factors affecting the number of fingerprint cards taken include the number of suspects being processed, their cooperation level, and the efficiency of the individual taking the fingerprints [3].",ExpertQA,0,0,0,0,0.2839704762442463,-1
id,ExpertQA_59be5f54-832d-4729-981c-32f5f413f1a6,"The psycho-therapeutic approaches for a client with a substance addiction, trauma from childhood abuse, and dissociative personality disorder should involve a best-practices, multidisciplinary approach [2] [3].",ExpertQA,0,0,0,0,0.29884135705090964,-1
id,ExpertQA_36837b99-7f2a-4bea-afc6-e29d62728c26,AOR refers to a specific geographic region or area within which an organization or individual is responsible for managing environmental impacts [3].,ExpertQA,0,0,0,0,0.3221439192337029,-1
id,ExpertQA_4879f694-f8ae-454b-a19e-e563a0e5d97f,The tax rates for individuals range from 18% to 45% depending on income[1].,ExpertQA,0,0,0,0,0.3048893265408021,-1
id,ExpertQA_e8443002-9ea1-4409-a2ed-48a92d4c6bce,"In summary, the theory of structuration, as proposed by Anthony Giddens, offers a valuable framework for examining the complex and interdependent relationship between individual agency and social structures in the context of migration phenomena[8].",ExpertQA,0,0,0,0,0.2782027482996972,0
id,ExpertQA_e53c0297-51ad-4549-a8a4-1ea5ac06e369,"In the field of journalism, ethical decisions regarding sources often rely on a case-by-case evaluation[1].",ExpertQA,0,1,1,1,0.8082656993714925,-1
id,ExpertQA_3d37d40a-2abe-4a0f-9b91-1e0cc67388b0,Encouraging open discussion and allowing the child to ask questions can also facilitate better understanding and emotional processing [4].,ExpertQA,0,1,1,1,0.798177367128201,-1
id,ExpertQA_a3114ba2-277d-4c06-9ba8-712d8f7a2d98,"In conclusion, differences in regulatory environments play a vital role in shaping the patterns of international trade[13].",ExpertQA,0,1,0,1,0.5125425006733566,-1
id,ExpertQA_c31cf833-d689-4062-8744-3239159e3d54,"You can find classic literature ebooks with annotations on various online platforms and websites such as Project Gutenberg , The Literature Page , and Ebooks@Adelaide [1].",ExpertQA,0,1,1,1,0.7725685230035265,-1
id,ExpertQA_318cbb5a-c51c-4dcb-9960-f10d73203240,"While molletes themselves may not have a direct relationship to the Mexican Independence Movement, they are an example of the diverse culinary influences present in Mexican cuisine due to its colonial history [2].",ExpertQA,0,1,1,1,0.7959702814413624,-1
id,ExpertQA_f8eeda59-abfd-40d3-98a5-e912b247e025,"Potential recourses could include:

1[2].",ExpertQA,0,1,1,0,0.48908201628257875,-1
id,ExpertQA_c7e25d0c-3ca1-416e-b292-947f043e8a31,Nanoparticle fuel additives** for reducing carbon emissions and increasing the efficiency of combustion fuels[5].,ExpertQA,0,1,1,0,0.48233982407837117,-1
id,ExpertQA_e238f8fe-811b-4f5f-b688-64bf7c167b62,"The Mycenaean civilization is considered part of the so-called Sea Peoples due to their extensive maritime activity, powerful navy, and their potential role in the mysterious collapse of various civilizations around the Mediterranean between 1200-1150 BC [1].",ExpertQA,0,0,0,0,0.39527819268139514,-1
id,ExpertQA_35b44ec7-dc1b-4ef0-8ae1-015f43fd05cb,"Agar is needed to grow bacteria because it serves as a solid substrate that provides nutrients, a stable environment, and a suitable surfaces for bacterial colonies to form [1].",ExpertQA,0,1,1,1,0.7864902809485967,-1
id,ExpertQA_9b3e5f11-cda6-471b-94b3-79b78c056eb8,"Western Cape Department of Education: They may have access to local data and research on high school dropout rates, gangsterism, and substance abuse in the Langa community and the Western Cape region [4].",ExpertQA,0,0,0,0,0.3296110198165468,-1
id,ExpertQA_dea6fb67-2efa-48cf-ad8e-9a592742dbe7,Non-profit organizations: Some NGOs might be working to tackle these issues within the local community[6].,ExpertQA,0,0,0,0,0.3009836272694089,-1
id,ExpertQA_49fa6dd9-e943-42b4-957f-6eab4f8bd192,Speak with the patient privately and express your concern about their frequent purchase of the OTC medicine [3].,ExpertQA,0,0,0,0,0.4440759750072287,-1
id,ExpertQA_97a9a56f-18ec-4943-850d-7161de9aeb3b,"Additionally, studies have found that increased female representation in governance can lead to reduced corruption and improved government efficiency [3].",ExpertQA,0,0,0,0,0.27721802569840326,0
id,ExpertQA_4eddaa14-801d-4f61-8f58-6d7091e1fa54,§ 102(b)[3].,ExpertQA,0,1,1,1,0.5630115392208075,-1
id,ExpertQA_581f0c77-de18-4030-b2f9-c3b540d98c7f,"Follow up with the patient to ensure they are seeking appropriate care and treatment for their health issues, and to offer continued support and guidance[12].",ExpertQA,0,0,1,1,0.6500127857638475,-1
id,ExpertQA_b94b2607-42da-497f-b319-ec3170580ad4,"There can be several reasons why an Emergency Brake Assist Algorithm performs better in a simulated environment compared to a real-life scenario:
1[1].",ExpertQA,0,1,1,1,0.6154124145890905,-1
id,ExpertQA_60638705-e808-42c0-8ff7-00e0e93a9bf0,"The civil wars weakened the empire and made it vulnerable to attacks from other groups, such as the Babylonians, Medes, and Scythians[1] [2]. -",ExpertQA,0,0,0,0,0.2581805972205003,0
id,ExpertQA_b4f3f5ac-e258-44f4-9506-9acb76cfc6ce,"The amplitude of the Cosmic Microwave Background (CMB) temperature fluctuations implies a dark matter component in the universe because it provides evidence for the density fluctuations in the early universe, which are essential for the formation of large scale structures such as galaxies and galaxy clusters  [1].",ExpertQA,0,0,0,0,0.3771902816322488,-1
id,ExpertQA_22425790-ffd2-4653-8225-e1c20da4c852,Place the person on their side to help keep their airway clear and prevent choking [3].,ExpertQA,0,1,1,1,0.7920032124486811,-1
id,ExpertQA_54c578e1-d7f0-4d66-ae71-4790f84bdd48,"If the situation warrants it, you may consider discussing the issue with a pharmacist or your manager to establish guidelines for monitoring and/or limiting the patient's access to the addictive OTC medication [11].",ExpertQA,0,0,0,0,0.3153255789802156,-1
id,ExpertQA_0fbc86d1-9dc3-4a86-9556-71c5512cf923,"According to Giddens, human behavior is influenced by social structures, such as norms, values, and institutions, while at the same time, individuals actively shape and change these structures through their actions [3].",ExpertQA,0,0,0,0,0.36535754599312875,-1
id,ExpertQA_41a52be8-81be-42f6-845c-c8acadb766b3,Both AOR and SOR are related to the management and assessment of environmental risks and impacts within a defined region or scope [2].,ExpertQA,0,1,1,1,0.806064432537286,-1
id,ExpertQA_39e036b9-8d54-4c12-ad7e-b34c1355ec1c,"Media reports: Local newspapers and online media platforms, like the Daily Maverick  or GroundUp , often cover stories on gangsterism, substance abuse, and education-related challenges in South Africa[7].",ExpertQA,0,0,0,0,0.3848246733591831,-1
id,ExpertQA_6662b0ea-74db-4c88-b508-7e98f05be413,"Interviewing Leonardo would be particularly insightful due to his diverse areas of expertise, including art, science, engineering, and anatomy [2].",ExpertQA,0,1,1,1,0.6878630501260832,-1
id,ExpertQA_88f855fd-39bf-4e60-afca-4f7627233616,"Begin by gently guiding the person to the floor, clearing the surrounding area of any sharp or dangerous objects [2].",ExpertQA,0,1,1,1,0.7491054205728067,-1
id,ExpertQA_dad14df4-64cc-4a0a-9bd6-1a728197d300,Simplified Physics: Simulated environments often use simplified physics models to approximate real-world phenomena[2].,ExpertQA,0,0,0,0,0.2886587515409267,-1
id,ExpertQA_1bd2102d-192f-45a8-8875-e5e2485752d4,"It provides adequate compressive strength, durability, and workability for typical construction scenarios[6].",ExpertQA,0,0,0,0,0.2935443530189317,-1
id,ExpertQA_3d4d9236-4e42-4eed-81fb-91f7917dddf7,"In addition, involve yourself in the planning and operations aspect of supply chain management, which includes creating reports, communicating with customers, and forecasting demand for planning professionals, as well as taking a hands-on approach in distribution facilities or warehouses for operations professionals [4].",ExpertQA,0,1,1,1,0.7720631282767874,-1
id,ExpertQA_ba746efc-5ba6-4c09-9a9b-4c1f13569eb4,"If the individual is unresponsive, the doctor should call for help or instruct someone nearby to call emergency services [3].",ExpertQA,0,0,1,0,0.4789608167200076,-1
id,ExpertQA_2d303a1b-94e1-42e9-97f8-9a7aa60ed5d3,"As a result, Mexican molletes represent the culinary heritage of the country and are part of the broader cultural context of Mexican independence and identity [4].",ExpertQA,0,0,0,0,0.287166044176973,-1
id,ExpertQA_4df1748f-b854-4136-bf08-4d6d0fd3720a,"In terms of international relations, a world with more women in positions of power might experience reduced conflicts and a more diplomatic approach to resolving issues, as women have been found to be more collaborative and less prone to initiating aggression [4].",ExpertQA,0,0,0,0,0.3526328840886708,-1
id,ExpertQA_0d3b7d92-c0d3-4ae6-be51-d363e7552274,Implementing a race progress requirement: Set a minimum race progress requirement that players must meet at specific checkpoints throughout the track[5].,ExpertQA,0,1,1,1,0.7889107730496306,-1
id,ExpertQA_974ceb0b-7e12-4180-b204-e2940153f32c,"Eros Alesi's personal website features a detailed biography, an overview of his literary works, and information about his awards and recognitions [3].",ExpertQA,0,1,1,1,0.6626552558539522,-1
id,ExpertQA_73872f4e-5261-4fa3-87a2-ba66e937da2a,This approach is more efficient and flexible as it allows for easier texture management and editing compared to dismembering the machine and treating its components as separate objects with different shaders [3].,ExpertQA,0,0,0,0,0.26805877540826845,0
id,ExpertQA_1656920e-c888-41ac-b12f-a8fafd80e924,"This is evident in his use of instrumental color, including doubled strings, dynamic contrasts, and inventive combinations of instruments [7].",ExpertQA,0,0,0,0,0.38326241953931883,-1
id,ExpertQA_f37fbb50-441f-46d5-9cea-327232dc2d32,"Furthermore, excessive documentation can create a bureaucratic environment that stifles creativity and innovation [3].",ExpertQA,0,1,1,1,0.6331577681221567,-1
id,ExpertQA_a2af3f31-9ce9-41ad-a6e8-570b6ca8ccbb,Players who fail to meet this requirement will be automatically disqualified or suffer damage to their vehicles [6].,ExpertQA,0,0,0,0,0.2853080160901107,-1
id,ExpertQA_532449a2-d5db-4b83-8e66-4fac92d49039,"Agar is primarily composed of polysaccharides derived from red algae, and it solidifies at temperatures lower than those required for bacterial growth, which allows for the formation of an even and solid surface for bacterial growth [2].",ExpertQA,0,0,0,0,0.2862417922209104,-1
id,ExpertQA_69136495-3aca-4f4e-a10a-1b9744cbb56b,It is also worth considering diversifying your investment portfolio by allocating a percentage of your investments to both cryptocurrencies and stocks to take advantage of potential gains while minimizing risks [12].,ExpertQA,0,1,1,1,0.6433451193766994,-1
id,ExpertQA_3f5cc83f-8470-40c8-adb9-9dc2811cd51f,"If AMOC stops, it could have far-reaching climate impacts, such as wild temperature swings, rainfall disruptions, sea level rise, and more[4] [5] [6] [7].",ExpertQA,0,0,0,0,0.4012794195449387,-1
id,ExpertQA_a5266433-74c9-4fb3-b071-bf341810655f,"Longitudinal study: Conduct a longitudinal study to investigate the long-term effects of dance on mood, mental health, and well-being [10].",ExpertQA,0,0,0,0,0.46157798909072595,-1
id,ExpertQA_029517be-71fe-4187-b72e-ec2af668b082,"Evaluate the role of music in dance and mood: Assess how different musical genres and tempos used in dance routines affect participants' mood, as music has been shown to influence emotions [3].",ExpertQA,0,0,0,0,0.29544433763908945,-1
id,ExpertQA_20400acb-c807-405a-b97c-167c2c20c960,Statistical learning is the ability to extract statistical regularities from data to learn about the environment or construct predictive models[6] [7].,ExpertQA,0,0,0,0,0.291080362354613,-1
id,ExpertQA_228d19dd-c374-46ba-bbee-83d437fa7a5d,"Here are the steps to get started:

1[2].",ExpertQA,0,0,1,0,0.4170196284743502,-1
id,ExpertQA_36645f91-2523-4327-93a6-adee5d374b3e,The toxicity of expired chemicals may vary depending on the specific substance and the storage conditions [1].,ExpertQA,0,0,0,0,0.27572817195072735,0
id,ExpertQA_df499a7c-29b9-44b2-8422-3a6eb4ad68bd,"The coronary artery system includes the left main coronary artery (LMCA), the left anterior descending artery (LAD), the left circumflex artery (LCX), and the right coronary artery (RCA) [3].",ExpertQA,0,1,1,1,0.8050810318142151,-1
id,ExpertQA_ccd340ca-d2a7-4c6c-b0af-3d53e8557c08,These provide richer experiences than would be possible with simply current artwork [5].,ExpertQA,0,0,1,0,0.4501365529478281,-1
id,ExpertQA_64cdb6bf-e199-4162-96c4-74fc8ee5b798,Avoid placing anything in their mouth or restraining their movements during the seizure [4].,ExpertQA,0,0,0,0,0.45773392594959694,-1
id,ExpertQA_c62af168-7d45-4366-897b-d719f1cf7bab,They can also guide you to relevant materials and research [3].,ExpertQA,0,0,0,0,0.3439193690641516,-1
id,ExpertQA_552ecfc9-81ce-4afc-a0f2-3e60472c143c,"This can help solve problems related to traffic growth, poor quality of traffic management, and high accident rates [2].",ExpertQA,0,1,1,1,0.7975178395468033,-1
id,ExpertQA_bfe28d47-c038-4719-bcdc-977f2e445979,Neonates born to diabetic mothers are at an increased risk of developing a cardiac condition called hypertrophic cardiomyopathy (HCM) [1].,ExpertQA,0,0,0,0,0.28748811814872494,-1
id,ExpertQA_08062236-eede-404c-92b8-389ce11fd2b1,"Some of the advantages of dollarization for Argentina could be lower interest rates, more stable prices, and a sounder financial sector[7] [8].",ExpertQA,0,1,1,1,0.6684587340913035,-1
id,ExpertQA_8458b05c-e71d-403c-86a0-0a8142870579,"This might involve asking themselves why the problem arose, what could have been done differently, and what lessons they can apply in the future [3] [5].",ExpertQA,0,0,1,0,0.4158643984823844,-1
id,ExpertQA_193f5558-5b53-41cd-9fc5-62d091979c62,"Some studies have suggested that a small percentage of people with autism may live healthy normal lives with no signs of autism after years of development[2], but this is rare and not well understood.",ExpertQA,0,0,0,0,0.3133511558171583,-1
id,ExpertQA_6127afd3-8cd0-44ea-9703-90df9d82f9a9,"Studies have shown that following such a diet can lead to lower risks of chronic diseases like heart disease, stroke, diabetes, and certain types of cancer, as well as promoting a longer life [1] [5].",ExpertQA,0,0,0,0,0.2901468611832032,-1
id,ExpertQA_a931b3e6-4cf6-450d-be92-9e6c899b2141,"Mexican molletes, a traditional dish made of bolillo bread topped with refried beans, cheese, and sometimes other toppings like pico de gallo, are related to the Spanish dish molletes, which originated in Andalucía during the time of the Spanish colonization of Mexico [1].",ExpertQA,0,0,0,0,0.4356912188113459,-1
id,ExpertQA_01935ce6-abd3-4e0d-a291-1e74157f0aeb,"Therefore, it is difficult to provide an exact threshold for eutrophication above which the process definitely occurs [1].",ExpertQA,0,0,1,0,0.4443541154331931,-1
id,ExpertQA_78bb27da-7585-4fdd-9dbe-cee79e902a7f,"For reducing traffic problems, city planning can also be effective, for instance, the design of streets, making them pedestrian-friendly and introducing diagonal zebra crossings can reduce traffic problems, as well [4].",ExpertQA,0,1,1,1,0.7951183271923468,-1
id,ExpertQA_f89074aa-6902-4957-9c3b-15ff79b140d1,AOR is important in terms of understanding the spatial scale and potential cumulative effects of various human activities and natural processes on the environment [5].,ExpertQA,0,1,1,0,0.45934580735274433,-1
id,ExpertQA_2c8b1144-0d9c-43bd-adb3-96461e795b3e,"It's also worth considering the creation of an online version of the slot machine, as online casinos offer a variety of games that can appeal to different players and allow for more accessibility [5].",ExpertQA,0,0,0,0,0.29013471372445904,-1
id,ExpertQA_40009e34-ac3a-48e6-9b8d-4e04500cfae7,They may be self-medicating to manage an undiagnosed or untreated medical condition [7].,ExpertQA,0,0,0,0,0.39222845678069956,-1
id,ExpertQA_3d5846ae-d1a1-40c6-8c85-551fe2c66bfa,"Furthermore, it's essential to remember that one therapeutic approach does not work for everyone and to adjust the treatment plan as required [2] [3].",ExpertQA,0,0,0,0,0.34551762037600847,-1
id,ExpertQA_965ac592-5a66-4548-9d3e-cb8577a94544,"Body movement and expression analysis: Analyze the movements, gestures, and facial expressions of participants during dance sessions to understand how different patterns and rhythms of body movement may relate to mood changes [8].",ExpertQA,0,0,0,0,0.339425753772871,-1
id,ExpertQA_3c68734d-90c9-4995-96ae-147c7650efc3,"Additionally, treatment in an intensive care unit (ICU) is a risk factor for post-intensive care syndrome, which can cause anxiety, depression, and functional decline, with cognitive changes lasting for several months[2].",ExpertQA,0,0,0,0,0.3236505147256421,-1
id,ExpertQA_9777eb65-dee4-467a-9a34-e037799188eb,"Treatment may involve psychotherapy, medication, or a combination of both, depending on the specific needs of the patient [4].",ExpertQA,0,0,1,0,0.4114624349578809,-1
id,ExpertQA_260a6c54-b1ac-4618-86be-a5cc9ef60dc4,"However, a more aggressive treatment is required to achieve that prognosis [1] [2] [3].",ExpertQA,0,1,1,0,0.428521047020288,-1
id,ExpertQA_3250bf7d-47b1-45ee-bd3c-f8c00883daa5,"Organizations can work collaboratively with their suppliers to identify and resolve issues, share best practices, and establish mutually beneficial quality targets [6].",ExpertQA,0,0,0,0,0.2917542412644935,-1
id,ExpertQA_4fa5408a-86c5-4dbc-a366-99008d7fb35e,"After these steps, the flannel gets a brushed finish which gives the fabric the characteristically soft texture that flannel is known for [3].",ExpertQA,0,0,0,0,0.3371251634129261,-1
id,ExpertQA_a6f02d43-3925-4862-bf05-01edd15b3dc5,"The flannel then undergoes a process known as ""milling"", which is commonly understood as the interlocking part of the fibers by the scales [1].",ExpertQA,0,1,1,1,0.803275107566263,-1
id,ExpertQA_2425c258-4726-47fb-91c3-8583955616da,This lack of variability can result in the algorithm performing better in a simulated environment [5].,ExpertQA,0,0,0,0,0.2893798220531165,-1
id,ExpertQA_46668d3c-99be-4d48-a3c2-00aec77be4f3,This data can be used alongside quantitative metrics to create a holistic understanding of dance's impact on mood [7].,ExpertQA,0,1,1,1,0.5857623933475744,-1
id,ExpertQA_784150ba-63ef-4279-bbe5-42438a6915ad,"In the context of migration, the theory of structuration can be used to explain the complex interplay between individual decisions to migrate and the broader social, economic, and political conditions that shape migration patterns and processes [4].",ExpertQA,0,1,1,1,0.804891126687884,-1
id,ExpertQA_53961c53-de5e-45dc-95de-1a6eaba37e0a,"The client should ask the lawyer about their services, costs, and fees, and check with their local bar association to ensure the attorney is licensed and reputable [1] [4].",ExpertQA,0,0,0,0,0.28750726483453265,-1
id,ExpertQA_8f2a932f-32cf-445a-800f-ebdfa76fe120,"To prevent players from camping in a static position and focusing on destroying other cars instead of racing, the game designers can implement several features and penalties[1].",ExpertQA,0,1,1,1,0.6821585356212737,-1
id,ExpertQA_15817ea5-520d-44e8-a9dd-a35b7eb731ec,"Through their actions and interactions, migrants can contribute to the development of new social networks, the dissemination of information and ideas, and the establishment of new cultural norms and practices, thereby influencing the overall dynamics of migration [7].",ExpertQA,0,0,0,0,0.366560730759423,-1
id,ExpertQA_6b9a3a49-a359-4f5d-b224-b5fdad5a7dc2,"If you leave work without informing anyone to become an influencer, your employer may have several legal recourses depending on the terms of your employment contract and the laws and regulations in your jurisdiction[1].",ExpertQA,0,0,1,0,0.47363507014740686,-1
id,ExpertQA_278fb996-13bc-4753-8171-0b42470e86f7,The blooms also seem to be influenced by environmental conditions and algal biology [4].,ExpertQA,0,0,0,0,0.3172527597091762,-1
id,ExpertQA_3c3a0810-ad3f-44d9-b431-e3a3d457aa42,"Other special education needs may also arise in students with learning difficulties, ADHD, and various physical or developmental disabilities[1][4].",ExpertQA,0,1,1,0,0.48690915422797526,-1
id,ExpertQA_357c4398-81cb-4a4f-8287-a959df618341,"Collaboration and open data sharing among researchers, institutions, and governments can further expedite the process [3].",ExpertQA,0,0,1,0,0.4814729385809446,-1
id,ExpertQA_55060f19-3b8d-4bed-879e-14531431dc7c,Provide educational resources if needed [5].,ExpertQA,0,1,1,1,0.6123335996609736,-1
id,ExpertQA_2ccf4b10-5571-4090-b925-bb4c4296a2ec,"In summary, while police officers have some authority in addressing less-criminal offenses, they are not the only judges in these situations[8].",ExpertQA,0,1,1,1,0.7586945290647618,-1
id,ExpertQA_e6ae4ff6-d9dc-40fe-8364-67d9bf679cb7,"Surface contamination: The presence of contaminants, such as hydrocarbons and residual gases, on the surface of the material can affect the accuracy and reliability of the analysis[5].",ExpertQA,0,0,0,0,0.29716814076925496,-1
id,ExpertQA_c4ccb83e-683e-495e-85a1-d4d7c0d87bdc,"Examples of special education needs include intellectual disabilities, hearing impairments (including deafness), speech or language impairments, visual impairments (including blindness), and serious emotional disturbances[2].",ExpertQA,0,1,1,1,0.8084174276005225,-1
id,ExpertQA_91fb485c-5602-4bdf-a1b3-7df6909a681f,"Additionally, offering training and support in adapting to AI technologies can further help employees build confidence and trust in AI's role in their work  [3].",ExpertQA,0,0,1,0,0.47428120063125284,-1
id,ExpertQA_d3b30cf6-5ce4-4ca2-80ff-9eb47f823b5e,"Additional factors leading to change, forming the remaining 30%, include hope development and the use of appropriate therapeutic techniques or strategies[2].",ExpertQA,0,1,1,1,0.7045670285947873,-1
id,ExpertQA_660bd2dc-ba53-4771-97fc-ebc010ed17d4,This discrepancy might cause the algorithm to perform better in simulation [9].,ExpertQA,0,0,0,0,0.28675297307736136,-1
id,ExpertQA_f749e70b-d9ed-471d-9378-ac6f1b0e4544,"When used in combination with cement, it can significantly improve the performance of concrete in demanding applications such as high-rise buildings, bridges, marine structures, and wastewater treatment facilities [12].",ExpertQA,0,0,0,0,0.2531049330029256,0
id,ExpertQA_14d6f439-811b-4711-8b52-e071a3e26dcc,"Encourage the patient to seek professional help if you believe their use of OTC medication is a symptom of a larger problem, such as an underlying mental health condition or substance abuse issue [10].",ExpertQA,0,0,0,0,0.25446379992300006,0
id,ExpertQA_bc8bfdc7-7ae9-4ace-b291-0a80d6949f81,"The term Reconquista refers specifically to the period of approximately 711 to 1492 when Christian states in the north of the Iberian Peninsula gradually expanded, ultimately retaking territory from the Islamic Moors who had conquered much of the region in the early 8th century [2].",ExpertQA,0,1,1,1,0.5959059377951035,-1
id,ExpertQA_27db357e-93fb-43ea-9d99-0a4d5d0e367d,"Some of the top property developers in the UK include Berkeley Group, Barratt Developments, Taylor Wimpey, Persimmon Homes, and Redrow Homes[1].",ExpertQA,0,1,1,1,0.7897435439694809,-1
id,ExpertQA_a7ea0d5a-5a43-45c2-8e29-da465e2ba5b7,"Ultimately, the minimum distance is determined by factors such as noise, shadow flicker, visual impact, and safety considerations    [3].",ExpertQA,0,0,0,0,0.29141108595707665,-1
id,ExpertQA_6d130ec5-a039-426b-af91-e168936e3ca8,"This could potentially lead to financial damages for the employer, in which case they may be entitled to seek compensation from you  [5].",ExpertQA,0,1,1,1,0.7710557838216237,-1
id,ExpertQA_e1b80261-5594-4b72-87fe-b28fcf9e62c6,"Secondly, the system lacked adequate resources, training, and support for the elected representatives; consequently, many of them were unable to fulfill their roles effectively [2][4].",ExpertQA,0,0,0,0,0.26335049003930117,0
id,ExpertQA_88b2e79a-5c80-41de-91c0-8fa807e8853e,Implementing penalties for damaging stationary cars: Penalize players who cause damage to stationary cars by initiating a cooldown on their weapons system or temporarily reducing their vehicle's speed[13].,ExpertQA,0,0,0,0,0.4468358317937094,-1
id,ExpertQA_2adf4f94-8b26-49f9-b7d8-63c862f3511e,"First, any oil used in the process must be removed [1].",ExpertQA,0,1,1,1,0.8019125099608454,-1
id,ExpertQA_1a44fdf4-3707-4fc0-82c4-07215b570272,"Ain't is used as a negative in English because it functions as a contracted form of various negations in the language, such as ""am not,"" ""is not,"" ""are not,"" ""has not,"" and ""have not"" [1].",ExpertQA,0,1,1,1,0.6271751887710814,-1
id,ExpertQA_52b7498a-6541-43da-bc5a-af1ebca6786e,"Given the volatile nature of cryptocurrencies, they should be viewed as a high-risk investment that can potentially deliver high returns [5].",ExpertQA,0,1,1,1,0.8021082271942257,-1
id,ExpertQA_2734c560-cae7-4bce-84d2-f03a111cca5c,"The intervention should involve a comprehensive assessment, including evaluation of the child's mental health, family environment, and any related stressors [3].",ExpertQA,0,0,0,0,0.38487066487311883,-1
id,ExpertQA_5c2f19ea-7b09-4ea1-9669-bdc70cc60c27,"The first response to an epileptic seizure should be to stay calm, keep the person safe, and time the seizure [1].",ExpertQA,0,1,1,1,0.7174434032519352,-1
id,ExpertQA_61c2af70-f9e9-40c2-9d09-e454ea2b160d,"Moreover, providing high-quality education today would help build the necessary skills for the world's future workforce[4].",ExpertQA,0,1,1,1,0.8026676142018343,-1
id,ExpertQA_3dd6d601-a658-4244-98da-bc0bec4d4eaf,Accepting unknown friend requests can make you vulnerable to dangers such as scamming or privacy invasion [2].,ExpertQA,0,0,0,0,0.340367678339457,-1
id,ExpertQA_18f99edd-3831-40c1-bb22-84498623eaac,This will incentivize players to move forward and compete rather than remaining stationary [8].,ExpertQA,0,0,0,0,0.29320600455561663,-1
id,ExpertQA_bf8f3a53-5880-48be-b0e4-c9b24ab0caef,This expressive orchestration allowed for greater support and enhancement of the overall emotional impact of his compositions[8].,ExpertQA,0,0,0,0,0.28520862872744007,-1
id,ExpertQA_79129cab-b014-45ce-88e5-e399cb6b2b23,"For instance, in Germany, the minimum distance between wind turbines is generally 1,000 meters (0.62 miles), while in Scotland, it is typically 2 kilometers (1.24 miles)  [2].",ExpertQA,0,0,0,0,0.284945773709318,-1
id,ExpertQA_3d45f2c5-d8e9-42df-8551-9fcb8ee4f87b,Graphite is commonly used due to its excellent neutron moderation properties and compatibility with high-temperature molten salt coolants [2].,ExpertQA,0,0,0,0,0.2853318494430871,-1
id,Stanford-GenSearch_b6e6b6ef-0018-4f04-9e55-8d80e0617bc4,"Stand-up India is aimed at providing business opportunities to minority groups such as scheduled castes, scheduled tribes, and women entrepreneurs.",Stanford-GenSearch,1,0,0,0,0.3807059899710387,-1
id,Stanford-GenSearch_3f493abe-7558-47a4-8fd4-4e45a1e01aa5,"To type the U with two dots symbol, press down the Alt key and type 0220 or 0252 (i.e. U Umlaut Alt Codes) using the numeric keypad, then let go of the Alt key.",Stanford-GenSearch,1,0,0,0,0.2882933997174516,-1
id,Stanford-GenSearch_3896336a-9e6b-4342-bdc2-09a486ad66d9,It can also refer to a step during the processing of DNA to prepare it for translation into protein.,Stanford-GenSearch,1,1,1,1,0.8088088948791672,-1
id,Stanford-GenSearch_44f88971-dbb5-4479-9ae2-0b13a80c3e41,"The western part of the country includes the 10 federated states of Baden-Württemberg, Bavaria, Bremen, Hamburg, Hesse, Lower Saxony, North Rhine-Westphalia, Rhineland-Palatinate, Saarland, and Schleswig-Holstein.",Stanford-GenSearch,1,1,1,1,0.8012500423765037,-1
id,Stanford-GenSearch_99bd7a6e-3546-4cde-81c8-ccc448172ea9,These attributes are inspired by the Holy Spirit living within Christians.,Stanford-GenSearch,1,1,1,1,0.8070906167110532,-1
id,Stanford-GenSearch_31168b41-fb9c-4871-a001-756059b91c24,Determinate sentencing is a process of a court assigning a set prison term to a convicted offender.,Stanford-GenSearch,1,1,1,1,0.7840855141634699,-1
id,Stanford-GenSearch_36ed4340-37be-48c4-a7c0-625b6a75a247,It was directed by Rob Marshall.,Stanford-GenSearch,1,1,1,1,0.6759872937653417,-1
id,Stanford-GenSearch_218dfb13-2b21-4375-993b-4b5f2ac77cf0,"The Ohio River starts in Pittsburgh, Pennsylvania, at the confluence of the Allegheny and Monongahela Rivers, and ends in Cairo, Illinois, where it flows into the Mississippi River.",Stanford-GenSearch,1,1,1,1,0.8007151270503132,-1
id,Stanford-GenSearch_e1aae46f-5df6-4552-9003-b782e2608eb7,Others argue that limiting access to guns for children could help prevent firearm suicides.,Stanford-GenSearch,1,0,0,0,0.28224210659039245,-1
id,Stanford-GenSearch_b9f03006-2307-46b9-8188-debf42efd71b,The Detroit Lions and Dallas Cowboys will be hosting like every year.,Stanford-GenSearch,1,1,1,1,0.7850633996234382,-1
id,Stanford-GenSearch_67b0eb65-ec38-4d54-8929-be25984d8e41,Some people believe that violent images can serve a purpose by re-familiarizing audiences with past realities.,Stanford-GenSearch,1,1,1,1,0.7739217652494063,-1
id,Stanford-GenSearch_9176e5f5-55df-4293-994e-3e36f2735aa2,"However, there is also a trend towards longer TV episodes and limited series that can be stretched out over many hours.",Stanford-GenSearch,1,1,1,1,0.8007575568089379,-1
id,Stanford-GenSearch_5972edce-830f-46d3-8282-2b2c0dc9dacc,"Robots should not replace humans in the workforce, as there is no substitute for intuition, judgement, and human empathy.",Stanford-GenSearch,1,0,0,0,0.2788557305192731,0
id,Stanford-GenSearch_c93ccb2e-073d-49c4-be4b-62e7b328a8fe,"He is also the author of a book called The Theory and Practice of Oligarchical Collectivism, which is used by the Party to spread its message of hatred and fear.",Stanford-GenSearch,1,0,0,0,0.2664041910261987,0
id,Stanford-GenSearch_c0cdeee9-cfad-444e-98f8-8a52a656583a,"The family names of Seville, including Guillen, come mostly from the two hundred knights of lineage who reconquered Seville in 1248.",Stanford-GenSearch,1,1,1,1,0.8029663325871933,-1
id,Stanford-GenSearch_32adc312-4524-4486-a52a-dd68b107f648,"Washing machines account for a quarter of domestic wastewater, so reusing this water can save a lot of water.",Stanford-GenSearch,1,0,0,0,0.2918020532660428,-1
id,Stanford-GenSearch_d6374992-d354-4c1b-831e-ff4b7fefc638,You should wear them sparingly during the day unless instructed otherwise by a doctor.,Stanford-GenSearch,1,1,1,1,0.7974941838315802,-1
id,Stanford-GenSearch_85b952dc-c846-405b-8b28-370cbdf2ee32,"However, companies have the ability to choose the best fiscal year-end for themselves, designed with the needs of the company in mind.",Stanford-GenSearch,1,1,1,1,0.7780778947127637,-1
id,Stanford-GenSearch_5a865974-7798-493c-bd46-59c425197492,Governments have an important role to play in preventing cybercrimes.,Stanford-GenSearch,1,1,1,1,0.6592078746035369,-1
id,Stanford-GenSearch_daa3e1cb-12d8-4281-af21-b5c0b7ce1e9a,Both tracks were produced by Lady Gaga and Benjamin Rice.,Stanford-GenSearch,1,1,1,1,0.8075120601811618,-1
id,Stanford-GenSearch_6e130aeb-c730-4c74-b185-fe9caf09e5a0,Agender identities fall under the nonbinary and transgender umbrellas.,Stanford-GenSearch,1,1,1,1,0.7963980243240112,-1
id,Stanford-GenSearch_690461d1-aa62-4a91-84bf-e9f080ec9b93,"Along the way, they must face off against Barbossa, Jack's rival, and a ship from Spain.",Stanford-GenSearch,1,1,1,1,0.5604191180608616,-1
id,Stanford-GenSearch_63edf91f-98c5-4f3a-a55b-e16b48be2d06,"It can also lead to heart muscle injury, and increase the risk of death by 20-30%.",Stanford-GenSearch,1,1,1,1,0.5654958703640239,-1
id,Stanford-GenSearch_21807432-d36b-42c1-acda-4144625b2537,"To diagnose the problem, you should test the water's pH and check for any chemical imbalances.",Stanford-GenSearch,1,1,1,0,0.4972689282481595,-1
id,Stanford-GenSearch_6acd3b0c-1097-4831-9fd0-3e058dbda1f3,Mandatory labeling of GMO products is necessary to ensure that consumers are aware of what they are eating.,Stanford-GenSearch,1,1,1,1,0.8020427396774136,-1
id,Stanford-GenSearch_503e4c43-658a-44b0-91f0-f71ee9c6e8ef,De-matting is another option where you comb or shave through mats in your feline's fur.,Stanford-GenSearch,1,1,1,1,0.6884729967571137,-1
id,Stanford-GenSearch_be96d917-92a0-4ce1-83aa-db86c4ad84f2,2. Plant in late winter or early spring.,Stanford-GenSearch,1,1,1,1,0.7737203017559728,-1
id,Stanford-GenSearch_138256c8-bfdd-4002-98ac-d68fdcaba585,Researchers believe that cursive writing is important to cognitive development and the brain’s sensorimotor region.,Stanford-GenSearch,1,1,1,1,0.7963535569127148,-1
id,Stanford-GenSearch_646fc780-1c73-4b1e-ba78-1544af4e8bac,It is the third largest river by discharge volume in the United States and the largest tributary by volume of the north-south flowing Mississippi River.,Stanford-GenSearch,1,1,1,1,0.8030238243311492,-1
id,Stanford-GenSearch_372e2a76-423c-4599-b84c-fc7029221984,"For example, Elon Musk said that “America is still the land of opportunity more than any other place, for sure”.",Stanford-GenSearch,1,0,0,0,0.28668947846072884,-1
id,Stanford-GenSearch_b355ebfe-7fa0-4384-9288-ad25439150a7,"However, the following actors are part of the main cast: Charlie Hunnam, Katey Sagal, Ron Perlman, Tommy Flanagan, Mark Boone Junior, Kim Coates.",Stanford-GenSearch,1,0,0,0,0.32134553911711927,-1
id,Stanford-GenSearch_a7f7d267-8f83-4dc6-9278-59eaa4449d50,Lady Gaga and director Bradley Cooper performed the song in the film.,Stanford-GenSearch,1,1,1,1,0.804850308680063,-1
id,Stanford-GenSearch_e63629ed-108f-4d0b-be2a-f8723c735d03,Delta-9 THC is the main cannabinoid responsible for making people experience an intoxicating effect when they consume cannabis.,Stanford-GenSearch,1,0,0,0,0.35367884711247005,-1
id,Stanford-GenSearch_71a2b786-b3b0-4d19-9b4e-96e45704ca4c,Common examples include a home equity loan and a home equity line of credit (HELOC).,Stanford-GenSearch,1,0,0,0,0.31297195448531784,-1
id,Stanford-GenSearch_e0b12170-2d66-40f5-aa73-cfe77fd2ef52,"George Clooney plays Ulysses Everett McGill, John Turturro plays Pete, and Tim Blake Nelson plays Delmar O'Donnell.",Stanford-GenSearch,1,1,1,1,0.6694446823418629,-1
id,Stanford-GenSearch_af3eeb6a-fb68-4bfa-9f21-91e2dc098f16,"The Ohio River starts at the confluence of the Allegheny and Monongahela Rivers in Pittsburgh, Pennsylvania, and ends in Cairo, Illinois.",Stanford-GenSearch,1,0,0,0,0.28991116292673097,-1
id,Stanford-GenSearch_b9bca7de-bb40-4688-8a64-052053cb0c1c,She is married to King Felipe VI.,Stanford-GenSearch,1,1,1,1,0.7974463522474408,-1
id,Stanford-GenSearch_61f8b453-c61f-415b-89fb-1b749b00f94e,Rebecca Ferguson played her in the BBC adaptation of The White Queen.,Stanford-GenSearch,1,1,1,1,0.7977826646975791,-1
id,Stanford-GenSearch_2f3cb01e-fcd0-4f3b-8bfe-1807a6bc356b,Termites are small insects that can cause damage to homes and other wooden structures.,Stanford-GenSearch,1,1,1,1,0.8090342749882194,-1
id,Stanford-GenSearch_53cc2ddb-ec17-40a6-a74f-6b529f9cc50c,Aravalli ranges are an example of residual mountains.,Stanford-GenSearch,1,1,1,1,0.806939558065779,-1
id,Stanford-GenSearch_5eaf5e5f-4655-4353-bc86-9c2c0ffe60cd,The US federal fiscal year runs from October 1 of one calendar year through September 30 of the next.,Stanford-GenSearch,1,1,1,1,0.6541629951700862,-1
id,Stanford-GenSearch_ef8de55a-5aa6-48d2-a8c9-4a7b183869ca,"The United Nations has close working relationships with 15 international organizations that have been designated as ""specialized agencies"" of the UN, such as the Food & Agriculture Organization, International Civil Aviation Organization, International Fund for Agricultural Development, International Labour Organization, International Monetary Fund, International Maritime Organization, International Telecommunications Union, United Nations Educational, Scientific and Cultural Organization, United Nations Industrial Development Organization, United Nations World Tourism Organization, Universal Postal Union, and International Criminal Court.",Stanford-GenSearch,1,1,1,1,0.5420575084099926,-1
id,Stanford-GenSearch_123656f6-f8b6-4b81-a7de-d12d66d5db47,Inflation in Argentina has reached 100%.,Stanford-GenSearch,1,1,1,1,0.8091772914887414,-1
id,Stanford-GenSearch_fb34b4a9-e0b8-4a84-a14e-146e7cabc154,"One reason could be that when people watch their favorite TV shows, they report feeling transported into another world which can make them feel less lonely.",Stanford-GenSearch,1,0,0,0,0.2866608017312665,-1
id,Stanford-GenSearch_54c3c397-f6ce-45f5-a2a9-2bf3f977b1ea,"Camp Crystal Lake is a fictional creation, but the original location for the filming of Friday the 13th was Camp No-Be-Bo-Sco in Hardwick, New Jersey.",Stanford-GenSearch,1,1,1,1,0.740039749051185,-1
id,Stanford-GenSearch_99124393-0d5e-4e8d-b26e-101f82576ec3,"Once you have identified the issue, you can use a pool clarifier or other treatments to clear up the water.",Stanford-GenSearch,1,0,0,0,0.2943195111038304,-1
id,Stanford-GenSearch_d0df1947-4211-49b8-85b0-46533a3e6713,"Universal healthcare policies aim to reduce the financial burden associated with accessing health care services, eliminating the need for patients to pay out-of-pocket expenses or face a financial burden due to medical bills.",Stanford-GenSearch,1,0,1,0,0.43613945626925393,-1
id,Stanford-GenSearch_934fe309-a567-4a0e-bc42-104fdb1cc3ce,"The first feature-length animated film from Disney, Snow White and the Seven Dwarfs, was released in 1937.",Stanford-GenSearch,1,1,1,1,0.7992724876116712,-1
id,Stanford-GenSearch_992d821b-1c53-406d-9a11-2028a24dba1d,"The Stand-up India scheme provides business opportunities to the minority groups (scheduled castes and scheduled tribes) and women entrepreneurs, while Start-up India provides business opportunities to companies that fall in the category of Start-up and may not generate adequate revenue.",Stanford-GenSearch,1,1,1,1,0.7973643435081962,-1
id,Stanford-GenSearch_e7ed226e-94c1-49fc-90b0-a1971cd6196d,Another reason could be that you feel more comfortable and safe on your couch due to its environment.,Stanford-GenSearch,1,0,0,0,0.2865002762805947,-1
id,Stanford-GenSearch_51ee6389-dab6-4fe9-a59b-c13edbd01bc4,"You will need acrylic paint, watercolor paint, small paint brushes, eye make-up, and paper towel.",Stanford-GenSearch,1,1,1,1,0.7971191243764629,-1
id,Stanford-GenSearch_123a3421-fc53-421e-a23a-d246ff856c9c,"Small perturbations in traffic flow, such as a driver braking or a bump in the road, can cause traffic waves that slow down other drivers behind them.",Stanford-GenSearch,1,1,1,1,0.7197140973852894,-1
id,Stanford-GenSearch_c62c840b-6d85-4c48-b609-110500a6500b,"The Buffalo Bills will play at the Detroit Lions, the New York Giants will play at the Dallas Cowboys, and the New England Patriots will play at the Minnesota Vikings.",Stanford-GenSearch,1,1,1,1,0.7891633460482423,-1
id,Stanford-GenSearch_59b4621a-e32d-4078-9930-60ecd2e83aea,"The PlayStation 4 was released in the UK on November 29, 2013.",Stanford-GenSearch,1,0,0,0,0.3154187936542949,-1
id,Stanford-GenSearch_8daea970-fcc1-43f4-a083-d1c8c603ec6d,"This leads to more clouds and thus more rain, which can come down heavily for an hour and then vanish.",Stanford-GenSearch,1,0,0,0,0.2830070997530274,-1
id,Stanford-GenSearch_37fdc452-f06a-4ec6-81df-8593bf990fc8,The presence of these fruits is an indication that the Holy Spirit dwells in the Christian believer.,Stanford-GenSearch,1,1,1,1,0.7919171592758598,-1
id,Stanford-GenSearch_a3a1419f-a1fd-4494-9a40-67c2cd1d0ca8,"The Great Barrier Reef is located off the east coast of the Australian state of Queensland, in the Coral Sea.",Stanford-GenSearch,1,1,1,1,0.5011974806683441,-1
id,Stanford-GenSearch_ddebb267-4595-44b0-9548-b698b74d06e8,There are also cases where charity can bring bad results even when it is well implemented.,Stanford-GenSearch,1,1,1,1,0.805620776458828,-1
id,Stanford-GenSearch_a3ed7cc7-4fdf-4a4f-9c3e-92d33650507d,"For the 2023 school year, there are 42 public schools serving 26,067 students in Tracy, CA (there are 7 private schools, serving 1,140 private students).",Stanford-GenSearch,1,0,1,0,0.44069251488346883,-1
id,Stanford-GenSearch_873f0148-9b9e-401b-9024-7ce8d111255d,Nations have unanimously called for a united effort to fight against the Islamic State in Iraq and the Levant (ISIL).,Stanford-GenSearch,1,1,1,1,0.808086669786572,-1
id,Stanford-GenSearch_9c6ba3a4-5a3f-4f75-864b-b7409d8924fc,"""Get the Party Started"" was released in 2001 and was sung by American singer Pink, as revealed by producer, songwriter and 4 Non Blondes frontwoman Linda Perry.",Stanford-GenSearch,1,1,1,1,0.7686671546062049,-1
id,Stanford-GenSearch_10f3d839-6195-4b7a-94c2-b355ec1c2401,Stand-up India provides business opportunities to minority groups (scheduled castes and scheduled tribes) and women entrepreneurs.,Stanford-GenSearch,1,1,1,1,0.7949519581482922,-1
id,Stanford-GenSearch_2f6027c7-f2fe-43df-811b-f46bb125d648,"Termites are sometimes referred to as white ants, even though they are not closely related to ants.",Stanford-GenSearch,1,1,1,1,0.7982240081727687,-1
id,Stanford-GenSearch_ced97dc7-a880-46c9-aea1-ec2ae580a9f0,This reduces the tax burden on those with lower incomes and helps reduce income inequality.,Stanford-GenSearch,1,1,1,1,0.796935280984693,-1
id,Stanford-GenSearch_0abcde16-e86b-48ea-bf93-1af49c5297ac,"Public schools may not teach religion, although teaching about religion in a secular context is permitted.",Stanford-GenSearch,1,1,1,1,0.6786928860839391,-1
id,Stanford-GenSearch_b3f1a680-8848-40a8-b115-ae14adedce6e,6. Spread the roots away from the trunk without excessively bending them.,Stanford-GenSearch,1,0,1,0,0.426584435808996,-1
id,Stanford-GenSearch_7e7b359a-f684-46c2-abf0-56b29e093655,Bees also play a role in maintaining healthy ecosystems by providing food for wildlife.,Stanford-GenSearch,1,0,0,0,0.3494361510503622,-1
id,Stanford-GenSearch_43ead5e4-92ed-41f4-af4b-de5599f2a76a,"However, producers have options for labeling bioengineered foods such as using a standard logo or a QR code that consumers can scan for more information on the bioengineered product.",Stanford-GenSearch,1,1,1,1,0.8069116019121806,-1
id,Stanford-GenSearch_dbe1b8f2-cb35-46eb-9151-1f10fc5508a8,You can also grill tilapia in foil or use other recipes if you prefer.,Stanford-GenSearch,1,0,0,0,0.2866945214665509,-1
id,Stanford-GenSearch_733e604a-0e1c-42cc-b22f-a230c08f0a0d,"Elon Musk credited the opportunity he found when he emigrated to the United States in 1992, saying ""is still the land of opportunity more than any other place, for sure"".",Stanford-GenSearch,1,0,0,0,0.2741549253928959,0
id,Stanford-GenSearch_528ecbea-82f9-44ce-89df-1aad8b783069,Jennifer Hudson also recorded this song for her film debut as Effie White in DreamWorks/Paramount motion picture adaptation of Dreamgirls.,Stanford-GenSearch,1,0,0,0,0.27574285550669325,0
id,Stanford-GenSearch_d7609052-1d35-4e53-9abd-224522058a49,"The Great New York State Fair will take place from August 24 to September 5, 2022.",Stanford-GenSearch,1,1,1,1,0.8061950248985918,-1
id,Stanford-GenSearch_ec8a9129-13f4-4a46-b4e5-aa5daa2b394e,"Supporters argue that it preserves free speech, while opponents claim that it is an overreach.",Stanford-GenSearch,1,0,0,0,0.2869417402332019,-1
id,Stanford-GenSearch_e9778116-c112-411c-b337-105567876f4e,"It was launched in North America on November 15, 2013, in Europe, South America and Australia on November 29, 2013, and in Japan on February 22, 2014.",Stanford-GenSearch,1,1,1,1,0.7971117730237085,-1
id,Stanford-GenSearch_b3535639-498d-419c-8bfc-c208d7974347,"The content, style, and vocabulary of the letter also support the conclusion that it was written by John the apostle.",Stanford-GenSearch,1,1,1,1,0.5169909039622362,-1
id,Stanford-GenSearch_31713b8a-7c7a-460a-8320-011931dec102,"Some argue that it would push back against voter suppression and tear down barriers to participation, while others believe that it should remain a choice for citizens.",Stanford-GenSearch,1,0,0,0,0.28677677410449537,-1
id,Stanford-GenSearch_d1f1f07c-4a9b-46cd-b589-1c9234033bc9,"Living in a yurt is possible by finding a piece of land out of town where zoning laws are not taken so seriously, or by renting a room in a house and erecting the yurt behind it.",Stanford-GenSearch,1,1,1,1,0.7999377548743672,-1
id,Stanford-GenSearch_a480681f-1d1a-48b8-97db-5b9a27e0f22c,Yurts are often used as an affordable way to live simply and closer to nature.,Stanford-GenSearch,1,1,1,1,0.8090004572100429,-1
id,Stanford-GenSearch_e573ca82-8cd4-4b05-bb05-597f45730631,"To prevent cloudy pool water, test the water for chlorine and pH at least twice a week and test for other chemicals once a week.",Stanford-GenSearch,1,0,0,0,0.29345889625890603,-1
id,Stanford-GenSearch_28f82921-4e1f-4f04-8bff-cf55511d9357,It is most commonly used for accounting purposes to prepare financial statements.,Stanford-GenSearch,1,1,1,1,0.796603792325204,-1
id,Stanford-GenSearch_8eb8b7e2-5255-4a56-979a-33fd419f4df9,"However, Greek customs and institutions provided protection to private property unique in the ancient world, instilling a strong sense of equality.",Stanford-GenSearch,1,1,1,1,0.8066909607946372,-1
id,Stanford-GenSearch_4c2d1032-d96d-4782-b9d3-0e35d389a07d,"The period before the Enlightenment was known as the Scientific Revolution, which was characterized by the work of Francis Bacon, John Locke, and others.",Stanford-GenSearch,1,1,1,1,0.7907254747213979,-1
id,Stanford-GenSearch_3656d0a7-7bf3-4527-aa7f-e85164cf0679,"However, products made from hemp that contain less than 0.3% Delta-9 THC by dry weight are legal to purchase.",Stanford-GenSearch,1,1,1,1,0.785179255945988,-1
id,Stanford-GenSearch_4712ec62-6db3-42d5-8f21-3a9f80d0e1f4,"The Saudi National Bank, which is Credit Suisse's largest investor, ruled out providing further financial assistance to the Swiss bank.",Stanford-GenSearch,1,1,1,1,0.8029927249910733,-1
id,Stanford-GenSearch_0b900cfb-270a-47f9-8cbf-f8084668acda,"Similarly, movies have been getting longer in recent years due to changes in the home entertainment market.",Stanford-GenSearch,1,0,0,0,0.2784222376196621,0
id,Stanford-GenSearch_445d9b8e-cb68-4d13-b2a2-d4d9ba5c6b91,"Meanwhile, a survey from the Pew Research Center found that 53% of Americans favor stricter gun laws.",Stanford-GenSearch,1,0,1,0,0.4575403345797095,-1
id,Stanford-GenSearch_9fae0863-9ee4-45ae-8b49-ed343029f21a,"Small perturbations in traffic flow, such as a driver braking or a bump in the road, can cause traffic waves that slow down other drivers behind them.",Stanford-GenSearch,1,1,1,1,0.8089210043113734,-1
id,Stanford-GenSearch_5a844e38-c0f9-4950-8d9d-12efdd7b1d8f,"Areas that receive higher amounts of UVR, generally located closer to the equator, tend to have darker-skinned populations.",Stanford-GenSearch,1,1,1,1,0.7598090480141214,-1
id,Stanford-GenSearch_b637a8fb-b2de-447e-865e-2010ffb2b99f,• Creating with your peers,Stanford-GenSearch,1,1,1,1,0.8044793486637443,-1
id,Stanford-GenSearch_843a65e0-50d8-4673-9853-e950e5a1cd82,Some countries may not want to repatriate their citizens who have joined ISIS.,Stanford-GenSearch,1,0,0,0,0.335679812126168,-1
id,Stanford-GenSearch_7c1647d9-c9bc-470e-ad07-59ef8cf4817d,"On mobile devices, umlaut marks can be accessed by tapping and holding a particular key.",Stanford-GenSearch,1,1,1,1,0.8087910047299921,-1
id,Stanford-GenSearch_e7e26428-64ab-4e46-9b8d-5f568006af12,"They can develop cybersecurity laws, increase international cooperation, and encourage widespread adoption of easy-to-use authentication solutions.",Stanford-GenSearch,1,0,0,0,0.2887609326955555,-1
id,Stanford-GenSearch_52d6a5e2-0f3d-4a75-b37e-cbc0d84a0e3b,"It is a very sensitive in vitro assay, capable of detecting as low as a few picograms of analyte in the experimental tube when using antibodies of high affinity.",Stanford-GenSearch,1,1,1,1,0.6376560339434696,-1
id,Stanford-GenSearch_da096db2-3f2b-414c-a526-462787fb4b15,"The Ohio River begins at the confluence of the Allegheny and Monongahela Rivers in Pittsburgh, Pennsylvania.",Stanford-GenSearch,1,1,1,1,0.8048281389537223,-1
id,Stanford-GenSearch_898ed1ef-657b-4d6c-9c7e-289508fc9e6a,Hamilton last won the Grey Cup in 1999.,Stanford-GenSearch,1,0,1,0,0.43940390884136266,-1
id,Stanford-GenSearch_9eb89b0e-05b5-4f23-b3c0-eda930a945b6,"Another song with a similar title is ""Thing for You"" by **David Guetta** and **Martin Solveig**.",Stanford-GenSearch,1,0,0,0,0.38101535177871193,-1
id,Stanford-GenSearch_0c26165e-fb9d-41e0-92c9-2fa272e83569,Jodie Comer plays Elizabeth Woodville in The White Princess.,Stanford-GenSearch,1,0,0,0,0.45582673883431113,-1
id,Stanford-GenSearch_d54016ea-3811-4c01-a7d1-15da7179b6e1,The darker skin of peoples who lived closer to the equator was important in preventing folate deficiency.,Stanford-GenSearch,1,1,1,1,0.7844029998079847,-1
id,Stanford-GenSearch_75d381c5-5296-4943-be87-1242acee037d,"The United Nations has close working relationships with 15 international organizations that have been designated as ""specialized agencies"" of the UN, such as the Food & Agriculture Organization, International Civil Aviation Organization, International Fund for Agricultural Development, International Labour Organization, International Monetary Fund, International Maritime Organization, International Telecommunications Union, United Nations Educational, Scientific and Cultural Organization, United Nations Industrial Development Organization, United Nations World Tourism Organization, Universal Postal Union, and International Criminal Court.",Stanford-GenSearch,1,0,0,0,0.2951369474525013,-1
id,Stanford-GenSearch_4009db3e-255f-422d-aa29-5f99da08a263,4. Siphon out about 25% of the water into a bucket.,Stanford-GenSearch,1,1,1,1,0.792887476769809,-1
id,Stanford-GenSearch_9576b846-aefa-4bbc-a4a4-f3571ce7c887,The poem encourages the reader to remember that beauty is truth and all they need to know.,Stanford-GenSearch,1,0,0,0,0.30153786052175596,-1
id,Stanford-GenSearch_8ebff767-b4dc-4050-bf2e-325cd74e3ee6,"This is due to the increased speed of the water on the outside of the bend, which causes increased erosion through hydraulic action and abrasion.",Stanford-GenSearch,1,1,1,1,0.7684759768381382,-1
id,Stanford-GenSearch_b2c5e70e-9bd1-410c-b20d-6b46514881fb,"Blue penguins, also known as little penguins or kororā, are common along most New Zealand coastlines where offshore islands provide protection from predators and disturbance or where protection measures are in place on the mainland.",Stanford-GenSearch,1,0,0,0,0.34172805759993036,-1
id,Stanford-GenSearch_b1f6c8c4-eecb-44f4-ae22-4b5730c1e7ee,"Many legal experts encourage employers to monitor employee Internet activity as a proactive measure, to protect themselves against potential litigation from their employees.",Stanford-GenSearch,1,1,1,1,0.7986624203968584,-1
id,Stanford-GenSearch_05b92ab7-7b74-4818-b6c9-f33384cbccbd,"He is a former member of the Inner Party and is the founder and leader of an organization called the Brotherhood, which is dedicated to the overthrow of the Party.",Stanford-GenSearch,1,0,1,0,0.4202779359642539,-1
id,Stanford-GenSearch_de1fe951-6b7d-4532-97c3-f8d4dfb26df4,"To clean a washing machine naturally, you can start by setting the washer to its hottest temperature setting and highest capacity.",Stanford-GenSearch,1,0,0,0,0.27658530216650556,0
id,Stanford-GenSearch_11b0cdf0-00a4-4277-8f5f-e70c339aec77,"Oily water separators aboard marine vessels are used to separate oil from oily waste water before it is discharged into the environment, as stated in.",Stanford-GenSearch,1,1,1,1,0.8088557933371305,-1
id,Stanford-GenSearch_98449c7c-0b73-4ba6-aaf2-29a4803de1fd,"To qualify for a second mortgage, you will need to meet a few financial requirements, such as a credit score of 620, a debt-to-income ratio of 43%, and enough equity in your first home.",Stanford-GenSearch,1,0,0,0,0.2789531623025662,0
id,Stanford-GenSearch_2f28242f-93ed-4fc6-8561-f1ee9a8542fc,"Chris Stapleton won the CMA Male Vocalist of the Year award in 2022, setting a new record for most wins in the category.",Stanford-GenSearch,1,1,1,1,0.5722538636740206,-1
id,Stanford-GenSearch_58c857fc-20e7-486b-bfae-d45a9ce9212d,"The PlayStation 4 was released in the UK on November 29, 2013.",Stanford-GenSearch,1,0,0,0,0.31520897728706476,-1
id,Stanford-GenSearch_2b588371-bf99-4a6d-8e5d-de900a3ef575,This is because Delta-9 THC has psychoactive properties.,Stanford-GenSearch,1,1,1,1,0.800787181086507,-1
id,Stanford-GenSearch_6b288ddb-36a6-4e70-803d-cc00b20a0615,"The phrase ""land of opportunity"" was coined by James Truslow Adams in 1931 in his book The Epic of America.",Stanford-GenSearch,1,0,0,0,0.2875047041394843,-1
id,Stanford-GenSearch_067f5c39-d58b-42d7-85e3-cbd37b7e7e67,"The Great New York State Fair will take place from August 24 to September 5, 2022.",Stanford-GenSearch,1,0,0,0,0.3969585172619259,-1
id,Stanford-GenSearch_2ce053e9-a2ae-4d52-9d99-9696441a9db6,UBI was proposed by 2020 Democratic presidential candidate Andrew Yang as a response to job displacement by automation.,Stanford-GenSearch,1,0,0,0,0.25971231993936106,0
id,Stanford-GenSearch_48860eef-2a25-435d-bee1-7789e6b49b6c,"The Ohio River starts at the confluence of the Allegheny and Monongahela Rivers in Pittsburgh, Pennsylvania, and ends in Cairo, Illinois.",Stanford-GenSearch,1,1,1,1,0.5409240695068163,-1
id,Stanford-GenSearch_40702945-aafa-4434-ac22-8cb616ac43cc,"The Quick and the Dead is a 1987 American made-for-television Western film based on the 1973 novel by Louis L'Amour, directed by Robert Day and starring Sam Elliott, Tom Conti, Kate Capshaw, Kenny Morrison and Matt Clark.",Stanford-GenSearch,1,0,0,0,0.35905870728114914,-1
id,Stanford-GenSearch_bfdf6bb0-df4c-4b3d-b14c-588cdcc9e12d,"When you delete a file, it is usually moved to the Recycle Bin or Trash folder on your computer.",Stanford-GenSearch,1,0,0,0,0.2896520082112457,-1
id,Stanford-GenSearch_fac11fa7-6539-4dc3-afb0-76159cc9d9b9,"According to estimates, over 100 billion human beings have been born in the 50,000 years of human history.",Stanford-GenSearch,1,0,1,0,0.4114885994274462,-1
id,Stanford-GenSearch_434779f5-ab85-4334-9102-4d093f8553d4,Another way to prevent diarrhea while taking antibiotics is by taking probiotics.,Stanford-GenSearch,1,0,1,0,0.43428211390670196,-1
id,Stanford-GenSearch_cdd6c058-ae6d-4743-8192-3fa92f63c1dc,"Some agender people describe it as having a “lack of gender,” while others describe themselves as being gender neutral.",Stanford-GenSearch,1,1,1,1,0.798815236031253,-1
id,Stanford-GenSearch_2bcd50aa-daa0-42fc-b4d8-c2671dcf447d,The station usually opens just before the first train of the day and closes when the last train of the day departs.,Stanford-GenSearch,1,1,1,1,0.7362878604141956,-1
id,Stanford-GenSearch_2f35f7b7-91d1-4c67-a27b-9cb3f6529e64,Leonor is the Princess of Asturias and is first in the line of succession to the Spanish throne.,Stanford-GenSearch,1,0,0,0,0.3868558298149082,-1
id,Stanford-GenSearch_afd455a6-162a-4522-a806-584ae9ec121a,Manchester City has won eight Premier League trophies.,Stanford-GenSearch,1,0,0,0,0.2788094560206693,0
id,Stanford-GenSearch_8bbb1188-220a-45e9-bf08-a7adeaa2f743,"To do this, you can divert greywater from the machine through a 1-inch main irrigation line with -inch tubing outlets placed throughout the landscape terminating in a seepage pit.",Stanford-GenSearch,1,0,0,0,0.29635073782813337,-1
id,Stanford-GenSearch_89463a36-9714-4427-bb1c-09a83f4aeba7,"Certain activities, exercises, and games can teach children communication skills.",Stanford-GenSearch,1,1,1,1,0.808530926136912,-1
id,Stanford-GenSearch_b76878a2-b614-4c9d-9224-42a22a15995b,"Humorist and Oklahoma Democrat Will Rogers once said, “America is a land of opportunity and don’t ever forget it”.",Stanford-GenSearch,1,1,1,1,0.8020041611555092,-1
id,Stanford-GenSearch_163707e0-1d71-4dcf-8064-7b92a749f076,"Then, you can prime and paint the cast iron using an oil-based primer and paint.",Stanford-GenSearch,1,1,1,1,0.7648857621943056,-1
id,Stanford-GenSearch_b3c39bea-b4e7-4c15-8487-11c5d781e324,"Religion in public schools is a contentious issue, with some arguing that it infringes on the First Amendment right to free exercise of religion, while others voice concern that conservative Christians and others are trying to impose their values on students.",Stanford-GenSearch,1,1,1,1,0.8005903914237552,-1
id,Stanford-GenSearch_0c6dca07-5aa5-4ce8-8879-863719317a5e,"The first Disney animated films were released in 1927, beginning with Oswald the Lucky Rabbit.",Stanford-GenSearch,1,1,1,1,0.7981102103819984,-1
id,Stanford-GenSearch_63ed6e37-1c64-4b69-afec-526ac6ea2df3,"To plant a peach tree, start by selecting a sunny location with 6+ hours of direct sunlight per day.",Stanford-GenSearch,1,0,0,0,0.39533076324447597,-1
id,Stanford-GenSearch_5d8e9492-1a67-4d36-90d4-56c5bcece97e,"Local governments can reduce their carbon footprint by purchasing or generating electricity from clean, renewable sources.",Stanford-GenSearch,1,1,1,1,0.8091483542807298,-1
id,Stanford-GenSearch_cd765703-3411-4e24-947d-a02f4171f5ab,"Traffic flow is the study of interactions between travelers (including pedestrians, cyclists, drivers, and their vehicles) and infrastructure (including highways, signage, and traffic control devices), with the aim of understanding and developing an optimal transport network with efficient movement of traffic and minimal traffic congestion problems.",Stanford-GenSearch,1,1,1,1,0.7594448813042193,-1
id,Stanford-GenSearch_493c88b0-365f-4bac-b6f9-4462bad68c20,"The range runs approximately 670 km in a south-west direction through Rajasthan, Haryana, and Gujarat.",Stanford-GenSearch,1,1,1,1,0.804244150457894,-1
id,Stanford-GenSearch_4a6a398d-1618-43c6-bd03-b71955b58633,The United Nations has several specialized agencies that work with it and each other through the coordinating machinery of the United Nations Economic and Social Council at the intergovernmental level.,Stanford-GenSearch,1,0,0,0,0.29514320052904247,-1
id,Stanford-GenSearch_202c3834-0967-4da8-9300-8b1b40c97b55,"The song ""You Can Leave Your Hat On"" was written by Randy Newman and popularized by Joe Cocker, who released his version in 1986.",Stanford-GenSearch,1,0,0,0,0.31000792034996144,-1
id,Stanford-GenSearch_983bf109-f146-48e1-8679-d6a8a14b80dc,"It extends for more than 1,250 miles (2,000 km) in a northwest-southeast direction at an offshore distance ranging from 10 to 100 miles (16 to 160 km).",Stanford-GenSearch,1,1,1,1,0.7970252694475682,-1
id,Stanford-GenSearch_7790e33e-b3aa-4598-8951-eb2898593e54,The Aravali Range is one of the oldest fold mountain ranges in the world.,Stanford-GenSearch,1,1,1,1,0.808359338733879,-1
id,Stanford-GenSearch_652089d7-249b-4f2c-b3f5-d31a8ea352bd,"Although Jim Adkins eventually became their primary lead vocalist, he is not Jimmy.",Stanford-GenSearch,1,1,1,1,0.7986402535541149,-1
id,Stanford-GenSearch_0e434b45-4ffa-48d3-8e3e-6d4942810c85,"Even if toilets are available, behavior change efforts may still be needed to promote their use.",Stanford-GenSearch,1,1,1,1,0.7936623445507622,-1
id,Stanford-GenSearch_c2f5306f-1f19-4648-b6eb-7b3f18b18338,"The song ""You Can Leave Your Hat On"" was written by Randy Newman and released on his 1972 album Sail Away.",Stanford-GenSearch,1,1,1,1,0.7902323883007766,-1
id,Stanford-GenSearch_f7bca098-b409-4f23-8607-eece0c77a712,"John Keats' poem ""Ode on a Greek Urn"" suggests that beauty is truth and truth is beauty, and that this is all we need to know on earth.",Stanford-GenSearch,1,0,0,0,0.2882069596341631,-1
id,Stanford-GenSearch_4e1b82a7-5a65-459b-ba3b-b250d4ef8c08,The Aravalli Range is an example of a residual mountain.,Stanford-GenSearch,1,1,1,1,0.7733102205591961,-1
id,Stanford-GenSearch_64e25194-772d-4b11-87fb-a54498ad8626,"In some cases, people may choose to defecate in public due to rage, anxiety, a desire to send a message, alcohol or illness.",Stanford-GenSearch,1,0,0,0,0.3014753476613312,-1
id,Stanford-GenSearch_6bc99ddf-6b60-4039-952c-dc4551309ad1,"Some people consider it more of a cake than a biscuit because of its soft dough, while others consider it definitely a biscuit.",Stanford-GenSearch,1,0,0,0,0.264394375978176,0
id,Stanford-GenSearch_7c8233fc-4ebf-486c-9c10-5bef448c59a5,"""Get the Party Started"" is a song by American singer Pink, released on October 16, 2001.",Stanford-GenSearch,1,1,1,1,0.7050371384728522,-1
id,Stanford-GenSearch_17f2f910-04da-4cdf-a131-f2ee5eb3f711,"The letter was apparently addressed to a group of churches where ""false prophets"" denied the Incarnation of Jesus and caused a secession so substantial that the orthodox remnant was sadly depleted.",Stanford-GenSearch,1,1,1,1,0.807919805010818,-1
id,Stanford-GenSearch_95bd2dd1-41f7-456a-ae36-39728035a09a,The largest mainland colony of little blue penguins can be found on the Banks Peninsula outside of Christchurch.,Stanford-GenSearch,1,1,1,1,0.7046985674705576,-1
id,Stanford-GenSearch_037ff4c8-638f-4844-8567-56b86cfe0fd6,"In the 2017 film adaptation of Death Note, Light's father is played by **Shea Whigham**.",Stanford-GenSearch,1,1,1,1,0.802245661798161,-1
id,Stanford-GenSearch_07887512-ee17-4b56-ac0c-6eb346183a31,"Research shows that being overweight or obese can increase your risk for hypertension, high cholesterol, heart attack, and heart failure.",Stanford-GenSearch,1,1,1,1,0.8037277968060742,-1
id,Stanford-GenSearch_3318a06e-c0e6-4636-b82f-929e9fbed4fb,"Although a fiscal year can start on Jan. 1 and end on Dec. 31, not all fiscal years correspond with the calendar year.",Stanford-GenSearch,1,1,1,1,0.6408782485850087,-1
id,Stanford-GenSearch_bd755429-ad74-4b17-a8dc-f5420db3da89,The queen of Spain's name is Letizia Ortiz Rocasolano.,Stanford-GenSearch,1,1,1,1,0.803921944061826,-1
id,Stanford-GenSearch_6fceb7a8-a651-47fb-b00d-8b333965a96e,Gene splicing is a form of genetic engineering where specific genes or gene sequences are inserted into the genome of a different organism.,Stanford-GenSearch,1,1,1,1,0.6237107638146225,-1
id,Stanford-GenSearch_4f54c595-b915-4496-82cb-47b965ad1f53,"According to, the rights to Back to the Future remained with Columbia Pictures.",Stanford-GenSearch,1,1,1,1,0.798373688331446,-1
id,Stanford-GenSearch_b848a9cd-a053-4055-b86d-52e023dadfbb,"Grill tilapia on a medium-high heat for 3-4 minutes per side, and season with a spice blend of smoked paprika, garlic powder, onion powder, and celery seed.",Stanford-GenSearch,1,0,0,0,0.29510419393741616,-1
id,Stanford-GenSearch_f8fb8638-3700-4adc-a7a1-64d1a4205665,"Friday the 13th Part 1 was filmed at Camp No-Be-Bo-Sco, an active Boy Scouts camp located in Hardwick, New Jersey.",Stanford-GenSearch,1,1,1,1,0.7895956969360545,-1
id,Stanford-GenSearch_3b11aa15-37a7-4d4c-ad70-c49bd8824ba7,"On an iOS or Android device, access umlaut marks by tapping and holding a particular key.",Stanford-GenSearch,1,1,1,1,0.7636702625996394,-1
id,Stanford-GenSearch_8693045d-f40d-47f4-a513-2dadd5e3ffd9,Saudi National Bank acquired a stake of almost 10% last year after it took part in Credit Suisse's capital raising.,Stanford-GenSearch,1,1,1,1,0.6215190808400177,-1
id,Stanford-GenSearch_a476e40e-8e65-4765-9cf5-f6a1af157818,"Algal growth, molds, and buildup of body wastes from swimmers can all cause cloudiness.",Stanford-GenSearch,1,1,1,1,0.793594520689187,-1
id,Stanford-GenSearch_f1c65a06-0f04-4178-b2de-ed582ac7715c,"Ireland last qualified for the World Cup in 2002, as highlighted in and.",Stanford-GenSearch,1,1,1,1,0.5596518406117736,-1
id,Stanford-GenSearch_54e94d21-4833-4b67-b438-29e1720f46db,"Voice exercises, full-body training, and script reading should be part of an actor's everyday routine.",Stanford-GenSearch,1,0,0,0,0.3928889837323115,-1
id,Stanford-GenSearch_89a651bb-d82e-40db-9f4c-3adfe26fe8cc,The station is open every day that services are running to and from the station.,Stanford-GenSearch,1,1,1,1,0.8005191731557868,-1
id,Stanford-GenSearch_9e05cf77-ea3b-4110-bcd0-7cacb2089423,Sensible gun laws and reducing easy access to dangerous weapons are some ways to prevent gun violence.,Stanford-GenSearch,1,1,1,1,0.8030630976823124,-1
id,Stanford-GenSearch_6ff63d6e-40ad-460c-9457-22fc55c97d5a,"Eukaryotic pre-mRNA processing involves adding a 5' cap and poly-A tail to the two ends of the transcript, removing introns, and sticking back together.",Stanford-GenSearch,1,1,1,1,0.7821644278610691,-1
id,Stanford-GenSearch_28125cb0-dd7b-4ada-aded-6c31268c4574,You can also dye fabric with acrylic paint by using an acrylic medium.,Stanford-GenSearch,1,0,0,0,0.2893754520423239,-1
id,Stanford-GenSearch_74200655-98e9-4eeb-a48f-c6bd6a816162,Iga Swiatek is currently the top-ranked female tennis player in the world according to.,Stanford-GenSearch,1,0,0,0,0.34967740338904946,-1
id,Stanford-GenSearch_7c2b34bb-6799-492b-bdf7-ce7af5917b29,"The nine fruits of the Holy Spirit are love, joy, peace, patience, kindness, goodness, faithfulness, gentleness, and self-control.",Stanford-GenSearch,1,1,1,1,0.6862058844733573,-1
id,Stanford-GenSearch_b5ec1cff-64e6-4410-ba78-4533a6ac7bce,"Some researchers suggest that laws regulating how people use, carry, and store their firearms could help reduce gun violence.",Stanford-GenSearch,1,1,1,1,0.8078741778283941,-1
id,Stanford-GenSearch_9e2374c2-c07c-43b6-9abc-89fc803dc100,"Startup India is an initiative of the Government of India, first announced by Indian Prime Minister, Narendra Modi during his speech in 15 August 2015.",Stanford-GenSearch,1,1,1,1,0.7338637449841883,-1
id,Stanford-GenSearch_44918c6d-a03b-48eb-9ffe-3b06d8b407b7,"These are love, joy, peace, patience, kindness, goodness, faithfulness, gentleness, and self-control.",Stanford-GenSearch,1,1,1,1,0.7615203234950731,-1
id,Stanford-GenSearch_ecbba87a-3f9f-43e9-959c-5bf766171e8a,"They are employed in a variety of roles, such as firefighters, police officers, public health officials, librarians, teachers and volunteers.",Stanford-GenSearch,1,1,1,1,0.721566986040295,-1
id,Stanford-GenSearch_9577fe6d-ddb6-4a40-889a-38986f61fef4,The Delta 9 THC contained in any CBD product is kept at 0.3 percent or lower to keep the “high effects” to a minimum while simultaneously taking advantage of its health and wellness benefits.,Stanford-GenSearch,1,1,1,1,0.8081889729101027,-1
id,Stanford-GenSearch_5f164423-244a-415c-b3ef-aaa6c301fee5,"In fact, there are 15 dead people for every person living.",Stanford-GenSearch,1,1,1,1,0.8029110401235486,-1
id,Stanford-GenSearch_d6d8ec0b-e00b-4368-8db6-0aeecc8688fb,Governments have an important role to play in preventing cybercrimes.,Stanford-GenSearch,1,1,1,1,0.784561625236998,-1
id,Stanford-GenSearch_30e3bb42-2f20-4b5d-9bf1-fe09e6f8b17c,"New Mexico is home to a variety of mountain ranges, including the Sangre de Cristo, Jemez, Brazos, Mogollon, San Juan, Zuni, San Mateo, Datil, Gallinas, Jicarilla, Capitan, White, Sacramento, Guadalupe, Sandia, Manzanos, Pinos, Oscuras, San Andres, Organ, Fra Cristobal, Caballo, and Magdalena ranges.",Stanford-GenSearch,1,1,1,1,0.7967124804766831,-1
id,Stanford-GenSearch_1252bf80-7938-4580-b45a-2cadca9cc9c3,3. Get your scrubbing tools and get the algae off of the aquarium glass.,Stanford-GenSearch,1,0,0,0,0.33057836580667793,-1
id,Stanford-GenSearch_b3a20213-b2af-411c-bcc9-2669a05f1b77,"To diagnose and clear cloudy swimming pool water, test the water with a pool testing kit and adjust the pH accordingly.",Stanford-GenSearch,1,0,0,0,0.295034001443572,-1
id,Stanford-GenSearch_cb8d266d-596b-4032-ae5c-3f119d5dc215,Traffic occurs when there are too many vehicles on a roadway and the road doesn't have enough space for all of them to drive at their desired speed.,Stanford-GenSearch,1,1,1,1,0.8074500341888112,-1
id,Stanford-GenSearch_4908a084-c1a8-4fa2-aff5-0a522b7ae6c7,Do not make sudden movements or grab the hamster like a predator.,Stanford-GenSearch,1,1,1,1,0.8070119924882888,-1
id,Stanford-GenSearch_109bc715-67c3-474c-a15e-5ce307514f25,The melting and boiling points of group 4 elements decrease as you move down the group.,Stanford-GenSearch,1,1,1,1,0.5605988274826494,-1
id,Stanford-GenSearch_c388afde-61cd-4693-9d41-bc67fcbfe0b1,"He is the main enemy of the state and Big Brother, and was once an important member of the Inner Party.",Stanford-GenSearch,1,1,1,1,0.7526811089394085,-1
id,Stanford-GenSearch_ad54ee48-d38a-4726-be96-e4a6516df08a,"The voice actors for Ben and Holly's Little Kingdom are Preston Nyman and Sian Taylor, respectively.",Stanford-GenSearch,1,1,1,1,0.7619705611176053,-1
id,Stanford-GenSearch_8b823b0e-68eb-4450-bb4d-0800d0c163d7,Discussions around UBI can be heated and there is no established common understanding.,Stanford-GenSearch,1,1,1,1,0.8087546054025961,-1
id,Stanford-GenSearch_cc63f82e-1d92-4436-964d-a415b783cad9,"This includes measures to counter the financing of terrorism, disrupt the flow of foreign terrorist fighters, and to strengthen international cooperation.",Stanford-GenSearch,1,0,0,0,0.3247268568513642,-1
id,Stanford-GenSearch_e7756ba5-213b-456e-84f7-0f6adc12c942,There is also concern that robots will displace a significant number of blue- and white-collar jobs.,Stanford-GenSearch,1,1,1,1,0.7931456379705263,-1
id,Stanford-GenSearch_9f8a33ed-c511-4ade-9f23-38dfb63fde44,"The voice actors for Ben and Holly's Little Kingdom are Preston Nyman and Sian Taylor, respectively.",Stanford-GenSearch,1,1,1,1,0.7990556009646755,-1
id,Stanford-GenSearch_a0900797-0202-4f92-b720-29a71b612370,• Seeking representation,Stanford-GenSearch,1,1,1,1,0.7801064586853741,-1
id,Stanford-GenSearch_60cdc363-556a-4b81-a491-f003f4e55042,It creates a rotating magnetic field that helps move and rotate the blades of the fan.,Stanford-GenSearch,1,1,1,1,0.7805324980615274,-1
id,Stanford-GenSearch_03d84b3b-37b7-4530-af80-03cee7804ac5,It's a fantasy genre that’s defined by a focus on the style of the industrial era mashed up against futuristic technology.,Stanford-GenSearch,1,1,1,1,0.7780070483676246,-1
id,Stanford-GenSearch_df3d01c1-e044-45af-af49-a12e962dba4d,"Gene splicing is a process by which introns, the noncoding regions of genes, are removed from the primary messenger RNA transcript and the exons (i.e., coding regions) are joined together to generate mature messenger RNA.",Stanford-GenSearch,1,0,0,0,0.27840319700093596,0
id,Stanford-GenSearch_f35ca7e7-1a53-4646-b04e-7d09e4167146,"Additionally, the human hearing range is commonly given as 20 to 20,000 Hz, although there is considerable variation between individuals, especially at high frequencies, and a gradual loss of sensitivity to higher frequencies with age is considered normal.",Stanford-GenSearch,1,0,0,0,0.39283036725512116,-1
id,Stanford-GenSearch_ac61de01-975d-418d-9559-eef882b43161,The original Disney movies were released starting in 1937 with Snow White and the Seven Dwarfs.,Stanford-GenSearch,1,1,1,1,0.6828602007374571,-1
id,Stanford-GenSearch_a552dcbf-be5d-45c3-b0cb-652042675668,Steampunk is a subgenre of science fiction that incorporates retrofuturistic technology and aesthetics inspired by 19th-century industrial steam-powered machinery.,Stanford-GenSearch,1,0,1,0,0.4513403548542847,-1
id,Stanford-GenSearch_125fa0f9-5d03-495e-bac2-0775486893d9,"Obesity can also change cholesterol levels, leading to a spike in bad cholesterol.",Stanford-GenSearch,1,0,1,0,0.4718813532879989,-1
id,Stanford-GenSearch_5caba089-887d-43e1-a486-c5f887516fbf,"Established in 1950, the World Meteorological Organization (WMO) became the specialized agency of the United Nations for modern meteorology (weather and climate), operational hydrology and related geophysical sciences, and has its headquarters in Geneva, Switzerland.",Stanford-GenSearch,1,1,1,1,0.5933857543318327,-1
id,Stanford-GenSearch_05766f23-74c9-4e62-9e0e-5ef172179829,Treatment for antibiotic-associated diarrhea may involve stopping the antibiotic therapy until the diarrhea subsides.,Stanford-GenSearch,1,1,1,1,0.6052502508633721,-1
id,Stanford-GenSearch_3694a9b3-df75-4da5-b489-e07b9efe19ee,The melting and boiling points of group 4 elements decrease as you move down the group.,Stanford-GenSearch,1,0,0,0,0.27581866394559856,0
id,Stanford-GenSearch_15053080-2eaa-493a-a310-44a572f88c31,Utilities such as plumbing and electricity can be planned for when finalizing the deck or platform plans.,Stanford-GenSearch,1,1,1,1,0.7989619048448062,-1
id,Stanford-GenSearch_6981663b-3798-425f-a83a-670172bcd4a6,"Although some foxes share characteristics with cats, such as vertical pupils and tree-climbing abilities, they are still classified as canines.",Stanford-GenSearch,1,1,1,1,0.7907860211917019,-1
id,Stanford-GenSearch_4e1b54eb-d5bf-4604-94d5-c554c3450291,"Some of these specialized agencies include the **Food and Agriculture Organization (FAO)** with headquarters in Rome, Italy, the **International Atomic Energy Agency (IAEA)** with headquarters in Vienna, Austria, and the **International Civil Aviation Organization (ICAO)** with headquarters in Montreal, Quebec, Canada.",Stanford-GenSearch,1,0,0,0,0.3102991600223941,-1
id,Stanford-GenSearch_6378d473-e6c2-4b2f-ad57-cd1d2de4c91d,"It can also lead to heart muscle injury, and increase the risk of death by 20-30%.",Stanford-GenSearch,1,0,0,0,0.27995751326604174,0
id,Stanford-GenSearch_90105138-ce83-49b4-8f49-d95c1fc18fbc,"Giving to charity can have unintended bad consequences, such as when it prevents local entrepreneurs from getting their own businesses off the ground.",Stanford-GenSearch,1,1,1,1,0.8084063741483352,-1
id,Stanford-GenSearch_976d59af-4a69-4f79-9fad-02382e9a33e5,"Stratford-upon-Avon railway station is a terminus of the North Warwickshire Line and Leamington-Stratford line, serving the town of Stratford-upon-Avon in Warwickshire, England.",Stanford-GenSearch,1,1,1,1,0.8082749099044516,-1
id,Stanford-GenSearch_fab9a2ae-e1e4-4335-8548-a42382dea636,The specialized agencies of the United Nations are autonomous international organizations that work in collaboration with the United Nations.,Stanford-GenSearch,1,1,1,1,0.7192074292554773,-1
id,Stanford-GenSearch_0dd2fcb0-6e8c-4dd7-b923-f678f933aa18,Some states and cities have begun legislating and regulating it.,Stanford-GenSearch,1,1,1,1,0.8087141574540517,-1
id,Stanford-GenSearch_e6ab567b-05c6-4bac-8fd1-24ffc168afd2,Others may view it as a system that can be easily manipulated due to its public ownership structures.,Stanford-GenSearch,1,1,1,1,0.8058433229999731,-1
id,Stanford-GenSearch_c3dc8d56-ad5d-4075-b6e5-3c3f066e62d8,"To prevent pulling of the skin, gently rest one hand on your cat and use the other hand to slip the teeth of the comb underneath the mat.",Stanford-GenSearch,1,1,1,1,0.6389402995536221,-1
id,Stanford-GenSearch_f14cb32a-a701-4fdb-b1cb-5134c540fa14,"Chris Stapleton won CMA Male Vocalist of the Year six times, according to.",Stanford-GenSearch,1,0,1,1,0.5394341901114755,-1
id,Stanford-GenSearch_161a635e-eca7-4667-bb4e-3c3ae2e4db30,"However, the Supreme Court recently expanded gun rights in the US.",Stanford-GenSearch,1,1,1,1,0.8055373005516261,-1
id,Stanford-GenSearch_12bb81d2-fff6-4bd8-997f-3515f23720ee,"In 2018, there were five candidates running for governor of Connecticut: Republican Bob Stefanowski, Democrat Ned Lamont, Oz Griebel, Rod Hanscomb and Mark Stewart Greenstein.",Stanford-GenSearch,1,1,1,1,0.6930354022284122,-1
id,Stanford-GenSearch_78bc69c6-8f97-455e-be62-9359db6d4050,"""Twice Upon a Time"" is a Doctor Who Christmas special that was released in cinemas on December 25, 2017.",Stanford-GenSearch,1,0,0,0,0.47503641710500544,-1
id,Stanford-GenSearch_79c8f27e-f50e-4f73-9775-21bce24d308e,"Yes, a US Treasury bill is considered a cash equivalent.",Stanford-GenSearch,1,1,1,1,0.8018285375268484,-1
id,Stanford-GenSearch_d6acd81f-a949-440c-9350-e99c6af58bac,"The Cyrus Cylinder is recognized as the world's first charter of human rights, and documents such as the Magna Carta, the Petition of Right, the US Constitution, the French Declaration of the Rights of Man and of the Citizen, and the US Bill of Rights further developed the concept of human rights.",Stanford-GenSearch,1,1,1,1,0.8075530373907902,-1
id,Stanford-GenSearch_e17edec9-7d17-4ce5-be23-ccbe737e0f12,Do not expose roots to temperatures that are freezing or below.,Stanford-GenSearch,1,1,1,1,0.7908209893692768,-1
id,Stanford-GenSearch_a6fead35-bd7c-4760-a774-59a8854f9571,"The fig roll is a cookie or biscuit, consisting of a rolled cake or pastry filled with fig paste.",Stanford-GenSearch,1,1,1,1,0.7720485688050859,-1
id,Stanford-GenSearch_53b8b4c1-0a65-4e88-a217-5129b2e0829c,"One is by **Jim Bianco** called ""I Got a Thing for You"".",Stanford-GenSearch,1,1,1,1,0.8002084565423452,-1
id,Stanford-GenSearch_818565d8-4630-46c8-800e-fc370e3eb1e3,"Traffic congestion is often attributed to recurring traffic and traffic incidents, as well as road work.",Stanford-GenSearch,1,1,1,1,0.8058770145210196,-1
id,Stanford-GenSearch_73f20187-ac63-431a-8f05-6d6fa467c24c,"When you delete a file, it is usually moved to the Recycle Bin or Trash folder on your computer.",Stanford-GenSearch,1,0,0,0,0.29581522183127623,-1
id,Stanford-GenSearch_2bf829ac-6233-4aec-8e23-cca7c3376f41,"Release the keys, and then type a lowercase ""u"".",Stanford-GenSearch,1,0,0,0,0.4177037641552951,-1
id,Stanford-GenSearch_97d0303b-aa90-4666-ab2f-1eeaabecdc22,"Additionally, research indicates that watching familiar TV shows has been shown to restore our feelings of self-control after a period of exertion.",Stanford-GenSearch,1,1,1,1,0.8067058994405683,-1
id,Stanford-GenSearch_db3bf762-0905-4172-9a62-a9ce39a5824a,"Proponents of increased gun restrictions argue that the Second Amendment was intended for militias, that gun violence would be reduced, that gun restrictions have always existed, and that a majority of Americans, including gun owners, support new gun restrictions.",Stanford-GenSearch,1,1,1,1,0.7952523087643498,-1
id,Stanford-GenSearch_3cf48089-ee08-4320-b3f1-2875bacb10eb,"Yes, a US Treasury Bill is considered a cash equivalent instrument.",Stanford-GenSearch,1,1,1,1,0.7939747278892646,-1
id,Stanford-GenSearch_641d27f1-0669-4369-9287-bbda00622073,Bees are essential for human existence because they play a crucial role in pollinating food crops.,Stanford-GenSearch,1,0,0,0,0.28787651965101624,-1
id,Stanford-GenSearch_cebc87e4-ccb2-44df-8c40-24667fc6d0ad,The fleet was sent by Philip II to invade England.,Stanford-GenSearch,1,1,1,1,0.8094908580189617,-1
id,Stanford-GenSearch_a4c275b6-d98b-4593-b9a5-237425960cdb,"The sources provided discuss various reasons why people may choose not to move out of their homes, such as high housing costs, rental risk, or poor home conditions.",Stanford-GenSearch,1,0,0,0,0.24937743013413352,0
id,Stanford-GenSearch_02424c27-403b-4b33-8362-80a19e457bfb,Net neutrality is a principle that Internet service providers (ISPs) must treat all Internet communications equally.,Stanford-GenSearch,1,1,1,1,0.7980860386572156,-1
id,Stanford-GenSearch_ca5fb4cd-462b-4b10-9cf8-d48cdd7e4806,"Medieval Christian discourse began to recognize the value of individuals, and John Locke's theory of natural rights further developed this idea.",Stanford-GenSearch,1,1,1,1,0.6618117906683061,-1
id,Stanford-GenSearch_77911402-49ab-4c87-8060-959cd0111033,"However, they have qualified for the 2023 Women's World Cup in Australia and New Zealand.",Stanford-GenSearch,1,0,0,0,0.37764217164922914,-1
id,Stanford-GenSearch_6c5717cd-42f6-43fc-8f19-51f37a4238f3,There is debate over whether religion should be taught in public schools.,Stanford-GenSearch,1,0,0,0,0.3211668409687567,-1
id,Stanford-GenSearch_14d874b2-b6d4-4ce6-bf40-9695ee2787ce,"However, this does not mean that employers have the right to monitor Internet activity outside of the work environment.",Stanford-GenSearch,1,1,1,1,0.7875948944401748,-1
id,Stanford-GenSearch_ddbc4eec-4518-4fc0-9b96-356a5a0e5db2,"Supporters argue that UBI could reduce poverty, improve income security, and boost well-being, while opponents argue that it could be expensive and disincentivize work.",Stanford-GenSearch,1,0,0,0,0.2866137351789921,-1
id,Stanford-GenSearch_14c4406b-b928-4168-b76b-8daf4d11b993,Peaches have a long history of use and cultivation and require a bit of work to maintain.,Stanford-GenSearch,1,0,0,0,0.2945578497720417,-1
id,Stanford-GenSearch_37c4dec7-81da-4d29-aa0d-84df0b49de61,"In the United States, access to guns is controlled by law under a number of federal statutes.",Stanford-GenSearch,1,1,1,1,0.768265266526689,-1
id,Stanford-GenSearch_8a94d36b-f134-46b9-a052-8d3d22cb56ad,The chairman of the Saudi National Bank also stated that they cannot own more than 10% of Credit Suisse's shares due to regulatory issues.,Stanford-GenSearch,1,1,1,1,0.6977002777210854,-1
id,Stanford-GenSearch_84957e7e-4019-4096-a32e-479cb3f42431,It was followed by Romanticism.,Stanford-GenSearch,1,1,1,1,0.7823106188913795,-1
id,Stanford-GenSearch_eac00da4-8a90-4b7e-b67c-421f18c371e2,A second mortgage is a type of loan that you take out using your home as collateral while you still have another loan secured by your home.,Stanford-GenSearch,1,1,1,1,0.7966788514184876,-1
id,Stanford-GenSearch_89ebdf38-b16a-431d-b852-244b859f564a,"You can explore the official U.S. Foreign Aid country data across sectors, implementing agencies, and activities on the U.S. Foreign Assistance website.",Stanford-GenSearch,1,1,1,1,0.8036073898661578,-1
id,Stanford-GenSearch_cd84f171-c6f6-4a0b-a546-3d2bac61b1df,"In the dystopian novel Nineteen Eighty-Four (1949) by George Orwell, Emmanuel Goldstein is the principal enemy of the state of Oceania.",Stanford-GenSearch,1,1,1,1,0.7948531522692616,-1
id,Stanford-GenSearch_6c8b7531-0412-447f-b9f8-e06435b4e152,"The fiscal year can begin and end on any month except December, and is used for accounting purposes to prepare financial statements.",Stanford-GenSearch,1,1,1,1,0.7542201562682482,-1
id,Stanford-GenSearch_250771c0-c25e-4a75-b192-02348b2db207,"The Organic Trade Association recommends that all genetically engineered food be labeled with clear, understandable terms.",Stanford-GenSearch,1,1,1,1,0.7855226852301864,-1
id,Stanford-GenSearch_773a90d4-5d6a-4f7b-ade5-b3b101adee17,"In this state, people enjoyed certain rights sanctioned by natural law.",Stanford-GenSearch,1,1,1,1,0.7970578263988548,-1
id,Stanford-GenSearch_dfb6dc02-6d72-47cc-9957-c69f6248c351,"By incorporating and reflecting on the impact of different religions on the advancement and development of our civilization, educators can expand the minds of our students and promote understanding, respect, and fellowship.",Stanford-GenSearch,1,0,0,0,0.34849268356595015,-1
id,Stanford-GenSearch_e09151bf-1eac-4cea-9a21-a197f586c316,It is used both publicly in artistic and formal documents as well as in private communication.,Stanford-GenSearch,1,1,1,1,0.8087450609082973,-1
id,Stanford-GenSearch_c33901e5-fc51-459c-a102-95ea382d9e02,"The grounds used for Camp Crystal Lake is a boy scout retreat called **Camp No-Be-Bo-Sco** located in **Hardwick, New Jersey**.",Stanford-GenSearch,1,1,1,1,0.6468695103835206,-1
id,Stanford-GenSearch_f242473f-1ea9-41c4-829e-53468c890afb,"However, there is no federal mandate requiring recycling.",Stanford-GenSearch,1,0,0,0,0.30412393954852784,-1
id,Stanford-GenSearch_f590d824-4883-481d-ad54-8df1eb3dd695,"The fruits of the Holy Spirit are love, joy, peace, patience, kindness, generosity, faithfulness, gentleness and self-control.",Stanford-GenSearch,1,1,1,1,0.544012394587912,-1
id,Stanford-GenSearch_a1b3270e-0743-4e5f-a666-4b19f04b5736,"Cursive is also faster than printing each letter, as the letters are connected.",Stanford-GenSearch,1,0,0,0,0.2898577560811036,-1
id,Stanford-GenSearch_4f3aa7c6-abc2-49ab-89a4-10ea93fc92b0,"The idea of a Universal Basic Income (UBI) has been gaining more and more attention in recent years, and has been proposed by many as a way to reduce poverty and income inequality while also providing increased financial security.",Stanford-GenSearch,1,1,1,1,0.8048381887520504,-1
id,Stanford-GenSearch_f0cd0746-7e3f-45bc-b16d-a37b75b9ee0a,"Agender people identify as having no gender or a lack of gender, and can be part of the nonbinary and transgender umbrellas.",Stanford-GenSearch,1,0,0,0,0.33581603868556387,-1
id,Stanford-GenSearch_e22a5cb3-ddff-40db-9f74-6fc1177f8460,The book of 1 John was written by the apostle John around A.D. 85-95.,Stanford-GenSearch,1,0,0,0,0.27736370992043047,0
id,Stanford-GenSearch_712d885f-151e-4474-938f-c4d9face49c7,It is much stronger than delta-8 and delta-10 and can cause negative effects such as paranoia or anxiety.,Stanford-GenSearch,1,1,1,1,0.8091159560724803,-1
id,Stanford-GenSearch_6b561d63-6d34-46a5-bf8f-0239ac0657b2,Manchester City has won eight Premier League trophies.,Stanford-GenSearch,1,1,1,1,0.7736740998137897,-1
id,Stanford-GenSearch_b0cb627d-3199-4c7e-b11b-567491b2ce25,"However, exposing students to texts from different religions can be helpful to student learning when shared in context for the development and advancement of societies.",Stanford-GenSearch,1,1,1,1,0.7922458959132821,-1
id,Stanford-GenSearch_e1d042c5-eb98-4c6e-98b5-114e83b6bdbc,HTML code can also be used to create umlaut marks.,Stanford-GenSearch,1,0,0,0,0.30449968686192486,-1
id,Stanford-GenSearch_0107871d-7b40-492e-9f69-1d840b855f4d,"Additionally, free health care policies can help reduce health disparities by providing access to care for marginalized and underserved populations, leading to improved health outcomes.",Stanford-GenSearch,1,0,0,0,0.28729945050784494,-1
id,Stanford-GenSearch_927bd7c0-0faa-4c01-8da1-405704e3fad5,"He beat out fellow nominees Eric Church, Luke Combs, and Thomas Rhett for the honors.",Stanford-GenSearch,1,0,0,0,0.3862358328807962,-1
id,Stanford-GenSearch_c8e945fd-6975-4e17-804e-528e83428a71,"For an easy and healthy dinner, cook the fish in foil to keep it from falling apart and season with lemon pepper.",Stanford-GenSearch,1,0,0,0,0.3741017938914121,-1
id,Stanford-GenSearch_879a8e25-57f2-43a1-b5fe-f91557657e7d,"Manchester City have won five Premier League titles, with the first coming in the 1936/37 season, followed by the 1967/68 season, 2011/12 season, 2013/14 season and 2018/19 season.",Stanford-GenSearch,1,1,1,1,0.7977415950493671,-1
id,Stanford-GenSearch_4b2820b9-0e79-4ab0-b44e-5c4c63641a2d,"• Clean the glass, hardscape, and plant leaves",Stanford-GenSearch,1,1,1,1,0.7973684197455241,-1
id,Stanford-GenSearch_954af5d0-12f5-4b2e-8fa8-b9815cce12cf,Antibiotics are not effective for treating diarrhea caused by a virus.,Stanford-GenSearch,1,1,1,1,0.7979958150884563,-1
id,Stanford-GenSearch_d2bcfe53-0ff1-4968-ad88-281035f96d57,There is little consensus among the public when it comes to the level of influence religion should play in politics and government policies.,Stanford-GenSearch,1,1,1,1,0.7723837303461972,-1
id,Stanford-GenSearch_b3444816-3179-4bb9-bdaf-0b38d2bb6d35,"In New Zealand, they can be found in the Marlborough Sounds, Akaroa Harbour, Oamaru, Dunedin and Stewart Island.",Stanford-GenSearch,1,1,1,1,0.5532941121516345,-1
id,Stanford-GenSearch_5849bf6b-73d2-4ee4-b7d1-e453044569fb,Whether or not gay marriage should be legalized worldwide is a matter of debate with pros and cons on both sides.,Stanford-GenSearch,1,0,0,0,0.31016301628246573,-1
id,Stanford-GenSearch_d6f5c310-5df8-49f7-9b9f-f2d77387eb0b,"Furthermore, only about 7% of the world's oceans are designated as marine protected areas, making it difficult to protect what we don't know.",Stanford-GenSearch,1,0,0,0,0.2814540302637957,-1
id,Stanford-GenSearch_5f30e5d4-ed4b-4752-b15e-ab9371ba8748,This was the twelfth Grey Cup win for the city of Winnipeg.,Stanford-GenSearch,1,0,0,0,0.27824809370868114,0
id,Stanford-GenSearch_6c7acf19-f982-4c0d-9225-e4011c4b4b2f,"Additionally, poetry can be used to teach grammar, vocabulary, sentence structure, parts of speech and many other language skills.",Stanford-GenSearch,1,0,0,0,0.3112714181884941,-1
id,Stanford-GenSearch_20183db1-80ac-4920-92f8-918a8be37180,She is married to King Felipe VI.,Stanford-GenSearch,1,1,1,1,0.6863216777710537,-1
id,Stanford-GenSearch_9e548ca0-5972-4206-a1fd-c4fc33e73b4d,"The Buffalo Bills will play at the Detroit Lions, the New York Giants will play at the Dallas Cowboys, and the New England Patriots will play at the Minnesota Vikings.",Stanford-GenSearch,1,1,1,1,0.6239848371539495,-1
id,Stanford-GenSearch_1b285fd7-76e4-4e72-a140-8d72c0f0a1fe,"While opposition remains strong in many places, there is a growing trend towards legalizing same-sex marriage and advancing LGBTQ+ rights globally.",Stanford-GenSearch,1,0,0,0,0.2523836095049558,0
id,Stanford-GenSearch_9b7a74e4-a94d-46ce-8102-317edd4ce028,Inflation in Argentina has reached 100%.,Stanford-GenSearch,1,1,1,1,0.807755670847219,-1
id,Stanford-GenSearch_392c01f3-f4ab-4a40-a1a1-df6ebb13ef79,"Manchester City have won five Premier League titles, with the first coming in the 1936/37 season, followed by the 1967/68 season, 2011/12 season, 2013/14 season and 2018/19 season.",Stanford-GenSearch,1,1,1,1,0.7925132996486475,-1
id,Stanford-GenSearch_fade6c71-e093-4e31-9273-e542b73ab661,Others may have different priorities or interests.,Stanford-GenSearch,1,0,0,0,0.30364115443955675,-1
id,Stanford-GenSearch_172d56ab-edc0-4fd5-8e70-814a6e7c8190,"Chris Stapleton won CMA Male Vocalist of the Year six times, according to.",Stanford-GenSearch,1,1,1,1,0.7459468990589944,-1
id,Stanford-GenSearch_a9918727-e2f0-4a3b-8b48-29fb3d01f3ad,"Pink sang ""Get the Party Started.""",Stanford-GenSearch,1,1,1,1,0.7970912249396245,-1
id,Stanford-GenSearch_be68c39f-628e-488f-935d-4d6bc9353872,There is little consensus among the public on whether religion should play a role in politics and government policies.,Stanford-GenSearch,1,1,1,1,0.7935408306164109,-1
id,Stanford-GenSearch_6ae89f66-a6d0-4af7-9703-252db9449cc1,"Then, coat the cast iron with an oil-based primer designed for use on metal surfaces.",Stanford-GenSearch,1,1,1,1,0.8039818756363398,-1
id,Stanford-GenSearch_f8c16274-fa17-4f46-9509-21df13dd4ac6,"If the water chemistry is imbalanced, adjust the levels accordingly.",Stanford-GenSearch,1,0,0,0,0.3174512525511512,-1
id,Stanford-GenSearch_0337072b-dad7-4558-8df8-7f2226c6635e,Homeowners with sufficient equity in their homes can take out a second mortgage on the property.,Stanford-GenSearch,1,1,1,1,0.7764571817517397,-1
id,Stanford-GenSearch_ef3c7e40-3b0a-48e6-ad8e-1e0beb0265c9,"The ancients had some notion of individual rights, particularly in Athens, which granted its citizens more freedom than other ancient states.",Stanford-GenSearch,1,0,0,0,0.42525543888200185,-1
id,Stanford-GenSearch_0f274525-eb28-4524-bf95-393736936175,"To clean a planted fish tank, use a gravel vacuum to remove detritus without uprooting plants, trim plants and remove unhealthy parts, and add root tabs if necessary.",Stanford-GenSearch,1,0,1,0,0.43695395946381227,-1
id,Stanford-GenSearch_9277ac3d-d6bd-4d42-bb15-dd012492761c,"Employers should only monitor employee internet activity for legitimate business purposes, such as ensuring employees are doing their work and are not wasting time on social media or frivolous browsing.",Stanford-GenSearch,1,0,0,0,0.28652534249411193,-1
id,Stanford-GenSearch_2354e07e-0291-4a60-8a0f-ac48045614c5,"They run for approximately 670 km in a south-west direction, starting near Delhi and ending in Ahmedabad Gujarat.",Stanford-GenSearch,1,1,1,1,0.7921693653061654,-1
id,Stanford-GenSearch_e6027389-a09b-4050-9324-e1b05852fc3d,"To cope with diarrhea, you can drink enough fluids and avoid certain foods such as dairy, fatty and spicy foods while you have diarrhea.",Stanford-GenSearch,1,1,1,1,0.7718705022719986,-1
id,Stanford-GenSearch_9c1a7ea9-7e07-4456-9052-c522e78a4051,Agender is a gender identity that refers to someone who does not have a gender or gender expression.,Stanford-GenSearch,1,1,1,1,0.7312534780103312,-1
id,Stanford-GenSearch_ab1666e3-3e3e-470d-ac5e-93f7944b0cf0,The song was certified gold in the U.S. and peaked at #4 on the Billboard Top 200 chart.,Stanford-GenSearch,1,1,1,1,0.7956990352311146,-1
id,Stanford-GenSearch_4e178202-d51f-454c-8b8f-a36ae250d107,The queen of Spain's name is Letizia Ortiz Rocasolano.,Stanford-GenSearch,1,1,1,1,0.7945963291019124,-1
id,Stanford-GenSearch_f2c1bba3-6df5-420b-bcd2-22be14c21eac,"This type of sentence is less common than indeterminate sentencing, which is a process of assigning a range of time to an offender.",Stanford-GenSearch,1,0,0,0,0.458492470155107,-1
id,Stanford-GenSearch_3bb19761-27a6-4519-acfd-72fddd79fd8a,2. Clean your filter by taking it out and scrubbing it with a toothbrush or rinsing it in dechlorinated water.,Stanford-GenSearch,1,1,1,1,0.7887140016763401,-1
id,Stanford-GenSearch_3c6d3820-fef5-46c2-a3bc-69b861f42c1f,Mylan CEO Heather Bresch was called before Congress to explain why EpiPen’s price had soared from about $103.50 in 2009 to more than $608.61 in 2016.,Stanford-GenSearch,1,1,1,1,0.7980687691997098,-1
id,Stanford-GenSearch_6db3541c-7cd2-4331-b843-01b2d2969f46,"If the circulation and filtration system is not working properly, check and fix it.",Stanford-GenSearch,1,1,1,1,0.7957236597078682,-1
id,Stanford-GenSearch_5f08d97b-aad5-47a4-ae27-7aba445bb1eb,"As a result, real wages have lagged behind inflation, leading to a record level of protests and social distress.",Stanford-GenSearch,1,1,1,1,0.7667883349758622,-1
id,Stanford-GenSearch_e5830df7-1a48-4c08-85aa-0d09032b1df0,"Agender is defined as not having a gender, and anybody can identify with it, regardless of their sexual orientation or gender assigned at birth.",Stanford-GenSearch,1,1,1,1,0.7901775084989374,-1
id,Stanford-GenSearch_465350db-5270-4868-a5d1-d1aa6b662a3c,"It was also found in Normandy, France where it was often spelled Guillem and by the Conquest was often seen as Guillaume.",Stanford-GenSearch,1,1,1,1,0.7624375662285858,-1
id,Stanford-GenSearch_97e78734-3314-49f3-9a2f-9874aa8f6678,"2. If you live in a colder climate, select your peach variety carefully. Talk to your local nursery about what type of peach would grow the easiest.",Stanford-GenSearch,1,0,0,0,0.3438833173924395,-1
id,Stanford-GenSearch_32dd1a8c-d7b9-499a-8448-c75409a014c5,"This is in contrast to a flat tax system, which assigns one tax rate to all taxpayers, regardless of income.",Stanford-GenSearch,1,1,1,1,0.598492942064539,-1
id,Stanford-GenSearch_1299978e-b409-4415-b29b-4b6a4ae1b7cd,"However, a Pew Research survey found that two-thirds of Americans believe the US should use a mix of energy sources including oil, coal, natural gas, and renewables.",Stanford-GenSearch,1,0,0,0,0.2834338482656943,-1
id,Stanford-GenSearch_7ac7d2c2-d55a-4191-b7dd-31a4b8f3917b,Director Robert Zemeckis and writer Bob Gale share the film rights to Back to the Future.,Stanford-GenSearch,1,1,1,1,0.7956641729537651,-1
id,Stanford-GenSearch_6c8e01d7-7124-4eef-977a-5c49151150b4,• Gaining experience through practice and training,Stanford-GenSearch,1,1,1,1,0.6380759745797249,-1
id,Stanford-GenSearch_6577078b-43d7-4f00-b417-d3d538f871ac,The soundtrack contained both versions of the song including the extended version that featured Gaga as the sole performer.,Stanford-GenSearch,1,1,1,1,0.7298027367994386,-1
id,Stanford-GenSearch_21c634ad-7f5e-425f-97a7-2c0829afb286,It is a loan that uses your current home as collateral.,Stanford-GenSearch,1,1,1,1,0.8080811710933703,-1
id,Stanford-GenSearch_e01a923f-662e-48a2-b99a-e3609500cdad,Teaching about different faiths can provide students with a better understanding of different religions and foster cooperation and tolerance between different groups of people.,Stanford-GenSearch,1,1,1,1,0.8076873677553602,-1
id,Stanford-GenSearch_684a7bbf-a1d8-4b56-9e9a-109f19011723,It has been covered by several artists including Joe Cocker and Tom Jones.,Stanford-GenSearch,0,0,0,0,0.31157764164936114,-1
id,Stanford-GenSearch_42d7fd63-693f-4c88-8a90-081ea6ebcbac,"However, there are no significant benefits or practical applications of capturing farts in jars.",Stanford-GenSearch,0,0,0,0,0.4424457969276995,-1
id,Stanford-GenSearch_ce5ca9a3-d72d-49f9-b4b5-4afe220e6131,"A US Treasury bill is considered a cash equivalent, as it is a short-term commitment with temporarily idle cash and easily convertible into a known cash amount with a maturity period of 90 days or less.",Stanford-GenSearch,0,1,1,1,0.8081299854184062,-1
id,Stanford-GenSearch_6f755c6c-09f5-487b-8530-0ae5198359e8,Their last appearance was in 2002 in Japan and South Korea.,Stanford-GenSearch,0,0,0,0,0.2837341176641586,-1
id,Stanford-GenSearch_853c3ed1-b41c-43b2-aee6-ed6ee6a5e909,Precision is a measure of how accurate a model's positive predictions are.,Stanford-GenSearch,0,0,0,0,0.33006084001463865,-1
id,Stanford-GenSearch_65858042-01dc-46cf-ac97-1ae9cda25571,"The voice actors for Ben & Holly's Little Kingdom include Sian Taylor as Holly, Stanley Nickless as Barnaby Elf, David Rintoul as King and Queen Thistle, and Mark Heenehan as Ben.",Stanford-GenSearch,0,0,0,0,0.4600861142746071,-1
id,Stanford-GenSearch_911d5a1c-814e-43ef-ab85-17580efbba1f,They are expected to work in harmony with ministers and are not entitled to any benefits or privileges.,Stanford-GenSearch,0,0,0,0,0.2899063436731981,-1
id,Stanford-GenSearch_bab1bcf4-674e-4b06-bda2-89ceec593bc4,"Matted fur can be caused by clumped dead hairs, lack of grooming, and rubbing or movement.",Stanford-GenSearch,0,1,1,1,0.7991537332964541,-1
id,Stanford-GenSearch_b0979c74-414e-46b1-ba62-444f12ae69fd,• Erect your yurt and install utilities as needed,Stanford-GenSearch,0,1,1,1,0.6950644297181372,-1
id,Stanford-GenSearch_e0d51e22-3c3f-42de-a791-292c40e767ab,"The Second Amendment to the US Constitution gives Americans the right to bear arms, but some argue that gun ownership does not make us safer.",Stanford-GenSearch,0,0,0,0,0.2868162552680501,-1
id,Stanford-GenSearch_ad6fe450-01e3-4389-b2f5-8d17d06ff09b,"The first feature-length animated film from Disney, Snow White and the Seven Dwarfs, was released in 1937.",Stanford-GenSearch,0,1,1,1,0.8014000077736999,-1
id,Stanford-GenSearch_e31a9ca2-8b22-4e62-b3fe-2c9a2cf743a1,"Serena Williams was also close in 2015, winning the Australian Open, Wimbledon and the French Open but losing in the US Open final.",Stanford-GenSearch,0,0,0,0,0.2771800466961425,0
id,Stanford-GenSearch_d1d48866-391e-41b1-9373-5b8196a3779c,"Some argue that mandatory voting would increase voter turnout and reduce barriers to voting, while others believe it would be unconstitutional and ineffective.",Stanford-GenSearch,0,1,1,1,0.7143241312647673,-1
id,Stanford-GenSearch_c80a7176-832f-4c6a-a841-6456112342d1,"There is no record of Pink singing a song called ""Let's Get The Party Started.""",Stanford-GenSearch,0,0,0,0,0.45508006887345576,-1
id,Stanford-GenSearch_4d868f3b-58aa-4aad-bfeb-8656cea3387a,Charity can be wrong when it is done with the wrong intentions or perpetuates dependency.,Stanford-GenSearch,0,0,0,0,0.32156047239533236,-1
id,Stanford-GenSearch_f976adcb-c5f0-4521-81a2-1b9fb41bf89a,It has been covered by several artists including Joe Cocker and Tom Jones.,Stanford-GenSearch,0,0,0,0,0.34490771906310225,-1
id,Stanford-GenSearch_2ef14073-35b3-4f36-bc09-7bd64d2e23c3,"Some of the celebrities who have appeared on recent seasons include Charli D'Amelio, Selma Blair, Wayne Brady, and Jessie James Decker.",Stanford-GenSearch,0,0,0,0,0.3967195973848376,-1
id,Stanford-GenSearch_476ea866-2a09-4521-ab1a-7cf3b159e2f5,"The U.N.'s highest projection predicts that the world population will stabilize at 10 billion inhabitants sometime after 2200, which would not be a reality.",Stanford-GenSearch,0,0,0,0,0.262949116783863,0
id,Stanford-GenSearch_48689ecf-2a06-4c51-9761-f1de29ca916b,Others argue that it would bring liberty to people who are suffering by making them equal when it comes to access to healthcare.,Stanford-GenSearch,0,0,0,0,0.2872399435500567,-1
id,Stanford-GenSearch_b8c12e46-df16-4e88-a2b5-5d82744813a8,"Actors should listen to their scene partners, research their characters, and take risks to make truthful discoveries.",Stanford-GenSearch,0,0,0,0,0.3169596412483712,-1
id,Stanford-GenSearch_74452c63-b983-4e1a-a31f-620034a507a3,"These properties make the Group 4 elements suitable for a variety of applications, such as in the manufacture of lightweight, durable products, and in protective plating.",Stanford-GenSearch,0,0,0,0,0.3175343253589104,-1
id,Stanford-GenSearch_b1cf8859-1069-45dc-a79b-6d2b5fadaea0,• Bonn,Stanford-GenSearch,0,0,0,0,0.37320195081292207,-1
id,Stanford-GenSearch_2f0919ef-2f34-49e8-8624-5c9e61db7165,This brings the total number of high schools in Tracy to six.,Stanford-GenSearch,0,0,0,0,0.3377301769326733,-1
id,Stanford-GenSearch_b58f3180-b943-407d-9019-d459e716041a,"Additionally, you can look for mud tubes climbing up your foundation, wall, or another wood structure, as well as discolored or drooping drywall, peeling paint that resembles water damage, and wood that sounds hollow when tapped.",Stanford-GenSearch,0,0,0,0,0.281911080773245,-1
id,Stanford-GenSearch_e1916c0f-ad0b-4634-b1f2-696ae50e580e,"The author of the book of First John is not identified by name, but Christians have considered this letter to be written by John the Evangelist since the beginning of the church.",Stanford-GenSearch,0,1,1,1,0.5850412396247732,-1
id,Stanford-GenSearch_5074e383-340e-48f2-a373-7c51515ac307,"Sean Giambrone plays the youngest son, Adam Goldberg, on The Goldbergs.",Stanford-GenSearch,0,0,0,0,0.309614592191136,-1
id,Stanford-GenSearch_c6a8e092-4ca6-4465-a0f3-b9cc24b2d886,There is debate over whether there should be stricter regulations on the use of facial recognition software.,Stanford-GenSearch,0,0,0,0,0.2891865857954053,-1
id,Stanford-GenSearch_f835bce7-2091-4c2f-ba2c-46c3322391b3,"Pirates of the Caribbean: On Stranger Tides was released on May 20, 2011 and is available for purchase on Amazon.",Stanford-GenSearch,0,0,0,0,0.30944938734295274,-1
id,Stanford-GenSearch_f882eb6d-85a0-4915-8c6a-1488ba16306f,"Additionally, you can look for mud tubes climbing up your foundation, wall, or another wood structure, as well as discolored or drooping drywall, peeling paint that resembles water damage, and wood that sounds hollow when tapped.",Stanford-GenSearch,0,1,1,1,0.7827367272604349,-1
id,Stanford-GenSearch_99107804-7054-41fd-96b5-ccf720b5218d,"Some sources list 12 fruits of the Holy Spirit including charity (or love), benignity (or kindness), goodness and longanimity (or long-suffering).",Stanford-GenSearch,0,0,0,0,0.33779410624446776,-1
id,Stanford-GenSearch_f4aeeae9-9462-4f19-9f45-e7d10615462a,"Reparations can be used as a form of punishment, as evidenced by the World War I reparations paid by Germany and its allies, and by advocates for restorative justice who argue that punitive tactics like reparations have a place in this method.",Stanford-GenSearch,0,1,1,1,0.6431752207992383,-1
id,Stanford-GenSearch_0c459cbd-2854-4250-9730-56241d5123d6,"The ancient Greeks had some concept of human rights, although there is no single word in classical Greek that captures the sense of ""rights"" as it is used in modern political thought.",Stanford-GenSearch,0,1,1,1,0.6655899818581057,-1
id,Stanford-GenSearch_fd1b9fc7-6a9c-43cc-8e73-3ca261051ea1,"An integral-based tax would be even more precise, but it would be difficult to implement and enforce.",Stanford-GenSearch,0,0,0,0,0.2772582395769071,0
id,Stanford-GenSearch_446ef011-9eb2-45e8-a582-ce6c07612d04,"Chris Stapleton won the male vocalist of the year award according to ABC News, the Country Music Association, and CNN.",Stanford-GenSearch,0,1,1,1,0.583882350072997,-1
id,Stanford-GenSearch_61f9e621-e0bb-44b4-addb-1d0386df11ac,It is the largest city in Florida's panhandle region known as or the county seat and only incorporated municipality in Leon County.,Stanford-GenSearch,0,1,1,1,0.6568419101881375,-1
id,Stanford-GenSearch_1defc3e0-b1a6-4689-9806-5aa7998ac493,"The Ohio River starts at the confluence of the Allegheny and Monongahela Rivers in Pittsburgh, Pennsylvania, and ends in Cairo, Illinois.",Stanford-GenSearch,0,0,0,0,0.3011218053481749,-1
id,Stanford-GenSearch_6ed7477e-7032-4ea2-b5d8-4d926b89a9a8,"Some argue that subsidies could help combat climate change, while others point out that there are already grants and financing programs available for eco-friendly businesses.",Stanford-GenSearch,0,0,0,0,0.2927931083707243,-1
id,Stanford-GenSearch_6a9df41e-e370-4dc7-9e59-b18e5cc6c994,The public should stop treating money as a sin in social change work and instead focus on funding the growth of the most impactful organizations.,Stanford-GenSearch,0,0,0,0,0.2865234955874424,-1
id,Stanford-GenSearch_46c79b8e-d4bf-4044-a941-49028baaad3a,"On the other hand, Startup India provides business opportunities to companies that fall in the category of startups and may not generate adequate revenue.",Stanford-GenSearch,0,0,0,0,0.2743616430480385,0
id,Stanford-GenSearch_94544892-06c1-4f08-96e7-19fd7d149779,The Council on Foreign Relations has discussed the progress of same-sex marriage in various countries around the world.,Stanford-GenSearch,0,1,1,1,0.8020114514503811,-1
id,Stanford-GenSearch_712ea1b9-41ff-44b6-88d1-02c49d801db6,The recipients of this letter were likely believers in what is today Turkey and possibly churches in the immediate vicinity of Ephesus.,Stanford-GenSearch,0,0,0,0,0.28670095892894915,-1
id,Stanford-GenSearch_5a35fafb-e073-4077-8283-3c4dbc21bf7b,"Ireland last qualified for the World Cup in 2002, as highlighted in and.",Stanford-GenSearch,0,0,0,0,0.46055425175383036,-1
id,Stanford-GenSearch_9ca57a61-95c5-489d-99d2-181f7447c7f1,"For most adults, replacing fluids and salts with water, juice or broth is recommended to treat diarrhea caused by bacteria or parasites.",Stanford-GenSearch,0,0,0,0,0.2907410839329423,-1
id,Stanford-GenSearch_063506db-ec7f-4a9c-8794-f9e17e4d1fdb,"While sounds outside of this range may not be audible to most people, they can still affect the overall sound quality of the headphones or speakers.",Stanford-GenSearch,0,0,0,0,0.30861091476870867,-1
id,Stanford-GenSearch_f22eab75-924c-4ae0-97b2-2dac0793b5c4,"Despite its dark themes and a creepy atmosphere, Twice Upon A Time is a dark and twisted exploration of the power of love and the importance of time.",Stanford-GenSearch,0,0,0,0,0.28948848898935564,-1
id,Stanford-GenSearch_167a3815-2313-4a13-a92d-6056f3744c3a,Run a cycle without clothes or detergent.,Stanford-GenSearch,0,0,0,0,0.31506843854754946,-1
id,Stanford-GenSearch_acc7e927-f3c1-4bb4-8f90-375476572d98,The recipients of this letter were likely believers in what is today Turkey and possibly churches in the immediate vicinity of Ephesus.,Stanford-GenSearch,0,0,0,0,0.29036832997367884,-1
id,Stanford-GenSearch_045933b6-c60c-436c-aba1-aed2cae05c54,"You can clean your washing machine naturally using white vinegar, bleach, borax, or natural oxygen bleach.",Stanford-GenSearch,0,0,0,0,0.29379286463316145,-1
id,Stanford-GenSearch_ac2eaf80-4436-40d2-b4b5-bfdf24b8a284,"Additionally, recycling can help reduce air pollution and reduce greenhouse gas emissions.",Stanford-GenSearch,0,1,1,1,0.5041179971034593,-1
id,Stanford-GenSearch_12a3e449-b45c-4c42-ab05-ee2f54a042f3,"The share of Americans who favor same-sex marriage has grown in recent years, and same-sex marriages are on the rise.",Stanford-GenSearch,0,1,1,1,0.6902798280557546,-1
id,Stanford-GenSearch_5617b97b-ce1e-4b7c-b568-7f93aee05ca3,"Some argue that robots can work longer hours and perform tasks more efficiently than humans, while others believe that AI should augment human intelligence, not replace it.",Stanford-GenSearch,0,1,1,1,0.6768376631167915,-1
id,Stanford-GenSearch_1920012b-27ae-401e-9627-bd686eadd1e9,"""Ain't No Love in the Heart of the City"" is a 1974 R&B song written by Michael Price and Dan Walsh, and first recorded by Bobby ""Blue"" Bland for the ABC Records label.",Stanford-GenSearch,0,1,1,1,0.5388972920511328,-1
id,Stanford-GenSearch_ca274d8e-b8d3-496e-b2a3-2d67659fedef,"While some might argue that such games reveal an essential cruelty in human nature, it is important to look at the context in which such games are played.",Stanford-GenSearch,0,0,0,0,0.2899329671321898,-1
id,Stanford-GenSearch_479060c1-974b-4e32-9d57-33b0eb46e2bb,A capacitor is used to provide the necessary voltage and current to start the motor in a ceiling fan due to the single phase AC supply.,Stanford-GenSearch,0,0,0,0,0.288773034364622,-1
id,Stanford-GenSearch_1831fa2c-2581-4a99-8357-e2e26c036c5f,"The fiscal year can begin and end on any month except December, and is used for accounting purposes to prepare financial statements.",Stanford-GenSearch,0,0,0,0,0.28721844607165564,-1
id,Stanford-GenSearch_4236dae3-4d79-4769-8cce-b82177fe4b30,"""Let's Get This Party Started"" was originally recorded by the American band The Black Eyed Peas and released in 2003 as the lead single from their album Elephunk.",Stanford-GenSearch,0,1,1,1,0.707844333207279,-1
id,Stanford-GenSearch_1b8df5fd-29d2-4163-8715-a50f50fc2abc,"Set aside a 5 ft patch of ground, breaking up the soil and adding organic matter such as compost or manure.",Stanford-GenSearch,0,1,1,1,0.7915191126304156,-1
id,Stanford-GenSearch_62ee7ce6-f8c0-47ad-82f4-bbeef10659ce,The poem encourages the reader to remember that beauty is truth and all they need to know.,Stanford-GenSearch,0,0,0,0,0.4850018338372918,-1
id,Stanford-GenSearch_2928817e-c13d-44d4-a8c3-97f51fd443f0,It can also have a positive impact on their social and emotional learning by offering them a new way of thinking about something.,Stanford-GenSearch,0,0,0,0,0.28689576208177114,-1
id,Stanford-GenSearch_ca86b014-4072-498c-b3bb-d2ae038eebb9,"While some might argue that such games reveal an essential cruelty in human nature, it is important to look at the context in which such games are played.",Stanford-GenSearch,0,0,0,0,0.2844053981199079,-1
id,Stanford-GenSearch_415ce4cb-5a8b-4aac-95f8-b005015d8404,"The film was nominated for an Oscar and won 14 awards, and features great computer animation and voice acting.",Stanford-GenSearch,0,0,0,0,0.2980416425917851,-1
id,Stanford-GenSearch_eba65444-b4de-4c9f-aad9-3a720d2fa595,"In Europe, the amount of energy from the Sun is lower, leading to less water vapour in the atmosphere and thus less rain, which is usually light and can last all day.",Stanford-GenSearch,0,0,0,0,0.3090266391121111,-1
id,Stanford-GenSearch_91f6f549-e88a-49b4-bbc5-54dcb9a16d25,"The Thanksgiving tripleheader featured two of the three games being decided by a game-winning field goal, and all three road teams captured wins.",Stanford-GenSearch,0,0,0,0,0.3364334299381936,-1
id,Stanford-GenSearch_ad6e8924-6566-4f6d-9c77-c2289d125ce6,"There are currently 6 high schools in Tracy, California: Millennium Charter School, John C. Kimball High School, Tracy High School, West High School, Kimball Continuation High School, and Mountain House High School.",Stanford-GenSearch,0,0,0,0,0.29427485650883217,-1
id,Stanford-GenSearch_4ac21de5-f1b0-4b9c-8e72-b26b11830d93,"The Ohio River starts at the confluence of the Allegheny and Monongahela Rivers in Pittsburgh, Pennsylvania, and ends in Cairo, Illinois.",Stanford-GenSearch,0,0,0,0,0.3714782491591275,-1
id,Stanford-GenSearch_ec668530-a209-465a-b8d2-f6abfe737e51,"The scorecard from the 2014 ICC World Twenty20 Final between India and Sri Lanka, held at the Sher-e-Bangla National Stadium in Dhaka on 6 April 2014, is as follows:",Stanford-GenSearch,0,1,1,1,0.7753789080625285,-1
id,Stanford-GenSearch_cce17a1e-0475-4c8d-a65c-5bb031be4e65,There is debate over whether religion should be taught in public schools.,Stanford-GenSearch,0,0,1,0,0.4419894319854693,-1
id,Stanford-GenSearch_8f3dea3c-212a-463c-8a69-a04ec88771a0,"Some of the celebrities who have appeared on recent seasons include Charli D'Amelio, Selma Blair, Wayne Brady, and Jessie James Decker.",Stanford-GenSearch,0,0,0,0,0.3456366391043864,-1
id,Stanford-GenSearch_db4a091d-2872-448d-a5f0-032b0f617760,"Additionally, the armrest on the couch provides a different feeling than a pillow on the bed, which can help people relax and fall asleep faster.",Stanford-GenSearch,0,0,1,0,0.4579015107136379,-1
id,Stanford-GenSearch_5fb1e784-35f3-4f8c-a9cc-9fd9678af50e,He was once an important member of the Party but became a traitor.,Stanford-GenSearch,0,0,0,0,0.3108802524399391,-1
id,Stanford-GenSearch_0d3ae361-8765-4ae5-908c-496cf01c0e1f,Some argue that globalization initiated America’s decline as a global power.,Stanford-GenSearch,0,0,0,0,0.2885901177548473,-1
id,Stanford-GenSearch_a8a6d309-3624-462b-8f01-7d763936ffec,"However, some jobs may be replaced by robots in the future.",Stanford-GenSearch,0,0,0,0,0.38075953751712605,-1
id,Stanford-GenSearch_e19d7388-87fb-4358-90ae-7a2ed4c41b98,"The Ohio River is 981 miles (1582 km) long, starting at the confluence of the Allegheny and the Monongahela Rivers in Pittsburgh, Pennsylvania, and ending in Cairo, Illinois, where it flows into the Mississippi River.",Stanford-GenSearch,0,0,0,0,0.3557805984707274,-1
id,Stanford-GenSearch_a73a2e8e-6161-47b1-9a42-44e6033a2fe5,The band warns against using acronyms in band names.,Stanford-GenSearch,0,0,0,0,0.4161230478430045,-1
id,Stanford-GenSearch_1aace190-50a3-4589-9ddb-019a4a27df2b,"Some people believe that religion should have a role in addressing issues such as poverty, while others believe that government action should have a secular purpose.",Stanford-GenSearch,0,1,1,1,0.6905513290378631,-1
id,Stanford-GenSearch_0fb13e4e-dcff-455d-b3ac-ec0946ce57a3,"While it is legal to study religious texts in public schools for educational purposes, some argue that teaching religion amounts to religious indoctrination and is prohibited.",Stanford-GenSearch,0,1,1,1,0.7770825870557598,-1
id,Stanford-GenSearch_04f24e39-a3e0-4a96-8eac-a76e118caf33,"Steampunk has been difficult to define, but it is generally considered an underground movement.",Stanford-GenSearch,0,0,0,0,0.2889751545703061,-1
id,Stanford-GenSearch_668e7ff4-183f-4026-953a-afc4075007b4,Precision is a measure of how accurate a model's positive predictions are.,Stanford-GenSearch,0,1,1,1,0.7852241062118283,-1
id,Stanford-GenSearch_7f16ef70-9655-4d04-a55f-b641eeb5e446,The band warns against using acronyms in band names.,Stanford-GenSearch,0,1,1,1,0.776902471184867,-1
id,Stanford-GenSearch_3ea8fcd7-4d2d-4499-b877-9e2bccfd4ab7,"The Second Amendment to the US Constitution gives Americans the right to bear arms, but some argue that gun ownership does not make us safer.",Stanford-GenSearch,0,1,1,1,0.7584375544437567,-1
id,Stanford-GenSearch_2ea75ffb-6a19-41d2-aa85-a520c4d15fb7,"Yes, a sentence of 1 to 15 years is an example of a determinate sentence.",Stanford-GenSearch,0,1,1,1,0.6351978163046026,-1
id,Stanford-GenSearch_01bca417-e9e9-4324-a182-b613b925201a,"They answer to the government, not a political party.",Stanford-GenSearch,0,0,1,1,0.7488089546342843,-1
id,Stanford-GenSearch_265f91ba-cecc-4d14-b1ae-f367cd710aff,"Some people also think that involving religion in public life can pressure religious institutions to be more open, while others argue that effective arguments require premises that virtually everyone taking part in the discussion accepts.",Stanford-GenSearch,0,0,0,0,0.29312344280314595,-1
id,Stanford-GenSearch_97260d83-5bdf-4717-a5fa-c79c4a138219,"Subsequent films were shot in Connecticut, Wimberley, Texas, and Veluzat Ranch.",Stanford-GenSearch,0,0,0,0,0.327001168372934,-1
id,Stanford-GenSearch_d87e6187-1ab7-4a28-8473-3f8d6364f28a,"New Mexico is home to many mountain ranges, including the San Mateo Mountains, Black Range, Gila Wilderness, Sangre de Cristo Mountains, and Rocky Mountains.",Stanford-GenSearch,0,1,1,1,0.8015350466592078,-1
id,Stanford-GenSearch_e3068911-e0e5-4e6b-8fbe-eb2d992a3187,"Some argue that it is a necessary foundation of a just society, while others believe that it would be too expensive and could lead to longer wait times for medical care.",Stanford-GenSearch,0,0,0,0,0.2855728338905693,-1
id,Stanford-GenSearch_52c2b03d-6d65-47e9-8e2b-5a54e2d353b2,"It can cause high blood pressure, high cholesterol, and diabetes, all of which are risk factors for heart attack, stroke, and sudden cardiac death.",Stanford-GenSearch,0,0,0,0,0.27034146726975317,0
id,Stanford-GenSearch_a1505e87-15fd-4af9-bb29-7266a53127f3,"Precision is the accuracy of a measurement or prediction, and can be calculated by subtracting the lowest measured value from the highest measured value.",Stanford-GenSearch,0,0,0,0,0.29317067983570794,-1
id,Stanford-GenSearch_4a7743f8-e067-41d3-af3e-09ddc80ae62d,"The Great Barrier Reef is located off the east coast of the Australian state of Queensland, in the Coral Sea.",Stanford-GenSearch,0,0,0,0,0.3657216643734162,-1
id,Stanford-GenSearch_ebd71326-835c-4304-8a9b-dd7892a2e549,"However, many leaders and experts agree that it is important for the world to come together to combat ISIS.",Stanford-GenSearch,0,1,0,0,0.3343195843629336,-1
id,Stanford-GenSearch_b0af913b-6f75-493f-b2a9-c1f5dc282b71,"To diagnose the problem, you should test the water's pH and check for any chemical imbalances.",Stanford-GenSearch,0,0,0,0,0.2943559906080278,-1
id,Stanford-GenSearch_24d06fdc-8504-4317-b232-2d8a268b85c4,"If you have a bad capacitor, it will prevent the switch between two coils from happening, which can be detected by certain symptoms.",Stanford-GenSearch,0,1,1,1,0.7949409547035187,-1
id,Stanford-GenSearch_506fae81-38ba-4b44-93a9-df62044181e6,Reparations are not a form of punishment.,Stanford-GenSearch,0,0,0,0,0.45172187747821135,-1
id,Stanford-GenSearch_2e5bd346-6516-4b7d-9333-70453a112f19,These are the result of the Holy Spirit's presence and the moral actions that the gifts of the Holy Spirit produce.,Stanford-GenSearch,0,0,0,0,0.3482901281176261,-1
id,Stanford-GenSearch_5887c8e5-dc88-4606-a484-7f8bfbc1abe4,"Some argue that we should accept their right to have those views, while others suggest shielding oneself from such beliefs.",Stanford-GenSearch,0,1,1,0,0.48703000443692773,-1
id,Stanford-GenSearch_6bba1400-ab39-47f8-97c5-eb47fb282471,"For example, FAO is headquartered in Rome, while IAEA is headquartered in Vienna.",Stanford-GenSearch,0,0,1,1,0.6352705059953314,-1
id,Stanford-GenSearch_48b30fa8-c535-4397-b49f-c599434e25be,"The cast of the thirty-first season of Dancing with the Stars included Joseph Baena, Selma Blair, Wayne Brady, Sam Champion, Charli D'Amelio, Heidi D'Amelio, Shangela, Teresa Giudice, Cheryl Ladd, and Daniel Durant.",Stanford-GenSearch,0,1,1,1,0.6742657466986934,-1
id,Stanford-GenSearch_93aff8d0-d8fc-4886-a9e1-3c0dbd3738bb,"While sounds outside of this range may not be audible to most people, they can still affect the overall sound quality of the headphones or speakers.",Stanford-GenSearch,0,1,1,1,0.7437765657509704,-1
id,Stanford-GenSearch_cf78cd06-cf82-4599-9054-a4722d257677,"The ISS stays in orbit because it is moving forward at exactly the right speed that when combined with the pull of gravity, keeps it from falling out of orbit.",Stanford-GenSearch,0,0,0,0,0.32834126967470645,-1
id,Stanford-GenSearch_a8ef915a-d374-42e3-9851-531bb9355de8,It can also have a positive impact on their social and emotional learning by offering them a new way of thinking about something.,Stanford-GenSearch,0,0,0,0,0.29275691866869163,-1
id,Stanford-GenSearch_1ab40988-0ba9-40ef-9df2-776c6b8c2cce,"While sounds outside of this range may not be audible to most people, they can still affect the overall sound quality of the headphones or speakers.",Stanford-GenSearch,0,0,0,0,0.28083398532364684,-1
id,Stanford-GenSearch_ed9207bb-a306-42a7-8d70-78d8dd8411f3,Basic health care should be free for everyone because it has been shown by two sources that it will save lives and help slow the growth of health costs.,Stanford-GenSearch,0,0,1,1,0.6179394294207147,-1
id,Stanford-GenSearch_8aeee6af-e01e-4033-86da-c773aa43f7f0,"Chris Stapleton won the male vocalist of the year award according to ABC News, the Country Music Association, and CNN.",Stanford-GenSearch,0,1,1,1,0.791034934769255,-1
id,Stanford-GenSearch_fa6a530b-0879-4c98-ae04-a74c67b43bd9,"However, some people believe that capitalism is not sustainable in the long term either.",Stanford-GenSearch,0,0,0,0,0.30254310757587044,-1
id,Stanford-GenSearch_d993eaf4-d71f-4c2c-a019-441ea102aea4,"Governments should also focus on ensuring their cyber infrastructure is secure and trusted, and law enforcement should investigate and prosecute those responsible for cyber crimes.",Stanford-GenSearch,0,0,0,0,0.3269695824735595,-1
id,Stanford-GenSearch_b57d6610-3f51-4f49-b1ee-b8d1da7f71a5,"Additionally, providing free health care will lead to providing insurance for people who don't have insurance yet.",Stanford-GenSearch,0,1,1,1,0.7680575197797366,-1
id,Stanford-GenSearch_1a1b59a2-45be-4035-84ab-50f600e625e9,"Argentina's inflation has surpassed 100% due to the rapid expansion of the money supply, which served as a method of taxation that was difficult to avoid and politically easy to enact.",Stanford-GenSearch,0,0,0,0,0.2746009176657904,0
id,Stanford-GenSearch_e1a3e223-4d86-49dc-8f90-d8debff81f97,"Amos Otis had the final hit in Municipal Stadium history, scoring the final run.",Stanford-GenSearch,0,0,0,0,0.3647118129495861,-1
id,Stanford-GenSearch_bba64ef4-a3ce-41f0-bca1-cec069d2509f,"The Great New York State Fair will take place from August 23 - September 4, 2023.",Stanford-GenSearch,0,1,1,1,0.7982763324715133,-1
id,Stanford-GenSearch_d9967c3e-8d0a-4eb2-85ce-bffd707c64ed,"""The Quick and the Dead"" tells the story of the McKaskel family's progression from victimized easterners into self-sufficient pioneers, aided by an experienced wanderer.",Stanford-GenSearch,0,0,0,0,0.424594599398897,-1
id,Stanford-GenSearch_78e0d313-5f57-48d2-ad42-f4499735cb3e,"Laws in many jurisdictions require company financial reports to be prepared and published on an annual basis, usually corresponding to the fiscal year used for government purposes.",Stanford-GenSearch,0,1,1,1,0.8039950207577634,-1
id,Stanford-GenSearch_b8dc318a-01af-4afa-862b-66e2267e97b3,"Yes, a US Treasury bill is considered a cash equivalent.",Stanford-GenSearch,0,1,1,1,0.7536823674044962,-1
id,Stanford-GenSearch_bee90982-938d-4711-a19f-8910537f588a,"Some argue that it would push back against voter suppression and tear down barriers to participation, while others believe that it should remain a choice for citizens.",Stanford-GenSearch,0,1,1,1,0.6846120996146793,-1
id,Stanford-GenSearch_baeb380c-d17e-4750-9e2c-a769e48c91ad,The transition from non-metal to metallic bonding is also a process of forming a new metallic structure.,Stanford-GenSearch,0,0,0,0,0.2716708472919226,0
id,Stanford-GenSearch_23681f1c-9102-406f-b22e-ff5b50b901bc,"The rumor that living people outnumber the dead is a false claim, as the population of the world has been increasing slowly for most of history.",Stanford-GenSearch,0,0,0,0,0.29432443231958594,-1
id,Stanford-GenSearch_f535c569-2449-4595-86c0-ba2e099c4acf,The plot of the film bears a strong resemblance to the novel Shane.,Stanford-GenSearch,0,0,0,0,0.3276505392953059,-1
id,Stanford-GenSearch_4dc3b15d-7919-41f4-b383-fa2e06321e52,"The Great New York State Fair will take place from August 23 - September 4, 2023.",Stanford-GenSearch,0,0,0,0,0.47117566233366437,-1
id,Stanford-GenSearch_2d813b0b-73c1-4184-9a1b-bc79fd1d8ed7,"In Europe, rain is mostly light and can last all day because of different weather patterns.",Stanford-GenSearch,0,0,0,0,0.35872489388577594,-1
id,Stanford-GenSearch_3275c431-c188-4f8c-8473-6371d9a9ca6b,Hamilton's last Grey Cup win was in 2021 when the Winnipeg Blue Bombers defeated the Hamilton Tiger-Cats 33-25 in overtime at Tim Hortons Field in Hamilton.,Stanford-GenSearch,0,0,0,0,0.284841774430394,-1
id,Stanford-GenSearch_2c9c12d9-addd-42c7-890f-947aa96fc8e1,"He is only seen and heard on telescreen, and may be a fabrication of the Ministry of Truth, the State's propaganda department.",Stanford-GenSearch,0,0,0,0,0.33225376882209845,-1
id,Stanford-GenSearch_974bff29-afed-415c-82fb-a79db4804b99,"However, humans are still needed to supervise the work that robots do.",Stanford-GenSearch,0,1,1,1,0.7978548515121071,-1
id,Stanford-GenSearch_39c0335d-36e2-454d-bbd9-292bbadcd0bc,"Gaga wrote the song with Nashville songwriters Natalie Hemby, Hillary Lindsey and Aaron Raitiere.",Stanford-GenSearch,0,0,0,0,0.31615110226578097,-1
id,Stanford-GenSearch_e656924a-ec89-40a8-a0a3-eca2696710b9,"Other physical properties of group 4 elements include brittleness, electrical conductivity, and density.",Stanford-GenSearch,0,0,1,1,0.5347027093507499,-1
id,Stanford-GenSearch_6f55eb7f-9c2e-4fb7-bfcc-d5b24d85768f,"The phrase ""land of opportunity"" was coined by James Truslow Adams in 1931 in his book The Epic of America.",Stanford-GenSearch,0,0,0,0,0.4362984319666985,-1
id,Stanford-GenSearch_3854b01c-5793-4ab8-b58e-3faf7872b37f,The two men who have achieved this are Rod Laver and Don Budge.,Stanford-GenSearch,0,1,1,1,0.6621353485706786,-1
id,Stanford-GenSearch_5b166779-c2bd-4793-a79c-46bd713cba49,"Some argue that mandatory voting would increase voter turnout and reduce barriers to voting, while others believe it would be unconstitutional and ineffective.",Stanford-GenSearch,0,0,0,0,0.28696713182513844,-1
id,Stanford-GenSearch_552ff171-d15d-462e-af8e-ee43da0dea2b,"In Europe, rain is mostly light and can last all day because of different weather patterns.",Stanford-GenSearch,0,0,0,0,0.30273768937570594,-1
id,Stanford-GenSearch_71dd8f59-6cca-4d82-bfbc-8d9893b69210,"Despite efforts to build more toilets, many people still choose to defecate in the open for various reasons.",Stanford-GenSearch,0,0,0,0,0.3270324432098466,-1
id,Stanford-GenSearch_1f73927f-a141-4e1d-9ea2-5e85c2330e57,The capacitor connects to the main winding for changing pole flux(Rmf).,Stanford-GenSearch,0,0,0,0,0.3235399124350557,-1
id,Stanford-GenSearch_07a77669-1d9a-4841-b3ee-280553b217b4,"Proponents say that gun ownership provides effective self-defense, while opponents argue that the amendment does not protect unlimited gun ownership.",Stanford-GenSearch,0,0,0,0,0.2868797085483148,-1
id,Stanford-GenSearch_6178ba43-650e-43ea-be2f-acaa3be85d2c,"Additionally, bees are important for maintaining biodiversity and supporting ecosystems.",Stanford-GenSearch,0,0,0,0,0.28697634009678763,-1
id,Stanford-GenSearch_3e7f4c78-d98a-489d-9e7b-9b7ffb3e0fd8,"Agender people may use gender-neutral pronouns, and the term originated from the Latin prefix “a-”, meaning “without”.",Stanford-GenSearch,0,1,1,1,0.7987000432004783,-1
id,Stanford-GenSearch_fe382d8e-528e-471b-ad32-91367557bb53,5. Serve immediately.,Stanford-GenSearch,0,0,0,0,0.40435707530580584,-1
id,Stanford-GenSearch_2d572e5b-9fc2-40b6-a0f3-f3c653236bae,"If you are referring to the French thriller-romance series created and written by Guillaume Nicloux, it was released on Netflix on December 19, 2019.",Stanford-GenSearch,0,0,1,1,0.5552915020828028,-1
id,Stanford-GenSearch_70c74609-78be-4e91-bf9e-a26af4b90ea6,"Some of the celebrities who have appeared on recent seasons include Charli D'Amelio, Selma Blair, Wayne Brady, and Jessie James Decker.",Stanford-GenSearch,0,1,1,1,0.7297640346198646,-1
id,Stanford-GenSearch_a6d57289-bd5a-47f0-91c4-a18a6a785824,"To diagnose cloudy pool water, start by testing the water with a pool testing kit.",Stanford-GenSearch,0,1,1,1,0.7436474470240996,-1
id,Stanford-GenSearch_83ec9373-6155-43e0-87bc-2b8e73e91b92,"Termites can be identified by examining their physical characteristics such as a thick waist, straight antennae, and shorter legs.",Stanford-GenSearch,0,0,0,0,0.407669708944144,-1
id,Stanford-GenSearch_75f2eb44-b744-4f1a-a30d-1a71fd0c5fb3,"If there is enough oil to cover the entire surface of the water exposed to air, then it will prevent evaporation.",Stanford-GenSearch,0,0,0,0,0.2887284102233837,-1
id,Stanford-GenSearch_4ad2830e-015a-48d0-9987-64c685e65ea0,"New Mexico is home to many mountain ranges, including the San Mateo Mountains, Black Range, Gila Wilderness, Sangre de Cristo Mountains, and Rocky Mountains.",Stanford-GenSearch,0,0,1,0,0.40924172057396463,-1
id,Stanford-GenSearch_3401ae9b-5da5-4812-a6cf-71feff7b40d6,4. Place the fish on the grill and cook over indirect heat for 3-4 minutes until it releases from the grates. Flip and cook another 3-4 minutes until done.,Stanford-GenSearch,0,0,0,0,0.4565635555345903,-1
id,Stanford-GenSearch_d18ebd90-af3e-4b5f-9624-30e84819d9ac,True Value suggests using a primer made specifically for metals before painting wrought iron.,Stanford-GenSearch,0,0,0,0,0.27427067895737844,0
id,Stanford-GenSearch_b5026ca7-2b9d-47a9-bc72-3318dbfc2579,"Tracy has three comprehensive high schools, two alternative education high schools, and one community school, according to the Tracy Unified School District and Best Tracy Schools.",Stanford-GenSearch,0,0,0,0,0.28729003826258737,-1
id,Stanford-GenSearch_832f6681-7f90-40d5-b236-c29b51339077,4. Dig a hole that is deeper and wider than the spread of the roots.,Stanford-GenSearch,0,0,0,0,0.3040861098321307,-1
id,Stanford-GenSearch_592cc074-532e-4e2b-972f-c7c822d523bf,There is debate over whether religion should be taught in public schools.,Stanford-GenSearch,0,0,0,0,0.34009666440381875,-1
id,Stanford-GenSearch_44cf2870-06ce-49de-85dc-c2971b201c4d,It is often easier to fall asleep on the couch than in bed for a few reasons.,Stanford-GenSearch,0,0,0,0,0.2881227143430828,-1
id,Stanford-GenSearch_aecade8d-9768-400b-95d5-34c09d7060df,"He is the main enemy of the state and Big Brother, and was once an important member of the Inner Party.",Stanford-GenSearch,0,0,0,0,0.2919510843578513,-1
id,Stanford-GenSearch_3f517958-7861-4eca-b151-1a3d3449c653,The 2022 Great New York State Fair will take place from August 24 to September 5.,Stanford-GenSearch,0,0,0,0,0.28933348323566194,-1
id,Stanford-GenSearch_0d2bee12-79e3-467e-8f28-d230b3b12869,Some argue that censorship would infringe on freedom of expression.,Stanford-GenSearch,0,1,1,1,0.8012414460510645,-1
id,Stanford-GenSearch_f9c467ff-52b1-4ff2-aee8-9e38a5642bf7,"The Great Barrier Reef is located off the east coast of the Australian state of Queensland, in the Coral Sea.",Stanford-GenSearch,0,0,0,0,0.2891167330443816,-1
id,Stanford-GenSearch_fbbf15e5-6bc6-4238-9070-7e63f45d1418,It is important to be an ally and understand the different gender identities and sexual orientations that exist.,Stanford-GenSearch,0,0,0,0,0.32466259343895587,-1
id,Stanford-GenSearch_1cf01404-e3ba-408f-9b4c-5128a25ab445,Termites are small insects that can cause damage to homes and other wooden structures.,Stanford-GenSearch,0,0,0,0,0.2891052534381128,-1
id,Stanford-GenSearch_b1b5a391-60de-4ed5-a327-3341e345ca44,"Mylan's CEO was forced to testify before Congress over EpiPen prices because the company raised the price of the product significantly, leading to public outrage.",Stanford-GenSearch,0,0,0,0,0.2871668932631667,-1
id,Stanford-GenSearch_62410f2d-c8ed-4d2b-91a3-4360e162f636,"Steffi Graf is the only player to have achieved the Calendar Slam in the modern era, winning all four major championships in one calendar year in 1998.",Stanford-GenSearch,0,0,0,0,0.35202364587440765,-1
id,Stanford-GenSearch_b28eaf67-6e51-4d06-8aa0-735b0dcd0f97,Some human repetitive and manual labor has already been replaced by robots in auto production and manufacturing.,Stanford-GenSearch,0,1,1,1,0.7985284595450027,-1
id,Stanford-GenSearch_d191541c-7969-465f-9140-764b52a1f814,"""Let's Get This Party Started"" was originally recorded by the American band The Black Eyed Peas and released in 2003 as the lead single from their album Elephunk.",Stanford-GenSearch,0,1,1,1,0.5706899165594085,-1
id,Stanford-GenSearch_e5dfd0b6-e3f8-487c-9f51-db7f39ddefd8,"She has accumulated **10,585 points** and holds the No. 1 position in the Women's Tennis Association rankings.",Stanford-GenSearch,0,0,0,0,0.41810160220304066,-1
id,Stanford-GenSearch_677a6b35-717f-4388-a7f8-37cc316a29e4,It is important to examine shifting beliefs and values through cultural history and consider the ethical implications of supporting people with abhorrent views.,Stanford-GenSearch,0,0,0,0,0.4171223594243913,-1
id,Stanford-GenSearch_2fb89bd9-db67-4a68-a18a-70465f8653d4,"The last name Guillen can originate from Spain, France, or Wales.",Stanford-GenSearch,0,0,0,0,0.44068794915058757,-1
id,Stanford-GenSearch_fcd2276c-1859-40a3-8aff-c80e0a1e870f,"However, more needs to be done to protect against cybercrime, such as improving the nation's cybersecurity, investing in technology, and imposing risk and consequences on cyber adversaries.",Stanford-GenSearch,0,0,1,0,0.4288929276938155,-1
id,Stanford-GenSearch_1ff20fd3-97e9-48d4-bd02-e89e9f7f8e85,"Alternatively, it can be calculated as the average deviation divided by the average value times 100, or by finding the average of differences in measurements.",Stanford-GenSearch,0,0,0,0,0.2886710373469877,-1
id,Stanford-GenSearch_f64dd01f-d0ad-4c46-8e64-1ee7f439678b,"The sources provided discuss various reasons why people may choose not to move out of their homes, such as high housing costs, rental risk, or poor home conditions.",Stanford-GenSearch,0,0,1,1,0.7593188603490963,-1
id,Stanford-GenSearch_1a5dd1ec-2faf-4d26-9561-11dd3a9765a9,Steampunk is a subgenre of science fiction that incorporates retrofuturistic technology and aesthetics inspired by 19th-century industrial steam-powered machinery.,Stanford-GenSearch,0,0,1,0,0.451583014817235,-1
id,Stanford-GenSearch_a96303a0-5fd8-4510-81fa-d9af1bbb43a4,She replaced Ashleigh Barty early in 2022 and won the 2022 US Open.,Stanford-GenSearch,0,0,0,0,0.28281284106746624,-1
id,Stanford-GenSearch_13179a86-e127-49cb-84ea-ff2a865b20b9,"Forbes has listed ten eco-business subsidies in the past, and the EPA provides information on economic incentives for environmentally friendly activities, including subsidies for pollution control.",Stanford-GenSearch,0,0,0,0,0.347361177247163,-1
id,Stanford-GenSearch_e06dfcc9-110f-4df8-bfb5-06a34a6c6fee,"The Guillen surname is of Welsh and Spanish origin, derived from the personal name Gwilliam, a Welsh form of William.",Stanford-GenSearch,0,0,0,0,0.2837544534823499,-1
id,Stanford-GenSearch_6f2176b7-f10c-488f-9e55-29def401dfc3,Yurts are often used as an affordable way to live simply and closer to nature.,Stanford-GenSearch,0,0,0,0,0.3836319294634317,-1
id,Stanford-GenSearch_875158d8-8a82-4624-8b2c-e726e0a9fc06,"When picking up a hamster, it is important to use both hands and support its bottom with one hand.",Stanford-GenSearch,0,1,1,1,0.5066090915762895,-1
id,Stanford-GenSearch_bd3f315a-9d00-4e52-b925-9af9ef48985a,"In the dystopian novel Nineteen Eighty-Four (1949) by George Orwell, Emmanuel Goldstein is the principal enemy of the state of Oceania.",Stanford-GenSearch,0,0,0,0,0.36305703995436406,-1
id,Stanford-GenSearch_5a0df34a-c8e8-4dbe-bd63-d50e561424cd,"Yes, a US Treasury bill is considered a cash equivalent.",Stanford-GenSearch,0,1,1,1,0.8004635642732558,-1
id,Stanford-GenSearch_360694c8-bb34-4934-998d-6bd7ca6fd8dc,"According to the UN figure for the number alive today, it is agreed by most demographers that the living outnumber the dead.",Stanford-GenSearch,0,0,0,0,0.32373615704864867,-1
id,Stanford-GenSearch_b89138a5-2816-4978-9f24-d6bb1e609a32,There is debate over whether there should be stricter regulations on the use of facial recognition software.,Stanford-GenSearch,0,0,0,0,0.3106242042156603,-1
id,Stanford-GenSearch_ef2ceebf-4796-4de1-a73e-6eaced4d05f0,"The gifts of the Holy Spirit are different from the fruits and include word of wisdom, word of knowledge, faith, gifts of healings, miracles, prophecy, and distinguishing between spirits.",Stanford-GenSearch,0,0,0,0,0.338339525378234,-1
id,Stanford-GenSearch_aae75ead-1477-4315-adea-659ee1bd5a18,"Some other specialized agencies of the UN include the Food & Agriculture Organization (FAO), International Atomic Energy Agency (IAEA), and UN Children's Fund (UNICEF).",Stanford-GenSearch,0,0,0,0,0.29244289845963095,-1
id,Stanford-GenSearch_ae8c18e8-daef-400a-b444-cf6c9ca0b154,The Republic of Ireland last qualified for the FIFA World Cup in 2002.,Stanford-GenSearch,0,0,0,0,0.49471281454987837,-1
id,Stanford-GenSearch_5a31f902-f7a8-4908-9b55-d4596605d852,"The gifts are the powers or dispositions that allow a person to act under the guidance of the Holy Spirit, while the fruits are the gifts that perfect the soul and make a person pleasing to God.",Stanford-GenSearch,0,1,1,1,0.5520607266379238,-1
id,Stanford-GenSearch_07bac076-22d9-42c0-8d19-d9c668ce1c89,• Choose a yurt kit and location to set it up,Stanford-GenSearch,0,1,0,0,0.40370593448318903,-1
id,Stanford-GenSearch_0915da5d-bfff-42b1-a1de-c3ee3ac8bca6,"When picking up a hamster, it is important to use both hands and support its bottom with one hand.",Stanford-GenSearch,0,1,1,1,0.7890052301073067,-1
id,Stanford-GenSearch_78c92585-5bcc-42d0-bd52-fdb0fffc425b,"This is considered more fair than a flat tax, which would charge everyone the same rate regardless of their income.",Stanford-GenSearch,0,0,0,0,0.27776992509337645,0
id,Stanford-GenSearch_f37783a9-c764-420a-9a51-78fad8ef2360,Civil servants are people employed by the government to work in the public sector.,Stanford-GenSearch,0,0,0,0,0.29045809305940323,-1
id,Stanford-GenSearch_caa56342-d4ac-4491-acb1-41b41a2c2812,"Chris Stapleton won the male vocalist of the year award according to ABC News, the Country Music Association, and CNN.",Stanford-GenSearch,0,1,1,1,0.7961550885534597,-1
id,Stanford-GenSearch_78d74085-0572-46c2-bc03-c60aeea85e56,"Novak Djokovic was the most recent player to come close in 2021, winning the Australian Open, French Open and Wimbledon but losing in the US Open final.",Stanford-GenSearch,0,0,0,0,0.2823826520959883,-1
id,Stanford-GenSearch_43ac2c1f-6f34-42e8-a477-a794bb6a7533,"The Great British Bake Off has debated whether it is a cake or a biscuit, but the consensus seems to be that it is a biscuit.",Stanford-GenSearch,0,0,0,0,0.2920054113806358,-1
id,Stanford-GenSearch_4566fb86-535a-4619-b1bf-6cc1b541b73f,"The gifts of the Holy Spirit are different from the fruits and include word of wisdom, word of knowledge, faith, gifts of healings, miracles, prophecy, and distinguishing between spirits.",Stanford-GenSearch,0,1,1,1,0.6318014725115936,-1
id,Stanford-GenSearch_1d59316b-7393-4553-8385-f79536187c35,"This is because the story is broken up into smaller chunks, making it easier to digest.",Stanford-GenSearch,0,0,0,0,0.29651147830426283,-1
id,Stanford-GenSearch_1a9cba11-bd21-4de2-a2db-b69462e329e5,"However, there are no clear policies or guidelines on this issue.",Stanford-GenSearch,0,0,0,0,0.43415367428327606,-1
id,Stanford-GenSearch_83e6a70d-5d11-452c-9ae5-84110c605b83,"To determine which kind of termite you are dealing with, you should read the product label of any insecticide you choose to use and wear personal protective safety gear.",Stanford-GenSearch,0,0,0,0,0.28531813092562075,-1
id,Stanford-GenSearch_45ccba40-3398-4d08-b579-62c189ec738b,"The search results also mention that there is a special guest cast, but it does not provide any names.",Stanford-GenSearch,0,0,0,0,0.2914686277242814,-1
id,Stanford-GenSearch_1baff6cc-1cab-4153-ba36-a5fa174d71bf,"Chris Stapleton won the CMA Male Vocalist of the Year award in 2022, setting a new record for most wins in the category.",Stanford-GenSearch,0,0,0,0,0.2851279200487409,-1
id,Stanford-GenSearch_4368c08a-dcc3-49df-abd9-a8f9a4cd5aad,"A US Treasury bill is considered a cash equivalent, as it is a short-term commitment with temporarily idle cash and easily convertible into a known cash amount with a maturity period of 90 days or less.",Stanford-GenSearch,0,1,1,1,0.7783436304191598,-1
id,Stanford-GenSearch_3b632037-9c4c-4f0c-a8d8-212edcd6f90e,"The letter was apparently addressed to a group of churches where ""false prophets"" denied the Incarnation of Jesus and caused a secession so substantial that the orthodox remnant was sadly depleted.",Stanford-GenSearch,0,0,0,0,0.34699546293079786,-1
id,Stanford-GenSearch_d84d803a-3fe4-453d-89aa-1e7521d7663a,"He is also the author of a book called The Theory and Practice of Oligarchical Collectivism, which is used by the Party to spread its message of hatred and fear.",Stanford-GenSearch,0,0,0,0,0.297029546546584,-1
id,Stanford-GenSearch_6f34fcf8-c407-4ae5-ba86-b2dd5940259b,"Recycling has many benefits, including reducing the need for landfills, helping to reduce climate problems, saving energy, and being good for the economy.",Stanford-GenSearch,0,0,1,0,0.46685407409202423,-1
id,Stanford-GenSearch_48d11aa5-1f53-4efe-a5bb-00bedc01055e,"The last name Guillen can originate from Spain, France, or Wales.",Stanford-GenSearch,0,0,0,0,0.2858691409319119,-1
id,Stanford-GenSearch_2c2efdf9-242d-4837-8b60-039f4e4c3ccf,It is important to examine shifting beliefs and values through cultural history and consider the ethical implications of supporting people with abhorrent views.,Stanford-GenSearch,0,0,0,0,0.3608239549525923,-1
id,Stanford-GenSearch_7f120e92-248c-4898-94b5-f9ed222d6090,The Great Barrier Reef is located off the northeastern coast of Australia in the Coral Sea.,Stanford-GenSearch,0,0,0,0,0.33191994948238535,-1
id,Stanford-GenSearch_2d3d8222-f038-4bd0-a220-56c0ce67b7d1,You can dye felt with acrylic paint by using a single color or mixing different colors together.,Stanford-GenSearch,0,1,1,1,0.7479957993471685,-1
id,Stanford-GenSearch_f94269f8-be75-469a-a41b-fdca5ecd92ee,"These are love, joy, peace, patience, kindness, goodness, faithfulness, gentleness, and self-control.",Stanford-GenSearch,0,0,0,0,0.4494408985383188,-1
id,Stanford-GenSearch_79e390cf-fec4-4af2-b286-ecee0ea238bb,"For example, the first quarter of the fiscal year 2023 is from October 1, 2022 to December 31, 2022.",Stanford-GenSearch,0,0,0,0,0.30022095725091497,-1
id,Stanford-GenSearch_167b71ee-89db-478b-9e71-68b85b04de60,"The Stand-up India scheme provides business opportunities to the minority groups (scheduled castes and scheduled tribes) and women entrepreneurs, while Start-up India provides business opportunities to companies that fall in the category of Start-up and may not generate adequate revenue.",Stanford-GenSearch,0,0,0,0,0.37176623380819035,-1
id,Stanford-GenSearch_4b42bf83-a87a-4d93-9c7e-b39ae049c7a8,"They have a straight waist, straight antennae, and shorter legs.",Stanford-GenSearch,0,0,0,0,0.44951594464244016,-1
id,Stanford-GenSearch_86dc16fd-e0ee-4d00-a6fe-2b18c69fc3ba,The fiscal year typically begins on October 1 and ends on September 30 of the following year.,Stanford-GenSearch,0,1,1,1,0.7471982025332994,-1
id,Stanford-GenSearch_17a316fd-3e68-4b16-8769-d18737056620,"Darker-skinned people living near the equator have more melanin, which protects against harmful UV radiation.",Stanford-GenSearch,0,0,0,0,0.28714543394185027,-1
id,Stanford-GenSearch_b5bcc06b-b36e-43b0-b89f-f6b2664ac4e5,Radioimmunoassay (RIA) is a technique used to measure the concentration of specific biochemical substances in blood samples.,Stanford-GenSearch,0,1,1,1,0.7889563403362473,-1
id,Stanford-GenSearch_51fb608e-3f60-476e-8237-5e1982d84cdc,Others believe that regulation is necessary to ensure equal treatment of all internet communications.,Stanford-GenSearch,0,1,1,1,0.7095685588968618,-1
id,Stanford-GenSearch_6e435a8a-53ae-4c5a-8f15-2d443a8d641c,"Some other specialized agencies of the UN include the Food & Agriculture Organization (FAO), International Atomic Energy Agency (IAEA), and UN Children's Fund (UNICEF).",Stanford-GenSearch,0,0,0,0,0.3775272630319479,-1
id,Stanford-GenSearch_0b41ccb2-07cc-411d-90d9-448b4e50a02c,"Blue penguins, also known as little blue penguins or kororā, are native to New Zealand and are found all around the coastlines of the North, South, Stewart, and Chatham Islands, as well as their offshore islands.",Stanford-GenSearch,0,0,0,0,0.296299838505576,-1
id,Stanford-GenSearch_63bc5392-d055-483b-b9de-9e6c381ea0ed,"John Budge was the first player to win the Calendar Slam, setting the tone for the rest of the sport.",Stanford-GenSearch,0,0,0,0,0.29057202420370526,-1
id,Stanford-GenSearch_194f88ad-cfb9-48a6-a3cf-a59be92f74a9,"They are selected and promoted on the basis of merit and seniority, and are not affiliated with any political party.",Stanford-GenSearch,0,0,0,0,0.28465025052220044,-1
id,Stanford-GenSearch_59100332-2de4-4551-9a5a-2758d82f46d1,"It is thought to be derived from the Latin personal name Gulielmus, which was a popular name among the ancient Celts known as the Britons.",Stanford-GenSearch,0,0,0,0,0.28566634922151013,-1
id,Stanford-GenSearch_a3c99e82-8d1d-4117-b1f2-e381e11d47f8,"According to the results, violence and crimes should be allowed in films and on television as they provide moral values and reflect images of society.",Stanford-GenSearch,0,0,0,0,0.2993344965171991,-1
id,Stanford-GenSearch_2b30ded2-f62e-4803-a1eb-c54e60e74151,"Some argue that it is a necessary foundation of a just society, while others believe that it would be too expensive and could lead to longer wait times for medical care.",Stanford-GenSearch,0,1,1,1,0.6151066278237595,-1
id,Stanford-GenSearch_e6749d7d-f005-4fd0-a15c-5f2474f5a3f7,"Matted fur can be caused by clumped dead hairs, lack of grooming, and rubbing or movement.",Stanford-GenSearch,0,1,1,1,0.7055990643416081,-1
id,Stanford-GenSearch_a88816d9-7531-4d9f-bfeb-d4f342a8353e,"Some argue that we should accept their right to have those views, while others suggest shielding oneself from such beliefs.",Stanford-GenSearch,0,1,1,1,0.796876921538113,-1
id,Stanford-GenSearch_969da9b3-4086-48cc-bdfb-6c37a9a79915,"The fourth installment in the Pirates of the Caribbean series, starring Johnny Depp as Captain Jack Sparrow, follows Jack as he searches for the Fountain of Youth, with the help of his trusty mate Joshamee Gibbs, former lover Angelica, and his old rival Captain Barbossa.",Stanford-GenSearch,0,1,1,1,0.7545856359821362,-1
id,Stanford-GenSearch_f63db5ea-4cff-452c-ba12-3784b7de8a44,"In New Zealand, they can be found in the Marlborough Sounds, Akaroa Harbour, Oamaru, Dunedin and Stewart Island.",Stanford-GenSearch,0,0,0,0,0.32177928818647195,-1
id,Stanford-GenSearch_776e2785-a213-41e9-bb9a-d4f6451e4429,"The opinion on this topic is divided, as evidenced by a 2019 AP-NORC poll which found that while a majority of Americans (64%) believe churches and other houses of worship should keep out of political matters, 36% say religious leaders should express their views on social and political questions.",Stanford-GenSearch,0,1,0,0,0.4882372282072052,-1
id,Stanford-GenSearch_9313136c-62fd-44e1-9ad5-5706796f4191,"On the other hand, Startup India provides business opportunities to companies that fall in the category of startups and may not generate adequate revenue.",Stanford-GenSearch,0,1,1,1,0.7204071972168408,-1
id,Stanford-GenSearch_3256e7e7-fe6f-4a89-bf60-b65d0ef52811,"For more information about the station's hours of operation, please visit.",Stanford-GenSearch,0,1,1,1,0.8085949026044003,-1
id,Stanford-GenSearch_64434f1d-8f9f-443d-af27-968a3d60aed8,"Washing machines account for a quarter of domestic wastewater, so reusing this water can save a lot of water.",Stanford-GenSearch,0,0,0,0,0.4005124925472312,-1
id,Stanford-GenSearch_0552140d-d69e-4476-9b38-9e3ba7486904,"New Mexico is home to many mountain ranges, including the San Mateo Mountains, Black Range, Gila Wilderness, Sangre de Cristo Mountains, and Rocky Mountains.",Stanford-GenSearch,0,0,0,0,0.3101796722759173,-1
id,Stanford-GenSearch_4b79ba8a-3088-48c2-ae6e-4b92e602a362,Steampunk is a subgenre of science fiction that incorporates retrofuturistic technology and aesthetics inspired by 19th-century industrial steam-powered machinery.,Stanford-GenSearch,0,0,0,0,0.3550591719462283,-1
id,Stanford-GenSearch_ac454906-be3b-4c64-a3ec-b5a015a413b4,"Cursive writing has cognitive and academic benefits, and it is important to teach both cursive and keyboard skills to ensure students have access to the same resources.",Stanford-GenSearch,0,0,0,0,0.28665069324457154,-1
id,Stanford-GenSearch_a53adace-a167-4301-8990-da90d2a0032c,"The Group 4 elements (carbon, silicon, germanium, tin, and lead) have high melting and boiling points due to their partially filled d orbitals and large charge/radius ratio.",Stanford-GenSearch,0,0,0,0,0.2864267346139607,-1
id,Stanford-GenSearch_580d7e48-7c6e-43df-8ace-c44e43b6de5e,The Soviet Union was hated for their communism because it was seen as a threat to capitalism and the Western way of life.,Stanford-GenSearch,0,0,0,0,0.2861166530145727,-1
id,Stanford-GenSearch_5ebbbc95-7c2c-4f7e-a4b0-2041abe1ccf4,"They were eliminated at the quarter-finals stage, as stated in and.",Stanford-GenSearch,0,1,1,1,0.7702646224716856,-1
id,Stanford-GenSearch_0f28b9ea-68c3-4753-8b8a-299ee5e3b39a,"Additionally, poetry can be used to teach grammar, vocabulary, sentence structure, parts of speech and many other language skills.",Stanford-GenSearch,0,0,1,0,0.4494639850761352,-1
id,Stanford-GenSearch_d55b3bdd-c99f-4541-86fa-1f6838390411,"Wheeler Peak is the tallest mountain in the state, located in the Sangre de Cristo Mountains.",Stanford-GenSearch,0,0,0,0,0.2707269138421308,0
id,Stanford-GenSearch_af761180-5cff-4eaf-bd03-ceb0bab8bc3d,"Some argue that robots can work longer hours and perform tasks more efficiently than humans, while others believe that AI should augment human intelligence, not replace it.",Stanford-GenSearch,0,0,0,0,0.28763041540128786,-1
id,Stanford-GenSearch_4bf2c620-e3d5-403a-9394-d9165b93f4fc,"Chris Stapleton won the male vocalist of the year award according to ABC News, the Country Music Association, and CNN.",Stanford-GenSearch,0,1,1,1,0.6870118813633049,-1
id,Stanford-GenSearch_4c5f9601-5e3a-41d3-866e-3c29c3e37fd4,"Additionally, leaving the door ajar when finished with a load and wiping down the inside and outside regularly can help keep the machine smelling fresh and free of mold.",Stanford-GenSearch,0,0,0,0,0.253734238531697,0
id,Stanford-GenSearch_8881c516-7f9a-4d25-a5db-b59f67dc2658,This technique has the potential to be used in gene therapy and synthetic biology to correct or introduce single point mutations.,Stanford-GenSearch,0,1,1,1,0.7969797089186216,-1
id,Stanford-GenSearch_2750e099-3f5f-4876-aad3-18aef4310f21,"Additionally, some people find it easier to get invested in characters over multiple episodes rather than just one film.",Stanford-GenSearch,0,1,1,1,0.7369027635885844,-1
id,Stanford-GenSearch_31215ebc-cbb9-4507-b9c2-de8579004fa6,She replaced Ashleigh Barty early in 2022 and won the 2022 US Open.,Stanford-GenSearch,0,1,1,1,0.6984553540443214,-1
id,Stanford-GenSearch_668ab656-010b-4bfc-80a6-c5ca359b5082,Capitalism is often seen as more desirable than communism because it allows for greater economic freedom and individual choice.,Stanford-GenSearch,0,0,0,0,0.29218396298367677,-1
id,Stanford-GenSearch_eacda47c-a7c1-48d1-8f7a-28d8f785bece,Falling asleep on the couch is easier for many people because it is a comfortable and relaxing place that is free of many of the stresses you may feel once you crawl into bed.,Stanford-GenSearch,0,0,0,0,0.29554521373930215,-1
id,Stanford-GenSearch_027c3816-3017-486f-b5bd-75581a51867e,Charity can be wrong when it is done with the wrong intentions or perpetuates dependency.,Stanford-GenSearch,0,1,1,1,0.7782225790443608,-1
id,Stanford-GenSearch_2eb76f3b-32a6-4ee4-bbfa-e4cb9d6c83a6,"To clean the detergent drawer, remove it and clean it with a damp cloth.",Stanford-GenSearch,0,1,1,1,0.5488822260915659,-1
id,Stanford-GenSearch_f41eb119-367e-469c-a015-bf618b1f4e52,Another name for this time period is the Scientific Revolution.,Stanford-GenSearch,0,0,0,0,0.41701001400509574,-1
id,Stanford-GenSearch_6c8aa8aa-fa53-4887-b8ad-11f3fbc51b1b,"On the other hand, Startup India provides business opportunities to companies that fall in the category of startups and may not generate adequate revenue.",Stanford-GenSearch,0,0,0,0,0.2747128031542412,0
id,Stanford-GenSearch_3d931df5-7e01-4318-8925-3cd2187b88df,Even dark-skinned humans now living well north or south of the equator were receiving far less UV light than their equator-living ancestors.,Stanford-GenSearch,0,1,1,1,0.7543124346022823,-1
id,Stanford-GenSearch_71cb31c8-42f1-4458-a6e6-38020703e211,They come ashore between May and June to prepare nests and are protected by the Wildlife Act and DOC's research project.,Stanford-GenSearch,0,1,1,1,0.6018445142497569,-1
id,Stanford-GenSearch_5815fa02-373e-4976-bcea-be1c69752687,"Elizabeth of York, the White Queen's daughter, is the main character of the miniseries and she marries the Lancaster victor, Henry VII.",Stanford-GenSearch,0,0,0,0,0.33912347075711763,-1
id,Stanford-GenSearch_59461e39-80d0-4e78-a4d0-dbfced072199,"If the pH is high, alkalize the pool by adding borax.",Stanford-GenSearch,0,0,0,0,0.2933233358185881,-1
id,Stanford-GenSearch_a9159e73-04ea-4aba-8da0-2487a0bd9350,"Some argue that it can be used for mass surveillance and that strict regulation is needed to prevent abuse, while others believe that outright bans are not necessary.",Stanford-GenSearch,0,0,0,0,0.29112074528979764,-1
id,Stanford-GenSearch_fc76a417-9cf4-488d-8f4a-caf51357edfa,"Employers should only monitor employee internet activity for legitimate business purposes, such as ensuring employees are doing their work and are not wasting time on social media or frivolous browsing.",Stanford-GenSearch,0,0,0,0,0.28350720380709515,-1
id,Stanford-GenSearch_4a0cbbc5-e811-48b9-a885-5d0d531f6369,"Obesity can also affect the way the body uses insulin, leading to type 2 diabetes, and can increase the risk of heart disease by changing cholesterol levels, increasing blood pressure, and developing diabetes.",Stanford-GenSearch,0,0,0,0,0.2865328115038051,-1
id,Stanford-GenSearch_944fc706-3c23-48f9-9426-4684845c5f89,"Proponents say that gun ownership provides effective self-defense, while opponents argue that the amendment does not protect unlimited gun ownership.",Stanford-GenSearch,0,0,0,0,0.28702845386966813,-1
id,Stanford-GenSearch_a8d72e1d-c686-49eb-a1a3-70dc5bbd59b4,"However, more needs to be done to protect against cybercrime, such as improving the nation's cybersecurity, investing in technology, and imposing risk and consequences on cyber adversaries.",Stanford-GenSearch,0,0,1,1,0.6627001683020411,-1
id,Stanford-GenSearch_82cf986e-52f5-446d-9ef1-98af02cb48c6,"As for why the Soviet Union was hated for their communism, one reason could be that after World War II, they installed communist-leaning governments in Eastern European countries that they had liberated from Nazi control during the war.",Stanford-GenSearch,0,0,0,0,0.3124557596153262,-1
id,Stanford-GenSearch_c81ef620-a513-4ae4-88c8-0f1ca9ca465f,"According to Forbes' 2017 list of the world's billionaires, the wealthiest individual in the world in 2017 was Amazon founder and CEO Jeff Bezos, with a net worth of $72.8 billion.",Stanford-GenSearch,0,0,0,0,0.3246581582861454,-1
id,Stanford-GenSearch_bc596032-803b-409e-befd-2e5fb793918f,"Employers should not have the right to monitor their employees' internet activity, as it can erode trust, harm job satisfaction, and increase stress.",Stanford-GenSearch,0,0,0,0,0.29054577600803894,-1
id,Stanford-GenSearch_9f3e22ff-dba8-405a-848a-53775a5ee739,It is the largest city in Florida's panhandle region known as or the county seat and only incorporated municipality in Leon County.,Stanford-GenSearch,0,0,0,0,0.34085609344410406,-1
id,Stanford-GenSearch_6313b3a8-5f53-4d24-9f4a-f2c70f9e4e3f,"Employers have the legal right to monitor their employees' internet activity, however there are some ethical considerations to keep in mind when doing so.",Stanford-GenSearch,0,0,0,0,0.29138860612121725,-1
id,Stanford-GenSearch_eaf8bdd5-9503-4691-a10e-6da1de369fc0,"Reparations can be used as a form of punishment, as evidenced by the World War I reparations paid by Germany and its allies, and by advocates for restorative justice who argue that punitive tactics like reparations have a place in this method.",Stanford-GenSearch,0,1,1,1,0.5257439609727355,-1
id,Stanford-GenSearch_b26bf46d-6762-478d-9a68-5e005878d6a0,"Some people also think that involving religion in public life can pressure religious institutions to be more open, while others argue that effective arguments require premises that virtually everyone taking part in the discussion accepts.",Stanford-GenSearch,0,1,1,1,0.6909549064561921,-1
id,Stanford-GenSearch_2bac131b-fc28-441e-ad80-f214676b08e0,"Yes, a sentence of 1 to 15 years is an example of a determinate sentence.",Stanford-GenSearch,0,1,1,1,0.6351978163046026,-1
id,Stanford-GenSearch_3e6d3686-715f-4860-84d1-f3b577e96a32,"According to, Bernard Arnault has the highest net worth in the world in 2017, estimated at $190 billion.",Stanford-GenSearch,0,0,1,0,0.46206123153279055,-1
id,Stanford-GenSearch_16fdca7a-b998-45a8-9e65-dd730bc416e8,"For more information about the station's hours of operation, please visit.",Stanford-GenSearch,0,0,0,0,0.34247669939453845,-1
id,Stanford-GenSearch_30fd6339-11c0-4063-9a22-a9e709067ccb,"You can clean your washing machine naturally using white vinegar, bleach, borax, or natural oxygen bleach.",Stanford-GenSearch,0,0,0,0,0.2979436739929737,-1
id,Stanford-GenSearch_599f56f6-62d0-497d-9d13-bf55245e26cc,"However, there are no significant benefits or practical applications of capturing farts in jars.",Stanford-GenSearch,0,0,0,0,0.2873266295444828,-1
id,Stanford-GenSearch_04040d53-541a-4f5f-ac18-90a7bf2fd095,"For example, FAO is headquartered in Rome, while IAEA is headquartered in Vienna.",Stanford-GenSearch,0,0,0,0,0.28332369801734486,-1
id,Stanford-GenSearch_76105630-4a46-4f3c-a494-91e4c87f06de,"Teaching poetry to children can have a positive impact on their social and emotional learning, as it encourages them to express themselves and their feelings.",Stanford-GenSearch,0,1,1,1,0.7749269593570716,-1
id,Stanford-GenSearch_161cd0ba-c9e8-435c-8aad-24f686e5b4ca,There is no information on who voices Ben or Holly in.,Stanford-GenSearch,0,0,0,0,0.3942711013311392,-1
id,Stanford-GenSearch_97300883-755e-4a19-a83f-0e44593f517a,"It was also a period of intellectual and philosophical exploration, with thinkers questioning the traditional religious and political systems of the time.",Stanford-GenSearch,0,1,1,1,0.5379184201066957,-1
id,Stanford-GenSearch_826b6d2f-5587-48a0-9bba-03256e38aaf9,"However, it is important to be conscious of the potential for such games to be taken too far, in which case they can indeed be seen to reveal an essential cruelty in human nature.",Stanford-GenSearch,0,1,0,0,0.29493821304660023,-1
id,Stanford-GenSearch_b36217f5-2e75-4983-93c2-6e3cd2bd6250,Elizabeth Woodville is portrayed by Jodie Comer in the BBC television series adaptation of The White Princess.,Stanford-GenSearch,0,0,0,0,0.45021742880226545,-1
id,Stanford-GenSearch_12cc18fc-ff9e-404a-9fc9-d445c9a6a11c,"When they swarm, they shed their wings.",Stanford-GenSearch,0,0,0,0,0.29629847604671217,-1
id,Stanford-GenSearch_f10c6971-69d2-484d-b3af-58ec766e8cf3,"However, there are no clear policies or guidelines on this issue.",Stanford-GenSearch,0,0,0,0,0.36249264617292665,-1
id,Stanford-GenSearch_d78543ab-a406-4539-b0df-49cbc64a2450,They are 33 cm (13 in) in height and 43 cm (17 in) in length and have an average lifespan of 6.5 years.,Stanford-GenSearch,0,1,1,1,0.7962821506843054,-1
id,Stanford-GenSearch_424169aa-d252-4390-acf7-6b67d564a37f,"One of the main reasons is the high cost of living in remote northern communities, which makes it difficult for Inuit families to afford nutritious food.",Stanford-GenSearch,0,0,1,0,0.4345952721720507,-1
id,Stanford-GenSearch_6c6c2745-cc26-4a68-bde2-26775953add5,"Rather, they are measures to redress violations of human rights by providing material and symbolic benefits to victims.",Stanford-GenSearch,0,0,0,0,0.35181156852375944,-1
id,Stanford-GenSearch_cc93d9a8-e191-458f-a406-a13f8afd6cda,Mandatory labeling of GMO products is necessary to ensure that consumers are aware of what they are eating.,Stanford-GenSearch,0,0,0,0,0.30622986645318606,-1
id,Stanford-GenSearch_f1c78452-868d-46c9-8aca-9b87bd2fefe3,"Although they were once literally personal servants of monarchs, their role has evolved over time.",Stanford-GenSearch,0,1,1,1,0.5284496942189982,-1
id,Stanford-GenSearch_3fd50e1e-a3ac-4e4d-9feb-777dc29eebea,"Some argue that subsidies could help combat climate change, while others point out that there are already grants and financing programs available for eco-friendly businesses.",Stanford-GenSearch,0,0,0,0,0.27665247544615357,0
id,Stanford-GenSearch_2dfbcefa-fb7f-4fb4-b7f5-752db6487297,"Some of the celebrities who have appeared on recent seasons include Charli D'Amelio, Selma Blair, Wayne Brady, and Jessie James Decker.",Stanford-GenSearch,0,0,1,0,0.43163309555400897,-1
id,Stanford-GenSearch_a3942bb7-e0de-4576-873b-1888dc7112e8,Ed Kirkpatrick had the last home run in the stadium.,Stanford-GenSearch,0,0,0,0,0.34387513806716014,-1
id,Stanford-GenSearch_46156b6f-ee63-4b92-9194-c2db3559be92,"Roger Federer came close in 2006 and 2007, winning the Australian Open, Wimbledon and the US Open but losing in the French Open final.",Stanford-GenSearch,0,0,0,0,0.3039351780932089,-1
id,Stanford-GenSearch_257a6252-e74c-4ab2-9f9d-b650fa87485e,The technique of detection of the antigen-antibody complex is based on the in vitro type of antigen-antibody interaction.,Stanford-GenSearch,0,1,0,0,0.3090801113193316,-1
id,Stanford-GenSearch_2baf01fd-101a-4593-a62a-5f8e370b6321,"Yes, a US Treasury bill is considered a cash equivalent.",Stanford-GenSearch,0,1,1,1,0.6573783667588784,-1
id,Stanford-GenSearch_d79d8ac3-8055-4230-bdd3-65e82264997f,"According to, Bernard Arnault has the highest net worth in the world in 2017, estimated at $190 billion.",Stanford-GenSearch,0,0,1,1,0.656132989885366,-1
id,Stanford-GenSearch_b58be12b-f2d9-490f-9020-457f4904bb17,"The author of the book of First John is not identified by name, but Christians have considered this letter to be written by John the Evangelist since the beginning of the church.",Stanford-GenSearch,0,0,0,0,0.3317264803895501,-1
id,Stanford-GenSearch_896d9996-6f81-4b4e-908a-52ee1787b0d9,"It is not clear what the question is referring to, but there are other works with this title such as a French drama series on Netflix and a TV mini-series from 2019.",Stanford-GenSearch,0,0,0,0,0.2773581750166511,0
id,Stanford-GenSearch_c1e00513-d679-4435-b115-76ad38f3b591,"While private companies are generally allowed to charge whatever they want, Mylan's actions were seen as unethical and exploitative.",Stanford-GenSearch,0,1,1,1,0.8063892002389188,-1
id,Stanford-GenSearch_2a6a36ad-e909-4fb0-bda8-eecf2da54276,"An integral-based tax would be even more precise, but it would be difficult to implement and enforce.",Stanford-GenSearch,0,0,0,0,0.29682637418234303,-1
id,Stanford-GenSearch_fa78e080-f100-4429-8369-3075f5b882a7,Charity can be wrong when it is done with the wrong intentions or perpetuates dependency.,Stanford-GenSearch,0,0,0,0,0.29182055934401313,-1
id,Stanford-GenSearch_d838ac45-1d3c-47e3-987b-97d255029e18,"He is the nation’s scapegoat, held responsible for all the problems in Oceania and understood as a counter-revolutionary who wants to destroy the country.",Stanford-GenSearch,0,0,0,0,0.292872379564167,-1
id,Stanford-GenSearch_5823db75-4a70-4f48-b3fc-632c0427ecd7,"However, it is important to be conscious of the potential for such games to be taken too far, in which case they can indeed be seen to reveal an essential cruelty in human nature.",Stanford-GenSearch,0,0,0,0,0.2790786453147721,0
id,Stanford-GenSearch_4f43f9d3-0050-4ff9-9bf3-a36dfd85b543,"While the United States has played a significant role in globalization, it is not accurate to say that globalization is just Pax Americana.",Stanford-GenSearch,0,1,1,1,0.7858215553094211,-1
id,Stanford-GenSearch_93d0e8f9-507e-41c6-9744-2c85c5949dfd,Ned Lamont won the election.,Stanford-GenSearch,0,0,0,0,0.2934053886232109,-1
id,Stanford-GenSearch_e4158e40-692c-4c54-b8cf-865f080b3aca,"Winged termites have a straight waist, straight antennae and their wings are equal in size.",Stanford-GenSearch,0,0,1,0,0.4917830696572803,-1
id,Stanford-GenSearch_0c6434d5-74c2-4d0a-acc3-6913b1304eda,"It is a very sensitive in vitro assay, capable of detecting as low as a few picograms of analyte in the experimental tube when using antibodies of high affinity.",Stanford-GenSearch,0,0,0,0,0.31967540063705113,-1
id,Stanford-GenSearch_6415c132-7d9e-40b2-91e1-83716ff040c7,There are many different perspectives on the relationship between globalization and American hegemony.,Stanford-GenSearch,0,0,0,0,0.36925117022099674,-1
id,Stanford-GenSearch_079f7a2e-ec8c-4c8e-9ca8-08af104d211f,"The cast of O Brother, Where Art Thou? includes George Clooney, John Turturro, Tim Blake Nelson, and John Goodman.",Stanford-GenSearch,0,0,0,0,0.4497671847706372,-1
id,Stanford-GenSearch_a2059fa6-e587-4b97-a7cf-6f3101f44860,There is debate over whether religion should be taught in public schools.,Stanford-GenSearch,0,0,1,1,0.6596057477917785,-1
id,Stanford-GenSearch_5b792970-075b-4878-836b-d09ad66ae42b,"While robots are more active and don’t get tired like humans, reducing absenteeism, the real question is how can human intelligence work with artificial intelligence to produce augmented intelligence.",Stanford-GenSearch,0,0,0,0,0.36321746354599976,-1
id,Stanford-GenSearch_73a25b91-f4df-4437-80a9-186998a06f61,"Such regulations could include limiting the use of facial recognition technology to specific, authorized purposes, requiring organizations to obtain informed consent from individuals before using the technology, and establishing clear protocols for how the technology is used and stored.",Stanford-GenSearch,0,1,0,0,0.4155092642531265,-1
id,Stanford-GenSearch_d8ee7619-7497-4b48-8c81-c4c5bdfa64ab,This period was marked by the development of new scientific theories and the application of scientific methods to the study of nature.,Stanford-GenSearch,0,0,1,0,0.4149043637374679,-1
id,Stanford-GenSearch_77add531-a338-4fab-9005-6beb8bc771e8,"While some argue that governments should protect religious freedom and foster the role of churches in society, others believe that churches and other houses of worship should stay out of political matters.",Stanford-GenSearch,0,1,1,1,0.8059152521306153,-1
id,Stanford-GenSearch_d3ef78fc-2e39-4ab0-8b4e-126783434a93,"Some people believe that religion should have a role in addressing issues such as poverty, while others believe that government action should have a secular purpose.",Stanford-GenSearch,0,0,0,0,0.28653111557536187,-1
id,Stanford-GenSearch_de2e6436-4c5c-4210-ba3e-ccad9654d171,"Government incentives such as tax benefits, grants, and the sale of Emission Reduction Credits (ERCs) to high emitters can provide economic benefits to eco-friendly businesses, encouraging them to adopt sustainable practices.",Stanford-GenSearch,0,0,0,0,0.2887090051347186,-1
ood,AttrScore-GenSearch_347696d3-e4bd-423c-b94c-fdacd537c196,"As of 2021, the minimum wage in Australia is $21.38 per hour, equating to $812.60 per week",AttrScore-GenSearch,1,0,0,0,0.4476122264106893,-1
ood,AttrScore-GenSearch_02201551-fd87-404e-a611-cb5421f6a251,Men were not allowed to become midwives because it was required by law that one had to have given birth themselves to qualify as one.,AttrScore-GenSearch,1,1,1,1,0.8079879746513333,-1
ood,AttrScore-GenSearch_0599ae19-f2ff-4a1d-861e-d7496d7cff0f,Lord Byron kept a tame bear in his dormitory while studying at Trinity College in Cambridge,AttrScore-GenSearch,1,0,0,0,0.2870535360739892,-1
ood,AttrScore-GenSearch_e8972bce-6479-451b-bfb5-de9a1776c56b,"As of April 24th, 2023, there have been no reports of Marburg virus outbreak in the United States. However, there have been outbreaks of Marburg Virus Disease (MVD) in two African countries - Equatorial Guinea and Tanzania. The Centers for Disease Control and Prevention (CDC) has issued a health advisory warning doctors to be aware of two growing outbreaks of Marburg virus disease in Africa.",AttrScore-GenSearch,1,0,0,0,0.34130562878000764,-1
ood,AttrScore-GenSearch_b7b3baca-e377-4171-b485-acaf7ef7e23d,"Long non-coding RNAs (lncRNAs) regulate gene expression in a variety of ways at epigenetic, chromatin remodeling, transcriptional, and translational levels",AttrScore-GenSearch,1,0,1,0,0.4215143271999592,-1
ood,AttrScore-GenSearch_86c02cce-2a13-4735-bf23-882adc8423d0,"Meta laid off over 11,000 employees in early November 2022, reducing its workforce by 13%. The layoffs will mostly come from Facebook, Instagram and WhatsApp",AttrScore-GenSearch,1,0,0,0,0.38588766984293843,-1
ood,AttrScore-GenSearch_36b7edf4-e5ea-4e2d-a193-c5a30f65ed24,Global oil supply is set to average 100.1 million barrels per day (mb/d) in 2022 before hitting an annual record of 101.1 mb/d in 2023,AttrScore-GenSearch,1,0,0,0,0.44541852256886966,-1
ood,AttrScore-GenSearch_e6a2d7f2-13b5-491a-b5aa-7bce3dcd906a,"the average size of commercial buildings constructed before 1960 (26% of the commercial building stock) is 12,000 square feet; buildings constructed between 1960 and 1999 (55%) average 16,300 square feet; and buildings constructed in the 2000s (18%) average 19,000 square feet.",AttrScore-GenSearch,1,0,0,0,0.3868065696348363,-1
ood,AttrScore-GenSearch_dea00390-d1df-4ab7-a3a8-0561070f3cb0,"The male Canada goose usually weighs 2.6–6.5 kg (53⁄4 – 141⁄4 lb), averaging amongst all subspecies 3.9 kg (81⁄2 lb). The female looks virtually identical, but is slightly lighter at 2.4–5.5 kg (51⁄4 – 121⁄4 lb), averaging amongst all subspecies 3.6 kg (8 lb)",AttrScore-GenSearch,1,0,0,0,0.3644862568613647,-1
ood,AttrScore-GenSearch_d6323e27-e91a-4c29-8c01-a2bab58c6c3e,The current CEO of Twitter is Elon Musk,AttrScore-GenSearch,1,1,1,1,0.7989582359055405,-1
ood,AttrScore-GenSearch_0d8fccdc-8537-4e4e-843c-c7bab8386b9d,the first antibiotic was moldy soybean curds and was used in China around 500 BCE to treat boils.,AttrScore-GenSearch,1,1,1,1,0.788104891795451,-1
ood,AttrScore-GenSearch_2183e97f-5e1c-4226-b0d3-e3cbbd70b79f,"However, according to Jobted Australia, the average weekly earnings for all employees in Australia is AU$1,344 (or AU$69,888 per year) as of August 2022",AttrScore-GenSearch,1,0,0,0,0.4641481651389774,-1
ood,AttrScore-GenSearch_832ea519-8c7d-4c3a-8238-eb6506162ed1,One of her recent publications is “Beyond Counting Datasets: A Survey of Multilingual Dataset Construction and Necessary Resources” which appeared in EMNLP (Findings) 2022,AttrScore-GenSearch,1,0,0,0,0.29471441102570006,-1
ood,AttrScore-GenSearch_5a9972dd-ff84-421c-ade0-798de1ac848b,"Yes, that’s true! Ketchup was sold as a remedy for indigestion, diarrhea, jaundice and rheumatism in the 1830s",AttrScore-GenSearch,1,1,1,1,0.7102910879743266,-1
ood,AttrScore-GenSearch_38cd6317-83c5-4f97-8656-8ae1fc082919,The General Chair of ACL 2023 conference is Yang Liu.,AttrScore-GenSearch,1,1,1,1,0.7813434825295666,-1
ood,AttrScore-GenSearch_db88c75f-703c-4312-940e-8420832ab3ad,"Earth Day 2023 was celebrated on April 22nd, 2023. Ohio University continued its tradition of celebrating “Earth Day Every Day” throughout the month of April and partnered with campus and community organizations to develop a county-wide list of Earth Month activities.",AttrScore-GenSearch,1,1,1,1,0.7809971124821937,-1
ood,AttrScore-GenSearch_dd5d9525-abe6-4903-94f2-c8ecc55074ae,The first ice pop was created by an 11-year-old named Frank Epperson in 1905,AttrScore-GenSearch,1,1,1,1,0.7986899208262823,-1
ood,AttrScore-GenSearch_da85cbc3-836e-4701-915d-1101b6d18e15,"The mean depth of the Pacific (excluding adjacent seas) is 14,040 feet (4,280 metres)",AttrScore-GenSearch,1,1,1,1,0.7768861617098648,-1
ood,AttrScore-GenSearch_e768966f-4786-4b3c-b6ef-8b784f0a9609,Rockstar Games has not officially announced the release date for GTA 6 yet,AttrScore-GenSearch,1,0,1,0,0.45697473517381443,-1
ood,AttrScore-GenSearch_09ed3355-6770-415a-b6fa-ccc73d29563a,"From peak to trough, US gross domestic product fell by 4.3 percent, making this the deepest recession since World War II.",AttrScore-GenSearch,1,1,1,1,0.7289904932019204,-1
ood,AttrScore-GenSearch_5452a63f-3b6b-44e6-9501-cdaff030bdae,"Yes, sonidegib is effective for basal cell carcinoma. According to a study published in SpringerLink, sonidegib has long-term efficacy and safety in treating advanced basal cell carcinoma (laBCC).",AttrScore-GenSearch,1,0,0,0,0.29494124973140806,-1
ood,AttrScore-GenSearch_115a9136-5c4d-4aad-a5b5-94fd12ab9730,The MethPed R package can be used for the identification of pediatric brain tumors using DNA methylation profiles generated by the Illumina 450 K methylation arrays,AttrScore-GenSearch,1,1,1,1,0.5470188183049205,-1
ood,AttrScore-GenSearch_6a5064c1-fa7c-4d93-acf5-fe01e5c79047,"Yes, sonidegib is effective for basal cell carcinoma. According to a study published in SpringerLink, sonidegib has long-term efficacy and safety in treating advanced basal cell carcinoma (laBCC).",AttrScore-GenSearch,1,0,0,0,0.2744919346621964,0
ood,AttrScore-GenSearch_97a7e04f-d49e-47f2-b583-12f9a77bac45,The latest stand-up comedy special by Ricky Gervais is called SuperNature and it was released on Netflix in 2022,AttrScore-GenSearch,1,1,1,1,0.5271098373985484,-1
ood,AttrScore-GenSearch_3e79375a-4db2-4aa3-af7b-c5893b7493c3,There was also a conjunction of Venus and Moon on July 15th,AttrScore-GenSearch,1,0,0,0,0.3293677640761098,-1
ood,AttrScore-GenSearch_4849198f-aa1f-47dd-8ad0-eee18a7101cb,"According to The Balance, the U.S. trade deficit increased from $676.7 billion in 2020 to $859.1 billion in 2021",AttrScore-GenSearch,1,0,1,0,0.40523449899245556,-1
ood,AttrScore-GenSearch_d9415dcc-1cf9-41a5-bc9a-54cbbf450300,"According to population.net.au, based on the average growth rate of 3.05% per year, it is predicted that the average salary in Australia will be around $90,000 per year in 2023",AttrScore-GenSearch,1,0,0,0,0.3454622039843432,-1
ood,AttrScore-GenSearch_c5e5e957-9c26-4b5d-b226-d53e8eba3229,"Elon Musk completed his $44 billion deal to buy Twitter on October 27, 2022",AttrScore-GenSearch,1,0,0,0,0.2867587837660145,-1
ood,AttrScore-GenSearch_83a73b10-a6ef-47df-ac53-ad0f79f57461,"Cats have survived falls of 32 stories, which is about 448 feet",AttrScore-GenSearch,1,1,1,1,0.8045747474721455,-1
ood,AttrScore-GenSearch_ed7963f6-d89b-4558-8d14-a4dedcc4e757,"According to The Game Awards 2022, Elden Ring won the biggest award of the night: Game of the Year",AttrScore-GenSearch,1,1,1,1,0.8020104589716307,-1
ood,AttrScore-GenSearch_930ecc03-b0b0-4ef6-88b9-abc2281dd4c5,The first ice pop was created by an 11-year-old named Frank Epperson in 1905,AttrScore-GenSearch,1,1,1,1,0.8027127181754956,-1
ood,AttrScore-GenSearch_7b09224a-a943-440c-8d3f-d949aedfec9d,"Teams from the LCK have won the World Championship a record seven times, including five consecutive titles from 2013 to 2017",AttrScore-GenSearch,1,1,1,1,0.8078599606366331,-1
ood,AttrScore-GenSearch_84411538-e792-4508-86f9-189524139c56,The expected value of the maximum of 3 dice rolls is approximately 4.67.,AttrScore-GenSearch,1,1,1,1,0.7741146763386981,-1
ood,AttrScore-GenSearch_8012a257-e1f6-4e02-8cf0-d5489052a9ac,"In the early 1800s, it was believed that ketchup could be used to treat indigestion, jaundice, and diarrhea",AttrScore-GenSearch,1,0,0,0,0.35582743186253896,-1
ood,AttrScore-GenSearch_b59b94f6-a5ac-4347-bc08-ad345275b7f4,The fastest mammal on land is the cheetah. When measured over a short distance the cheetah can maintain a steady maximum speed of approximately 100km/h (62 mph) on level ground,AttrScore-GenSearch,1,1,1,1,0.7982260764470116,-1
ood,AttrScore-GenSearch_de9f054e-7fb3-4fbd-a7b3-49790c29098e,It is illegal to whistle underwater in the state of West Virginia,AttrScore-GenSearch,1,1,1,1,0.8079516879872484,-1
ood,AttrScore-GenSearch_a086e106-2f63-471f-887d-87c9fae933f2,"No, Chelsea Finn is not one of the authors of the paper “Generative agents: Interactive simulacra of human behavior”",AttrScore-GenSearch,1,1,1,1,0.7839486165524222,-1
ood,AttrScore-GenSearch_8863bccf-1ed8-4c34-9048-7edd940733d6,"The police can detain you in custody for a maximum of 24 hours before they must either charge you with the offence, release you under police bail to return at a later date for further questioning, or release you without charge",AttrScore-GenSearch,1,1,1,1,0.7947489537705016,-1
ood,AttrScore-GenSearch_736558af-649c-47ed-9a98-051c9b04ef45,"During the Great Depression, clothes made from cotton flour, sugar, and feed sacks were popular",AttrScore-GenSearch,1,1,1,1,0.7880429611667706,-1
ood,AttrScore-GenSearch_81a52d55-260a-4460-bbce-aac59e5634da,The average temperature at the equator and mid latitudes can range from -298 degrees Fahrenheit (-183 degrees Celsius) at night to 224 degrees Fahrenheit (106 degrees Celsius) during the day.,AttrScore-GenSearch,1,1,1,1,0.7990507837300924,-1
ood,AttrScore-GenSearch_195a8d7f-233c-4c08-b582-ecff8b672304,The incident has raised concerns about mental health issues in the United States. Experts warn that young children are suffering from its devastating impacts. President Joe Biden referred to it as “sick” and “heartbreaking”.,AttrScore-GenSearch,1,1,1,1,0.8056065394215838,-1
ood,AttrScore-GenSearch_894c906b-162b-47cb-beff-6ee4f0fe5506,The name “Bilibili” comes from the nickname of the protagonist Mikoto Misaka in the anime A Certain Scientific Railgun,AttrScore-GenSearch,1,1,1,1,0.7973478359578423,-1
ood,AttrScore-GenSearch_7d766f89-b1ec-4395-a595-430cbe642073,"The gravity on Mars is about 38% of Earth’s gravity, which is equivalent to 3.711 m/s²",AttrScore-GenSearch,1,1,1,1,0.7951711946644547,-1
ood,AttrScore-GenSearch_16ccaa94-c0be-4b9f-bf14-bdbd7ab69eaa,"The best-selling video game of all time is Minecraft, which has sold about 238 million units globally",AttrScore-GenSearch,1,1,1,1,0.8076845611089122,-1
ood,AttrScore-GenSearch_4512e1eb-7795-41f6-aeff-eaaac3f44c5b,"According to a news article by NPR, as of June 2022, the highest average price of a gallon of regular gas in the United States was $6.34 in California",AttrScore-GenSearch,1,0,0,0,0.35694116030244866,-1
ood,AttrScore-GenSearch_927ce05d-2f71-49f9-b446-d8d21e5c6439,"The average distance between Earth and Moon is 384,400 km (238,855 miles)",AttrScore-GenSearch,1,1,1,1,0.7965895771934751,-1
ood,AttrScore-GenSearch_c8dfbef2-a31c-4c44-9be9-bbbb544fc735,"According to 1, China posted a trade surplus of USD 421.9 billion in 2019, which was the biggest since 2016. This was due to exports increasing by 0.5% and imports falling by 2.7% on weak domestic demand and trade tensions with the US.",AttrScore-GenSearch,1,0,0,0,0.3448261224700441,-1
ood,AttrScore-GenSearch_8e264ba0-17e9-40e6-b400-db1018039dff,Domestic geese have an average lifespan of 15-25 years and are likely to live 20 years,AttrScore-GenSearch,1,1,1,1,0.7656287847205123,-1
ood,AttrScore-GenSearch_1443de0f-7ec7-456a-9142-d1201cf45323,"According to a news article by NPR, as of June 2022, the highest average price of a gallon of regular gas in the United States was $6.34 in California",AttrScore-GenSearch,1,0,0,0,0.46856673300251944,-1
ood,AttrScore-GenSearch_d0f2c937-9fa8-4a69-b2d8-4407afa08b2c,"in general, an 8 inch square cake or a 9 inch round cake should cook for approximately 25 minutes at 325 to 350 degrees Fahrenheit.",AttrScore-GenSearch,1,1,1,1,0.7971886950959229,-1
ood,AttrScore-GenSearch_b08eb527-bc07-44e6-99a0-fe32b7105d77,The first ice pop was created by an 11-year-old named Frank Epperson in 1905,AttrScore-GenSearch,1,0,0,0,0.285336182908491,-1
ood,AttrScore-GenSearch_475a34e4-5229-43c0-9185-7bf8431ab4bd,"To date, no proof of past or present life has been found on Mars",AttrScore-GenSearch,1,1,1,1,0.805187367391399,-1
ood,AttrScore-GenSearch_b7198d52-2c7b-48eb-8a32-78ce03ad43f2,"According to GameSpot1, the top 10 best-selling games of 2022 in the US are:

Call of Duty: Modern Warfare II
Elden Ring
Madden NFL 23
God of War Ragnarok
Lego Star Wars: The Skywalker Saga
Pokemon Scarlet/Violet*
FIFA 23
Pokemon Legends: Arceus*",AttrScore-GenSearch,1,0,0,0,0.49034402081894446,-1
ood,AttrScore-GenSearch_a1dd5612-24f1-4431-ae2e-e7147c0c1e90,"Cats have survived falls of 32 stories, which is about 448 feet",AttrScore-GenSearch,1,1,1,1,0.8079724943912112,-1
ood,AttrScore-GenSearch_071b34ef-8d3f-438d-a28d-2a466c1e31e7,"According to an SEC filing published on Thursday, Apple CEO Tim Cook received $98.73 million in compensation in the company’s fiscal 2021",AttrScore-GenSearch,1,1,1,1,0.7806579757980079,-1
ood,AttrScore-GenSearch_3fe19f0e-c6b3-415a-85be-27000d26affa,"Yes, Apple offers a savings account called “Apple Savings” which is available to Apple Card users and is accessible through the Apple Wallet. It has no monthly fees and no minimum requirement to open the account or earn the APY. However, there is a maximum balance limit of $250,000. The annual percentage yield (APY) for this account is 4.15%.",AttrScore-GenSearch,1,1,1,1,0.8082723035163637,-1
ood,AttrScore-GenSearch_1f2eee2f-48be-473d-9a47-dcaae0ff7043,The song “Again” by YUI was used as the first opening theme song for the Fullmetal Alchemist: Brotherhood anime series,AttrScore-GenSearch,1,0,1,0,0.4500038951115692,-1
ood,AttrScore-GenSearch_f27a6efc-2790-412b-a9b1-7bee7b6e09cc,Rookie has won the LPL MVP award four times in total 1. He won his first MVP award in Spring 2016.,AttrScore-GenSearch,1,1,1,1,0.6890995279728045,-1
ood,AttrScore-GenSearch_25276690-e28d-41ec-b30c-04dad8436d44,"In the early 1800s, it was believed that ketchup could be used to treat indigestion, jaundice, and diarrhea",AttrScore-GenSearch,1,0,0,0,0.2729591887734463,0
ood,AttrScore-GenSearch_e9973c6f-dfad-404e-9f2c-f90e4d6b5b7a,"adverse drug events (ADEs) cause approximately 1.3 million emergency department visits and 350,000 hospitalizations each year in the United States.",AttrScore-GenSearch,1,0,0,0,0.3566716863280657,-1
ood,AttrScore-GenSearch_1c58c994-84e1-4b81-8cc2-93c0755b4651,Theshy was 19 years old when he won the world championship with Invictus Gaming in 2018,AttrScore-GenSearch,1,0,0,0,0.2890247403021799,-1
ood,AttrScore-GenSearch_75a681e4-1af5-448b-b581-b3d275b1f7a5,"The author of SLAM DUNK is Takehiko Inoue. The manga series was serialized in Shueisha’s shōnen manga magazine Weekly Shōnen Jump from October 1990 to June 1996, with the chapters collected into 31 tankōbon volumes",AttrScore-GenSearch,1,1,1,1,0.8032189105720281,-1
ood,AttrScore-GenSearch_0a43385e-5fa3-48c2-be21-8225a0012b3f,"According to a Medium article, the acceptance rate for NeurIPS 2019 was 21.6% which corresponds to 1,428 accepted papers out of 6,743 submissions after filtering (down to 6,614 at notification time).",AttrScore-GenSearch,1,0,0,0,0.28101804923409335,-1
ood,AttrScore-GenSearch_b5641e99-d87a-472b-b700-08738798439c,"To be legally qualified for jury service in the United States, an individual must be at least 18 years of age",AttrScore-GenSearch,1,1,1,1,0.808337050166248,-1
ood,AttrScore-GenSearch_52026786-27b0-4eb4-9019-c31086462e50,"In January 2023, Google announced that it would cut 12,000 jobs, reducing its employee count by 6%.",AttrScore-GenSearch,1,0,0,0,0.28739986700007225,-1
ood,AttrScore-GenSearch_1cca5c0c-5bea-4214-91bd-63471a741ff9,Rockstar Games has not officially announced the release date for GTA 6 yet,AttrScore-GenSearch,1,1,1,1,0.6694888022510344,-1
ood,AttrScore-GenSearch_7a0443c0-4e0a-40b7-b8b3-e4ba6c9582ae,"Luffa plants need consistent temperatures of between 25-30°C to germinate and an ideal air temperature for growing luffa is about 85°F (29°C), though a range between 75°-90°F (24-32°C) would also produce thriving luffa plants",AttrScore-GenSearch,1,1,1,1,0.5574919773215872,-1
ood,AttrScore-GenSearch_743225be-4618-4781-afff-3da50e57e63d,There’s an advisory speed limit of 130 km/h. Some sections of the Autobahn have specific speed limits that alternate from 80 to 130 km/h,AttrScore-GenSearch,1,1,1,1,0.8090140831994861,-1
ood,AttrScore-GenSearch_1d94717b-b348-4b4a-ab22-23d2ceffca9d,The transactivation domain (TAD) is a transcription factor scaffold domain which contains binding sites for other proteins such as transcription coregulators. These binding sites are frequently referred to as activation functions (AFs). TADs are named after their amino acid composition,AttrScore-GenSearch,1,1,1,1,0.6171281213563072,-1
ood,AttrScore-GenSearch_33fe859b-52bf-4eea-891f-1a0d376e7c86,The acceptance rate for the AAAI conference in 2022 was approximately 15% according to Lei Feng’s research page,AttrScore-GenSearch,1,0,0,0,0.2877009044075784,-1
ood,AttrScore-GenSearch_02c2ba9f-7de9-4c84-bbeb-9d5997175d75,"Yes, international students may qualify to apply for credit cards in the US, although their options are typically limited compared to those of US citizens. Some student credit cards let you go through the application process even if you don’t have an SSN, as long as you have an ITIN",AttrScore-GenSearch,1,0,0,0,0.28861633114638896,-1
ood,AttrScore-GenSearch_8e0ba8e2-60ed-4957-b8bc-8143602b7cb9,"According to the US Bureau of Labor Statistics, the Consumer Price Index for All Urban Consumers (CPI-U) rose 0.5% in January 2023 on a seasonally adjusted basis, after increasing 0.1% in December 20221. Over the last 12 months, the all items index increased 6.4% before seasonal adjustment.",AttrScore-GenSearch,1,0,0,0,0.4052537336420737,-1
ood,AttrScore-GenSearch_67c5438b-9863-47ec-acb0-fac3ec0da5bd,The MethPed R package can be used for the identification of pediatric brain tumors using DNA methylation profiles generated by the Illumina 450 K methylation arrays,AttrScore-GenSearch,1,0,0,0,0.38206777436933254,-1
ood,AttrScore-GenSearch_288a4104-b50d-4679-a75f-9e6e18715f9d,"adverse drug events (ADEs) cause approximately 1.3 million emergency department visits and 350,000 hospitalizations each year in the United States.",AttrScore-GenSearch,1,0,0,0,0.3060465272517945,-1
ood,AttrScore-GenSearch_3785e1a8-7668-4dfa-8d2a-4f518a1d6c60,"The James Webb Space Telescope orbits the Sun, 1.5 million kilometers (1 million miles) away from Earth at what is called the second Lagrange point or L2.",AttrScore-GenSearch,1,1,1,1,0.7735663688578422,-1
ood,AttrScore-GenSearch_fd6e5fde-287b-4cc4-b088-ea96fe1a7abf,"According to a source, it’s estimated that one in eight Americans in the workforce have worked at McDonald’s at some point in their lives, from college students to celebrities. However, this does not mean that one in eight current workers are working at McDonald’s right now.",AttrScore-GenSearch,1,0,0,0,0.31231380174722,-1
ood,AttrScore-GenSearch_9e067715-528f-4933-89d2-611d03ac5d8a,There was no Blood Moon in 2020,AttrScore-GenSearch,1,0,0,0,0.27460929338081874,0
ood,AttrScore-GenSearch_dd67dac8-1597-4ce6-8aad-28152af2828c,"A single strand of human DNA is approximately 5 feet long. If you unraveled all of the DNA in your body, it would reach the sun and back again approximately multiple times. The DNA in a single cell’s nucleus is approximately 3 km, which is enough to stretch from the Lincoln Memorial to the US Capitol building.",AttrScore-GenSearch,1,1,1,1,0.7957412076884984,-1
ood,AttrScore-GenSearch_c70c055e-c701-4654-b7bf-9d3fbb6ec0f9,"According to Wikipedia, Saudi Arabia holds about one-fifth of the world’s total conventional oil reserves. This amounts to 17.2% of all known oil reserves as of 2020",AttrScore-GenSearch,1,0,0,0,0.3142875212420817,-1
ood,AttrScore-GenSearch_c1fcd230-0e5b-4ddb-b8f8-25e088f90a93,"According to the US-China Tax Treaty Article 20, a resident of China who goes to the USA for the purpose of education, training or obtaining technical experience shall be exempt from tax in the United States on payments received from abroad for the purpose of his maintenance, education, or training, grants from a tax-exempt organization, and up to $5,000 per year of income for personal services performed in that other State",AttrScore-GenSearch,1,1,1,1,0.7977581886701968,-1
ood,AttrScore-GenSearch_52e378bf-2488-4ae5-82aa-fde8082f5c76,"One recent publication of Christopher Manning from Stanford is Human Language Understanding & Reasoning, which appears in a special issue of Dædalus in 2022.",AttrScore-GenSearch,1,0,0,0,0.3994419147270661,-1
ood,AttrScore-GenSearch_9ade02eb-5323-4897-b0a2-7c30210413bb,Lord Byron kept a tame bear in his dormitory while studying at Trinity College in Cambridge,AttrScore-GenSearch,0,0,0,0,0.4452983853529241,-1
ood,AttrScore-GenSearch_6d32ae98-3d95-4777-b2fb-021ba1acc001,"Prof. Eunsol Choi from the University of Texas at Austin received the Outstanding Paper Award at the EMNLP 2021 conference for her paper titled ""It’s Not Just Size That Matters: Small Language Models Are Also Few-Shot Learners""",AttrScore-GenSearch,0,0,0,0,0.2770966088983048,0
ood,AttrScore-GenSearch_2000a24c-fb20-4857-9694-afb10da84d53,"From peak to trough, US gross domestic product fell by 4.3 percent, making this the deepest recession since World War II.",AttrScore-GenSearch,0,0,0,0,0.3494877307697134,-1
ood,AttrScore-GenSearch_40c30166-5409-46f5-8179-82100f3f7944,"Yes, Bonnie Webber served as President of the Association for Computational Linguistics (ACL) and Deputy Chair of the European COST action IS1312 at the same time.",AttrScore-GenSearch,0,0,0,0,0.33647248819247394,-1
ood,AttrScore-GenSearch_41fade35-81c9-4bf5-9820-ff1dbe42f4e7,"According to World Population Review, the population of Columbus Ohio in 2020 was 1,012,596. That was a 1.19% annual growth rate and a 11.80% increase since 2010",AttrScore-GenSearch,0,0,0,0,0.36149249186344307,-1
ood,AttrScore-GenSearch_a3d7053d-4389-4629-9973-9c421856b208,The acceptance rate for the AAAI conference in 2022 was approximately 15% according to Lei Feng’s research page,AttrScore-GenSearch,0,0,0,0,0.3124450178699587,-1
ood,AttrScore-GenSearch_4e6dcf6a-8fc0-41a7-ba87-1dcb1d2f2ae8,"Yes, Naoaki Okazaki is one of the workshop chairs for ACL 2023",AttrScore-GenSearch,0,1,1,1,0.5697537529113756,-1
ood,AttrScore-GenSearch_ed35eea3-0475-49a7-a62e-fdc20e35172f,"In January 2023, Google announced that it would cut 12,000 jobs, reducing its employee count by 6%.",AttrScore-GenSearch,0,0,0,0,0.41182775764393553,-1
ood,AttrScore-GenSearch_4607342a-9525-42ab-aa5d-cd7cf799cdc4,"Cats have survived falls of 32 stories, which is about 448 feet",AttrScore-GenSearch,0,0,0,0,0.2873799449369781,-1
ood,AttrScore-GenSearch_9e8e55df-6bca-4cf8-8f5b-6f4a8b96fde3,"According to 1, the unemployment rate in Germany for 2020 was 4.31%, which was a 1.17% increase from 2019. However, it is important to note that the COVID-19 pandemic had a significant impact on unemployment rates in Germany and around the world.",AttrScore-GenSearch,0,0,0,0,0.28784908829960376,-1
ood,AttrScore-GenSearch_3d8bf0ee-be1d-4e47-87dd-44ca3b8159ef,"When planting in a raised bed, the distance between peppers should be between 10 and 15 inches apart.",AttrScore-GenSearch,0,0,0,0,0.49101927667281514,-1
ood,AttrScore-GenSearch_d111bdac-5ba1-40e4-9064-6fe318f85d03,Swabha Swayamdipta from USC received an Outstanding Paper Award at NeurIPS 2021. The title of the paper is “A Comprehensive Study of Pre-Training for Natural Language Processing”,AttrScore-GenSearch,0,0,0,0,0.28077610463547353,-1
ood,AttrScore-GenSearch_2a46f5ce-f7ab-4cd0-b2c9-94537b5be95c,"It’s worth noting that Levels.fyi reports that the median total compensation package for a SDE II at Amazon is $230,0003.",AttrScore-GenSearch,0,0,0,0,0.4237314047548718,-1
ood,AttrScore-GenSearch_e8031421-f47c-40b7-884e-6f311e2362c8,The American Diabetes Association recommends that people with type 2 diabetes should start with lifestyle changes and oral medications as first-line treatment.,AttrScore-GenSearch,0,0,0,0,0.32686424496424105,-1
ood,AttrScore-GenSearch_a0d3ede5-23a3-4533-8496-7047ffbc6244,"Meta laid off over 11,000 employees in early November 2022, reducing its workforce by 13%. The layoffs will mostly come from Facebook, Instagram and WhatsApp",AttrScore-GenSearch,0,0,0,0,0.26024885182585017,0
ood,AttrScore-GenSearch_69fbbec3-8dfa-404a-83d1-9ce6e95f195c,"To date, no proof of past or present life has been found on Mars",AttrScore-GenSearch,0,0,0,0,0.44958222966316364,-1
ood,AttrScore-GenSearch_cc299495-7eec-4810-80a1-3ee6a75a4e7f,"The police can detain you in custody for a maximum of 24 hours before they must either charge you with the offence, release you under police bail to return at a later date for further questioning, or release you without charge",AttrScore-GenSearch,0,1,1,1,0.7754059831013622,-1
ood,AttrScore-GenSearch_702020e9-83ca-4601-819f-4484577f73f1,The acceptance rate for the Conference on Empirical Methods in Natural Language Processing (EMNLP) in 2021 was 27.3%,AttrScore-GenSearch,0,0,0,0,0.2866986233053427,-1
ood,AttrScore-GenSearch_599a6bf1-b391-46c7-9c1a-87960a025b7b,The expected value of the maximum of 3 dice rolls is approximately 4.67.,AttrScore-GenSearch,0,0,0,0,0.2673353946835608,0
ood,AttrScore-GenSearch_909f0f67-5c78-4d4f-a97a-4cf793d5249a,"Yes, international students may qualify to apply for credit cards in the US, although their options are typically limited compared to those of US citizens. Some student credit cards let you go through the application process even if you don’t have an SSN, as long as you have an ITIN",AttrScore-GenSearch,0,0,0,0,0.28788384658971666,-1
ood,AttrScore-GenSearch_aa94bbc0-fa8d-47b1-9c26-6a7603fedc60,"Yes, Ruihong Huang is one of the industry track chairs for ACL 2023",AttrScore-GenSearch,0,0,0,0,0.41884867654094154,-1
ood,AttrScore-GenSearch_845578e0-f9d6-43d0-93af-31d89bf3947d,"Yes, Christopher Manning is one of the authors of the paper “Generative agents: Interactive simulacra of human behavior”",AttrScore-GenSearch,0,1,1,1,0.7435150349581331,-1
ood,AttrScore-GenSearch_68885a14-73cd-4d39-b670-8c51acb3aa01,"The James Webb Space Telescope orbits the Sun, 1.5 million kilometers (1 million miles) away from Earth at what is called the second Lagrange point or L2.",AttrScore-GenSearch,0,1,1,1,0.6452592335221474,-1
ood,AttrScore-GenSearch_5dc60f67-9b58-46a0-a063-f4eea816c314,"The gravity on Mars is about 38% of Earth’s gravity, which is equivalent to 3.711 m/s²",AttrScore-GenSearch,0,0,0,0,0.28622488995525464,-1
ood,AttrScore-GenSearch_a0adc2c2-116b-4016-bd1e-36d12ae8445a,Men were not allowed to become midwives because it was required by law that one had to have given birth themselves to qualify as one.,AttrScore-GenSearch,0,0,0,0,0.28651804783505447,-1
ood,AttrScore-GenSearch_fb856ede-ac77-4ae0-b8aa-1d24ca53d430,"Prof. Eunsol Choi from the University of Texas at Austin received the Outstanding Paper Award at the EMNLP 2021 conference for her paper titled ""It’s Not Just Size That Matters: Small Language Models Are Also Few-Shot Learners""",AttrScore-GenSearch,0,0,0,0,0.2814188912078888,-1
ood,AttrScore-GenSearch_ccdc5790-e15c-46ab-979e-405c9bee7f1c,"According to population.net.au, based on the average growth rate of 3.05% per year, it is predicted that the average salary in Australia will be around $90,000 per year in 2023",AttrScore-GenSearch,0,0,0,0,0.3077677576983216,-1
ood,AttrScore-GenSearch_125be4f9-f586-4038-bef6-0c2011af74e7,Global oil supply is set to average 100.1 million barrels per day (mb/d) in 2022 before hitting an annual record of 101.1 mb/d in 2023,AttrScore-GenSearch,0,0,0,0,0.28654280134118804,-1
ood,AttrScore-GenSearch_2207717d-8c9a-424c-94a4-c688f3e2404f,"According to an article on SiliconAngle, Google merged its DeepMind and Google Brain AI research groups on April 20th, 2023",AttrScore-GenSearch,0,0,0,0,0.289582322626513,-1
ood,AttrScore-GenSearch_b26e2988-3adf-439b-bc8c-0af49a6167ca,Ginkgo trees survived the nuclear bomb at Hiroshima because they have extremely well-organized cells and are radiation-resistant in their outer bark. Trees and other vegetation have proven to be extremely resilient to the intense radiation that has surrounded and impacted the nuclear disaster zone. Six gingko trees were among the only living things to survive within a short radius of the Hiroshima bombing,AttrScore-GenSearch,0,0,0,0,0.27409823578651504,0
ood,AttrScore-GenSearch_9d8f4494-a19a-41a3-ab1a-329efc27c34b,"Some spots near the poles can get even colder, reaching -424 degrees Fahrenheit (-253 degrees Celsius)",AttrScore-GenSearch,0,0,0,0,0.2777602588202183,0
ood,AttrScore-GenSearch_d5d1a722-cc8c-4813-b934-9e0c2c8c1fe3,"Yes, Dan Jurafsky is one of the authors of the paper “Generative agents: Interactive simulacra of human behavior”",AttrScore-GenSearch,0,1,1,1,0.7422448757304303,-1
ood,AttrScore-GenSearch_9c597aad-0fe8-4756-b25d-a45afeb16045,"According to Redfin, the median sale price of a home in Menlo Park was $3.92M last month, up 66.0% since last year. The median sale price per square foot in Menlo Park is $1.63K, up 13.8% since last year.",AttrScore-GenSearch,0,0,0,0,0.42917318027907553,-1
ood,AttrScore-GenSearch_0d8d7f64-1ab8-4ecf-b093-2959adbc4780,"Swabha Swayamdipta received an outstanding paper award at ICML 2022. The title of the paper is ""Estimating the difficulty of a dataset typically involves comparing state-of-the-art models to humans; the bigger the performance gap, the harder the dataset is said to be",AttrScore-GenSearch,0,0,0,0,0.2993521581202037,-1
ood,AttrScore-GenSearch_f8fefba8-8f75-4384-8596-188d2eddf192,"For a New York strip steak cooked to medium well, you should cook it for approximately 6 minutes per side or until the internal temperature reaches 145°F1.",AttrScore-GenSearch,0,0,0,0,0.29918916252952815,-1
ood,AttrScore-GenSearch_fe219b82-c8f9-4068-a928-5e2e85c1fe7b,"Yes, Dan Jurafsky is one of the authors of the paper “Generative agents: Interactive simulacra of human behavior”",AttrScore-GenSearch,0,0,0,0,0.3302523221599176,-1
ood,AttrScore-GenSearch_585cb628-4429-43b4-92b4-66a0fc3a7bef,"Yes, Andrew Ng is one of the authors of the paper “Generative agents: Interactive simulacra of human behavior”",AttrScore-GenSearch,0,0,0,0,0.28735599765981606,-1
ood,AttrScore-GenSearch_42e89ea2-a45f-4c77-bec7-7ede1198c887,"Cats have survived falls of 32 stories, which is about 448 feet",AttrScore-GenSearch,0,1,1,1,0.7888470651734948,-1
ood,AttrScore-GenSearch_31656ba0-ab78-472d-88d1-067cac99c104,"Water boils at 92.7°C (198.9°F) at 7,000 feet above sea level",AttrScore-GenSearch,0,0,0,0,0.2791685324341106,0
ood,AttrScore-GenSearch_45e33a39-7823-4122-8581-d3bcd1da7a29,"To be legally qualified for jury service in the United States, an individual must be at least 18 years of age",AttrScore-GenSearch,0,0,0,0,0.28949704407521054,-1
ood,AttrScore-GenSearch_8b120877-e0dc-4bde-892e-06c0aa40dd88,"According to 1, the inflation rate in Japan for 2020 was -0.02%. This was a 0.49% decline from 2019 when it was 0.48%.",AttrScore-GenSearch,0,0,0,0,0.29167048743539564,-1
ood,AttrScore-GenSearch_2346dbc5-87ed-4698-b2c4-1eda32dbef1b,"According to a study by the American Council on Exercise (ACE), a person weighing 150 pounds can burn approximately 200 calories in a 20-minute HIIT workout",AttrScore-GenSearch,0,0,0,0,0.2865626887076077,-1
ood,AttrScore-GenSearch_d0495c2a-6a29-47ca-b4f4-40bfcbf8809d,"One recent publication of Ryan Cotterell from ETH is ""High probability or low information? The probability–quality paradox in language generation"" which was published in 2021.",AttrScore-GenSearch,0,0,0,0,0.25618858968057023,0
ood,AttrScore-GenSearch_03067931-f987-4f96-9b9d-5dfabd0a2769,"In the early 1800s, it was believed that ketchup could be used to treat indigestion, jaundice, and diarrhea",AttrScore-GenSearch,0,0,1,1,0.5892701383561703,-1
ood,AttrScore-GenSearch_39ed2682-acc9-49f2-a4a9-eff3cc524910,"A single strand of human DNA is approximately 5 feet long. If you unraveled all of the DNA in your body, it would reach the sun and back again approximately multiple times. The DNA in a single cell’s nucleus is approximately 3 km, which is enough to stretch from the Lincoln Memorial to the US Capitol building.",AttrScore-GenSearch,0,0,0,0,0.4294317733922637,-1
ood,AttrScore-GenSearch_4920dee8-7d4d-4536-a113-124ee33ee187,The General Chair of ACL 2023 conference is Yang Liu.,AttrScore-GenSearch,0,0,0,0,0.4173784617631304,-1
ood,AttrScore-GenSearch_273d64ba-a595-4e99-ba3d-1cf1515ceda0,"Long non-coding RNAs (lncRNAs) regulate gene expression in a variety of ways at epigenetic, chromatin remodeling, transcriptional, and translational levels",AttrScore-GenSearch,0,1,1,1,0.6509749009292066,-1
ood,AttrScore-GenSearch_a7bfaf4e-51eb-4973-b8bb-521f90165d78,"Yes, Ruihong Huang is one of the industry track chairs for ACL 2023",AttrScore-GenSearch,0,0,0,0,0.4033108919567317,-1
ood,AttrScore-GenSearch_fc99de6b-6da1-4b0f-b3c4-3cd0575efbb0,"According to a study by the American Council on Exercise (ACE), a person weighing 150 pounds can burn approximately 200 calories in a 20-minute HIIT workout",AttrScore-GenSearch,0,0,0,0,0.26103859822807496,0
ood,AttrScore-GenSearch_69a03e09-e68d-4dd9-aeeb-a3e7abcace07,"According to James Grant-Peterkin in his book “A Companion to Easter Island”, there are almost 3,000 horses on Easter Island. However, locals often claim that they have more horses than people. The population of Easter Island is about 6,000 inhabitants. So it seems that the number of horses living on Easter Island is not twice the number of people.",AttrScore-GenSearch,0,1,1,1,0.805284339737066,-1
ood,AttrScore-GenSearch_327e89b0-741c-4553-822d-a965b08ed218,"Elon Musk completed his $44 billion deal to buy Twitter on October 27, 2022",AttrScore-GenSearch,0,0,0,0,0.32175174748509966,-1
ood,AttrScore-GenSearch_1ded0b27-04d3-4a32-89f8-26403c7683e5,Men were not allowed to become midwives because it was required by law that one had to have given birth themselves to qualify as one.,AttrScore-GenSearch,0,0,0,0,0.29339428020138997,-1
ood,AttrScore-GenSearch_c8324ea1-e44d-49f5-b71f-caa36e57f890,The acceptance rate for the AAAI conference in 2022 was approximately 15% according to Lei Feng’s research page,AttrScore-GenSearch,0,0,0,0,0.2559292263688236,0
ood,AttrScore-GenSearch_6969a3c4-764b-4b9b-b5fe-5dfb3fa85c69,"The author of SLAM DUNK is Takehiko Inoue. The manga series was serialized in Shueisha’s shōnen manga magazine Weekly Shōnen Jump from October 1990 to June 1996, with the chapters collected into 31 tankōbon volumes",AttrScore-GenSearch,0,0,0,0,0.4487334240505358,-1
ood,AttrScore-GenSearch_606283b8-059e-4cf0-b3ae-856e6bc8b67b,Swabha Swayamdipta from USC received an Outstanding Paper Award at NeurIPS 2021. The title of the paper is “A Comprehensive Study of Pre-Training for Natural Language Processing”,AttrScore-GenSearch,0,0,0,0,0.27848699083887185,0
ood,AttrScore-GenSearch_2c7a8f26-dfb3-4073-8cda-c5057908624a,Faker won his second world championship in 2016 when he was 20 years old,AttrScore-GenSearch,0,0,0,0,0.2867458725114147,-1
ood,AttrScore-GenSearch_a248a5f1-f8a8-4637-9dea-17c14e3c9fe6,"The official length was recalculated in 2011 as 100,915 km, including fjords and islands",AttrScore-GenSearch,0,0,1,0,0.4345292604080374,-1
ood,AttrScore-GenSearch_bc972cc3-7bc0-4fcd-96e3-adfe9ec5c707,Swabha Swayamdipta from USC received an Outstanding Paper Award at NeurIPS 2021. The title of the paper is “A Comprehensive Study of Pre-Training for Natural Language Processing”,AttrScore-GenSearch,0,0,0,0,0.41183218948098066,-1
ood,AttrScore-GenSearch_c201c95b-c246-48d0-b85f-caf22ea9107d,"According to James Grant-Peterkin in his book “A Companion to Easter Island”, there are almost 3,000 horses on Easter Island. However, locals often claim that they have more horses than people. The population of Easter Island is about 6,000 inhabitants. So it seems that the number of horses living on Easter Island is not twice the number of people.",AttrScore-GenSearch,0,1,1,1,0.7861291216437613,-1
ood,AttrScore-GenSearch_5d528c90-17bd-43ac-a3f5-e4461e32832c,"The new Super Mario Bros movie was released on April 7th, 2023 and it is an animated movie. It is not specified whether it is in 2D or 3D format in the sources I found. However, it is likely that it is in 3D format as it is an animated movie and most animated movies are released in 3D format.",AttrScore-GenSearch,0,0,0,0,0.2847798881068224,-1
ood,AttrScore-GenSearch_8c874311-128b-4ac7-b03c-2239b4d4ab08,"The average date of the last light freeze in spring for Columbus, Ohio is April 22nd and the first light freeze in fall is October 12th.",AttrScore-GenSearch,0,0,0,0,0.27148688529570614,0
ood,AttrScore-GenSearch_7234d6e9-1f51-4203-9587-f539e34d34f4,"According to James Grant-Peterkin in his book “A Companion to Easter Island”, there are almost 3,000 horses on Easter Island. However, locals often claim that they have more horses than people. The population of Easter Island is about 6,000 inhabitants. So it seems that the number of horses living on Easter Island is not twice the number of people.",AttrScore-GenSearch,0,0,0,0,0.4278210494397526,-1
ood,AttrScore-GenSearch_ae7a3cf5-ed37-4fa3-acc8-bf79661bacdc,"Yes, Naoaki Okazaki is one of the workshop chairs for ACL 2023",AttrScore-GenSearch,0,0,0,0,0.4375888292502172,-1
ood,AttrScore-GenSearch_a05fa315-a31d-4e09-bfbe-25b92a8510b5,"From peak to trough, US gross domestic product fell by 4.3 percent, making this the deepest recession since World War II.",AttrScore-GenSearch,0,0,0,0,0.2777504103774621,0
ood,AttrScore-GenSearch_bf067916-3af0-4a2d-94d8-d25416b64cd0,"Meta laid off an unprecedented 11,000 people — or about 13 percent of its workforce — across virtually every department in November 2020.",AttrScore-GenSearch,0,0,0,0,0.311502910449657,-1
ood,AttrScore-GenSearch_7031ee5c-3923-409a-8ff3-a6a1cda0932b,"According to the US Bureau of Labor Statistics, the Consumer Price Index for All Urban Consumers (CPI-U) rose 0.5% in January 2023 on a seasonally adjusted basis, after increasing 0.1% in December 2022. Over the last 12 months, the all items index increased 6.4% before seasonal adjustment.",AttrScore-GenSearch,0,1,1,1,0.6915799548165024,-1
ood,AttrScore-GenSearch_4e5e3074-64e2-402b-ad2d-94038badec7d,"Earth Day 2023 was celebrated on April 22nd, 2023. Ohio University continued its tradition of celebrating “Earth Day Every Day” throughout the month of April and partnered with campus and community organizations to develop a county-wide list of Earth Month activities.",AttrScore-GenSearch,0,0,0,0,0.2922650179138386,-1
ood,AttrScore-GenSearch_3af00a5f-99ae-4fb7-bf9b-ffc5d994b6ea,Most goose eggs take from 28 to 32 days to hatch,AttrScore-GenSearch,0,0,0,0,0.2529459694824266,0
ood,AttrScore-GenSearch_7ff042da-862e-4083-b19e-20f1f0a01469,"As of 2021, the minimum wage in Australia is $21.38 per hour, equating to $812.60 per week",AttrScore-GenSearch,0,0,0,0,0.28790036464282615,-1
ood,AttrScore-GenSearch_e90fb941-cae3-4af7-9bce-064b1571268e,"According to the American Automobile Association (AAA), the average gas price in Ohio in 2019 was $2.70 per gallon",AttrScore-GenSearch,0,0,0,0,0.3496387699312817,-1
ood,AttrScore-GenSearch_85f97256-a965-413d-b1b0-a402301c60cb,"According to an SEC filing published on Thursday, Apple CEO Tim Cook received $98.73 million in compensation in the company’s fiscal 2021",AttrScore-GenSearch,0,0,0,0,0.49557559177353006,-1
ood,AttrScore-GenSearch_520f6f2c-fe05-465b-8c56-8409d511b8a7,"According to Indeed.com, the average salary for a software engineer working at Amazon in the United States is approximately $131,930 per year",AttrScore-GenSearch,0,0,0,0,0.4143463165077465,-1
ood,AttrScore-GenSearch_5135040a-1182-4903-ab6b-1c82f7809080,Eduard Hovy served as President of the International Association of Computational Linguistics (ACL) in 2001,AttrScore-GenSearch,0,0,0,0,0.4156828594642927,-1
ood,AttrScore-GenSearch_f69ba1c7-69cd-4a9e-ac6d-f71cd2a38709,"Yes, Jordan Boyd-Graber is one of the workshop chairs for ACL 2023",AttrScore-GenSearch,0,0,0,0,0.43343499627556203,-1
ood,AttrScore-GenSearch_b0ea5a74-5875-42c8-a80a-d2faf131dc25,"As of April 24th, 2023, there have been no reports of Marburg virus outbreak in the United States. However, there have been outbreaks of Marburg Virus Disease (MVD) in two African countries - Equatorial Guinea and Tanzania. The Centers for Disease Control and Prevention (CDC) has issued a health advisory warning doctors to be aware of two growing outbreaks of Marburg virus disease in Africa.",AttrScore-GenSearch,0,1,1,1,0.7696127030543269,-1
ood,AttrScore-GenSearch_66cf5a0d-290d-4ed5-93d3-a40455fd332d,"At an altitude of 7000 meters above sea level, water boils at approximately 92.7°C (198.9°F)",AttrScore-GenSearch,0,1,1,1,0.7274057827033936,-1
ood,AttrScore-GenSearch_63b8de21-887b-417f-9b90-80ec0c8c6772,The American Diabetes Association recommends that people with type 2 diabetes should start with lifestyle changes and oral medications as first-line treatment.,AttrScore-GenSearch,0,0,0,0,0.29906019864576466,-1
ood,AttrScore-GenSearch_f197bae1-3595-41f7-bc93-c59070092471,"Swabha Swayamdipta received an outstanding paper award at ICML 2022. The title of the paper is ""Estimating the difficulty of a dataset typically involves comparing state-of-the-art models to humans; the bigger the performance gap, the harder the dataset is said to be",AttrScore-GenSearch,0,0,0,0,0.34206071861158754,-1
ood,AttrScore-GenSearch_1f0c3864-168c-4aa0-a69e-23efb0243080,"Yes, Yun-Nung (Vivian) Chen is one of the demonstration chairs for ACL 2023",AttrScore-GenSearch,0,1,1,1,0.5021789164693924,-1
ood,AttrScore-GenSearch_a74470b5-3e64-4328-a52c-50fd841a24b6,"One recent publication of hers is ""Quark: Controllable Text Generation with Reinforced Unlearning"", which was published in 2021.",AttrScore-GenSearch,0,0,0,0,0.3807749579263173,-1
ood,AttrScore-GenSearch_b284a520-da37-4573-b082-3b35c51ea633,"According to 1, China posted a trade surplus of USD 421.9 billion in 2019, which was the biggest since 2016. This was due to exports increasing by 0.5% and imports falling by 2.7% on weak domestic demand and trade tensions with the US.",AttrScore-GenSearch,0,0,0,0,0.2868764537337185,-1
ood,HAGRID_5b49def9-22b0-4cd7-8912-65d735b44663,The minimum voting age in Argentina is 16 [2],HAGRID,1,1,1,1,0.8075366826289316,-1
ood,HAGRID_4bfeeac8-1323-4e1a-a8b4-122936961b2d,"Yes, ""Monster"" placed fifth in Oricon's 2009 poll on which manga series the Japanese people want to see adapted into live-action [1].",HAGRID,1,1,1,1,0.7984007975417877,-1
ood,HAGRID_17de99b5-6293-450a-9c66-c9096063bfca,"According to the Romanian census of 2011, the population of Galați was recorded as 249,432 residents. [2]",HAGRID,1,1,1,1,0.7869644352764954,-1
ood,HAGRID_8a729c11-366c-4262-85d4-14d273154c54,The Mercury Grand Marquis was both a sedan and a two-door body style. [1][2],HAGRID,1,1,1,1,0.784564679328777,-1
ood,HAGRID_388cb5d2-e265-4248-ae6c-03614af6006e,"The river's North, Middle, and South forks originate in the Tahoe and Eldorado National Forests [2].",HAGRID,1,1,1,1,0.8084672149054875,-1
ood,HAGRID_e18b65f6-a3af-46bd-aea5-731618a71f39,"The location of Campbelltown is in the metropolitan area of Sydney, New South Wales, Australia, south-west of the Sydney central business district. [1]",HAGRID,1,1,1,1,0.8092460148839777,-1
ood,HAGRID_4faf26f0-b46b-4d1b-821e-2b482d6e5832,"Species of monkey that soaks in Japanese hot springs is the Japanese macaque, also known as snow monkeys [1][2]",HAGRID,1,1,1,1,0.8087092526304271,-1
ood,HAGRID_bbb35234-5b77-4c20-acf1-e4878498f6b2,The First Celtiberian War took place from 181-179 BC [1][2],HAGRID,1,1,1,1,0.7996835084462712,-1
ood,HAGRID_da4d203e-f38a-4e32-8d96-70765c715bc9,"Blaxploitation is a film genre that emerged in the United States during the early 1970s, which usually targets the black audience in urban communities [3].",HAGRID,1,0,0,0,0.2879181879990781,-1
ood,HAGRID_023c761c-7a76-4a26-8d0b-f77a8de12f41,"F. C. S. Schiller practiced a philosophy that was very similar to and often aligned with the pragmatism of William James, although he referred to it as ""humanism"". He vigorously argued against both logical positivism and associated philosophers as well as absolute idealism. [1]",HAGRID,1,1,1,1,0.8069642539422156,-1
ood,HAGRID_1247607e-bb6e-4cbf-a588-3f6fc997bf47,"In the early 1970s, Kinney National Company bought Warner Bros.-Seven Arts and combined its record labels under a new holding company, WEA, also known as Warner Music Group. Atlantic Records maintained autonomy through the parent company reorganizations and continued to do their own marketing while WEA handled distribution [2].",HAGRID,1,1,1,1,0.7911600890404965,-1
ood,HAGRID_ab66b2d7-cc8f-4ca7-b6bb-c2ee668ab9f6,". However, it should be noted that there are also thousands of violins made as tributes to Stradivari, which may bear the label ""Stradivarius"" but are not necessarily genuine works of Stradivari [1].",HAGRID,1,1,1,1,0.8083605710614411,-1
ood,HAGRID_bffd776b-7c66-49c3-ad40-7e7aba41983c,"Being autism friendly and understanding can have a significant impact on an individual's interpersonal life and work life, benefited by consistency across all areas of one's life.  [4, 5]",HAGRID,1,1,1,1,0.7768228658083721,-1
ood,HAGRID_4f174c4a-ab2d-41b9-bd2c-fb78c36fc7cb,"Yes, animals other than humans have different blood types. Various species require different levels of testing to ensure a compatible match because they have different blood types. For example, cats have 3 known blood types, cattle have 11, dogs have 12, pigs have 16 and horses have 34 [1].",HAGRID,1,1,1,1,0.7354620456623161,-1
ood,HAGRID_c69f6d63-e977-4624-b720-68c7c026dbbd,The Florida State Seminoles won the 2000 Sugar Bowl [2].,HAGRID,1,1,1,1,0.7981949957539595,-1
ood,HAGRID_13fce340-a19f-40d4-bc04-dbe6f9295bd9,"There are 18 clubs in the Australian Football League. [1, 2]",HAGRID,1,1,1,1,0.8089148212414324,-1
ood,HAGRID_cc98021f-2e6b-45a6-96a7-17a1d4a96d94,It was one of the world's most widespread blackouts and affected an estimated 10 million people in Ontario and 45 million people in eight U.S. states. [2],HAGRID,1,1,1,1,0.8082666679902655,-1
ood,HAGRID_28787b7f-6862-400f-b3e9-744e8841f656,Cultural neuroscience studies how a human's cultural environment impacts neurobiological systems and behavior [2].,HAGRID,1,1,1,1,0.8020896469953327,-1
ood,HAGRID_18f03412-eb3d-4799-8630-ae338bedb12f,"However, Turismo Carretera, a popular touring car racing series in Argentina, is the oldest car racing series still active in the world, which started in 1937 [4].",HAGRID,1,1,1,1,0.8053872069510455,-1
ood,HAGRID_7862b0df-46c8-4cfc-9e6b-04ba408dcaba,"it can be inferred that the first involvement of Nintendo in video games was through an alliance with Magnavox to develop and produce optoelectronic guns for the Magnavox Odyssey, which was released in 1972. Therefore, it can be concluded that the first Nintendo video game was a game developed for the Magnavox Odyssey, which utilized the light gun accessory developed by Nintendo. [1]",HAGRID,1,1,1,1,0.7354700714511601,-1
ood,HAGRID_abf41e38-d22c-4198-9ef8-0f08261063f7,"It was approved in 1987 and was one of the first therapies in its class to treat clinical depression by blocking the uptake of serotonin within the human brain. Prior to the discovery of SSRI drugs, older drugs like monoamine oxidase inhibitors (MAOIs) and tricyclic antidepressants (TCAs) were the first drugs to be developed for the treatment of depression in the early 1950s, but their use was limited due to their unfavorable adverse-effect profile and high potential for toxicity. [2]",HAGRID,1,1,1,1,0.7689929209370984,-1
ood,HAGRID_5e7d9a27-2ccd-42a4-8819-9080fd85fb45,"The first Nobel prize winner for economics was Jan Tinbergen and Ragnar Frisch, who were awarded the first Nobel Memorial Prize in Economic Sciences in 1969 [2, 4, 5].",HAGRID,1,1,1,1,0.7964348201096016,-1
ood,HAGRID_ee0b44fe-a893-4450-91d9-b84d1fdb0b32,"F.C.S. Schiller practiced philosophy that was very similar to pragmatism, which he referred to as ""humanism."" He strongly opposed both logical positivism and absolute idealism. Schiller's philosophy was aligned with the pragmatism of William James, and he saw himself as a scientific thinker. He also developed a method to blend naturalism and abstract metaphysics in his philosophy [1][3][4]",HAGRID,1,1,1,1,0.7995420060661785,-1
ood,HAGRID_64981dfd-f606-446b-9501-280df86d0c04,"Drake Hogestyn was born on September 29, 1953 and therefore is currently (as of 2021) 68 years old. [1]",HAGRID,1,1,1,1,0.7964808216959433,-1
ood,HAGRID_536ed087-199c-4124-b8d8-3a501e50a192,Melissa Benoist plays Supergirl in the TV series. She was announced to star as Supergirl in January 2015 and was later revealed to be the first actress looked at for the role [2].,HAGRID,1,1,1,1,0.8010326776902401,-1
ood,HAGRID_5fa35594-3019-49d2-a6de-31b3dfd7ed6f,"Polycyclic aromatic hydrocarbons (PAHs) are found in various sources such as oil, coal, and tar deposits, and are produced as byproducts of fuel burning (whether fossil fuel or biomass) [2].",HAGRID,1,1,1,1,0.7371087375090815,-1
ood,HAGRID_59c57efa-aa48-45ca-a733-1664a1cef81a,"Frontier Martial-Arts Wrestling was established on July 28, 1989 [1].",HAGRID,1,0,0,0,0.2871360944929821,-1
ood,HAGRID_2da2a12c-4a88-4885-8739-b7afa8ef35a3,"Yes, Carthage really had elephants in their army [1][2][5][6][7]. They used North African elephants, which were now extinct and probably a subspecies of the African forest elephant, and Indian elephants as shock troops. An army could field up to several hundred of these animals, but on most reported occasions, fewer than a hundred were deployed. The riders of these elephants were armed with a spike and hammer to kill the elephants, in case they charged toward their own army [1]. The elephants were ridden by specially trained riders, some of whom may have come from ancient India or Syria [5][6]. In battle, the elephants functioned as a psychological weapon, frightening the opposing men and horses into flight or creating gaps in the enemy line that could be exploited by Carthaginian cavalry and infantry [7]. There is also evidence that Carthaginian war elephants were furnished with turrets and howdahs in certain military contexts [2][7]",HAGRID,1,1,1,1,0.5106184624331711,-1
ood,HAGRID_a73a4036-9647-4653-8a20-c5b71b6eb0f0,"Based on the given contexts, the most watched news network is Fox News [1].",HAGRID,1,1,1,1,0.8030994539641916,-1
ood,HAGRID_3305809d-b2ba-4329-b875-16f6c33cf599,"Portugal has 23 ""comarcas"", and each of them has a single generic competence judicial court of first instance, which is divided into several specialized sections [5].",HAGRID,1,1,1,1,0.8029710431436964,-1
ood,HAGRID_e36f691a-96ba-4e66-ba2d-dacc5d19812a,"Yes, Alfie Moon is a character on EastEnders. He returned to the show on 21 September 2010 after leaving on 25 December 2005. [1]",HAGRID,1,1,1,1,0.8091891531956685,-1
ood,HAGRID_74175cbb-7dc3-47ad-928c-b28b00fcf12d,Modern day Egyptians speak Egyptian Arabic dialect which has become the modern speech of the country [2].,HAGRID,1,1,1,1,0.8069771585730822,-1
ood,HAGRID_a27aeeb2-d6e5-4a08-a460-ca6c914a3c13,The capitol of Maryland is Annapolis [2].,HAGRID,1,1,1,1,0.8092020144393626,-1
ood,HAGRID_34916d88-fbdf-456d-83e3-3ecb58ebb776,"Yes, Catalonia did trade with France but there was intermittent conflict between Spain and France during the reign of Spain's last Habsburg king, Charles II [1].",HAGRID,1,1,1,1,0.8079290634810334,-1
ood,HAGRID_9e1e19da-1126-4623-91b3-6b7c06a61bb4,"The chemical compound of salt is NaCl, which is an ionic compound made of sodium and chloride ions. [1][2][3]",HAGRID,1,1,1,1,0.7723432503781419,-1
ood,HAGRID_ac2367dd-7231-4d77-ad99-b9ce255876b4,"William O'Brien was married twice. His first marriage was to Elizabeth Rebecca Trotter in 1799, with whom he had four daughters [3]. It is not mentioned whether he remarried after his first wife's death. There is no information about his second marriage in the given contexts [1][2]",HAGRID,1,1,1,1,0.6828572597809718,-1
ood,HAGRID_47b10aa0-b5ca-4cbe-8e85-6aa35f43380a,"The invention of calculus is credited to both Isaac Newton and Gottfried Wilhelm Leibniz, but it was Leibniz who gave it the name ""calculus"" [1].",HAGRID,1,1,1,1,0.7920551761515633,-1
ood,HAGRID_086379ab-6d60-47d5-99c0-32531650500a,"Bison's arch-rival is the South Dakota State University Jackrabbits, with whom they compete annually for the Dakota Marker. [1]",HAGRID,1,0,0,0,0.46658032260145405,-1
ood,HAGRID_3b082ef4-fea3-4345-9789-96f926f42b05,". The casualties of support personnel recruited from outside Europe, which were not included previously, have been revised in recent research. Thus, comparing the casualty figures from different sources is not uniform and it cannot be considered comparable in all cases [7].",HAGRID,1,1,1,1,0.7985022408270642,-1
ood,HAGRID_abd0216f-581e-4b8d-a055-a38d3e462ff4,"Malthouse also coached Collingwood to the 2011 AFL Grand Final against Geelong Cats, which they lost by 38 points, and it was his final game as Collingwood coach. [2]",HAGRID,1,1,1,1,0.7520057855165646,-1
ood,HAGRID_47e0c98a-8a3e-4fd7-afbe-01087638ed7b,Lin Biao became a Marshal of the People's Republic of China in 1955 [1].,HAGRID,1,0,0,0,0.48670982375997174,-1
ood,HAGRID_f1fb0171-b0e7-4d26-a659-2d01dfc60d58,"If both the President and Vice President of the USA were to die at the same time, the statutory successor would become acting President and not the President. [2]",HAGRID,1,1,1,1,0.7958003638329211,-1
ood,HAGRID_650460d2-bee1-40df-92af-d2992b4fd0fd,The CEO of the WWE is Vincent Kennedy McMahon. [1],HAGRID,1,1,1,1,0.80184267623689,-1
ood,HAGRID_819d6ea1-956e-42aa-a814-06334ee8248b,"She once commanded over 300 traditional Chinese sailing ships (junks) that were manned by 20,000 to 40,000 pirates, including men, women and children [2].",HAGRID,1,1,1,1,0.7687225791496411,-1
ood,HAGRID_ffcfadfc-12d3-47ee-8992-fe3caa20f08f,"The Linnwood historical society is located in Guildford, which is in the Cumberland Council local government area of New South Wales, Australia [1].",HAGRID,1,1,1,1,0.8079886093569564,-1
ood,HAGRID_26178e08-a74d-4857-b039-0b5d7412cf98,"Archimedes derived the doubling formulae to compute the lower and upper bounds of the circumference of the circle for large ""n"". [2]",HAGRID,1,1,1,1,0.7995120608226889,-1
ood,HAGRID_08f121c4-d182-47cf-9e7a-c349254ec821,Most of the growth in Christianity has occurred in non-Western countries and the fastest-growing religion worldwide is the Pentecostalism movement according to a paper submitted to a meeting of the American Political Science Association [2].,HAGRID,1,1,1,1,0.6837563380821303,-1
ood,HAGRID_8deeca1c-16d9-4fb3-a562-d6638c7cb019,"Slavery was abolished in France's colonies in 1848 [1][2][3]. It was first abolished by the French Republic in 1794, but Napoleon later revoked that decree in 1802 [2][3]. France re-abolished slavery in her colonies in 1848 with a general and unconditional emancipation [2][3]",HAGRID,1,0,0,0,0.4506918229873761,-1
ood,HAGRID_5ba729c3-c917-42c4-a262-d8b69bfccdbb,"Jacques de Molay was probably born in Molay, Haute-Saône, in the County of Burgundy, modern-day Franche-Comté, northeastern France [1].",HAGRID,1,1,1,1,0.8065071241357903,-1
ood,HAGRID_fbcdae93-6afb-4159-9482-7abc2cb25b01,The Venetian Gondola Ride in Delhi-NCR is as unique as Grand Venice Mall [1].,HAGRID,1,1,1,1,0.7959208899037103,-1
ood,HAGRID_816f3a03-6304-4603-9dec-5f59d72d6eb3,"According to the given context, it is not specified what denomination St. Joseph's Church in Fall River belongs to. [1]",HAGRID,1,1,1,1,0.7919823756094341,-1
ood,HAGRID_90b5fdb8-72c2-42bf-aa35-4a99a45da16f,"In Germany, there is no general speed limit on many rural sections of the autobahns and freeway-style highways. However, on Austrian autobahns, a general speed limit of 130 km/h (81 mph)",HAGRID,1,0,0,0,0.2872361977081996,-1
ood,HAGRID_43686923-4c59-4614-a2ab-51cf61b11935,The security company G4S was founded in 1954 as The Wackenhut Corporation by George Wackenhut and three partners (all former FBI agents) [1].,HAGRID,1,1,1,1,0.7750892502207998,-1
ood,HAGRID_11ac255f-00a8-4441-b5f0-8ca3d7d97995,The Enlightenment spread to America in the 17th to 18th century. [2],HAGRID,1,0,1,0,0.47716306799761,-1
ood,HAGRID_1eb0031e-b2b1-416e-bbbe-219b70d6f769,"""Leave It to Beaver"" ran for six full 39-week seasons, which is equal to 234 episodes [1].",HAGRID,1,1,1,1,0.8084823656036745,-1
ood,HAGRID_24328819-896d-445a-8030-8ea5a727e24a,The Pacific Fur Company was headquartered in the Pacific Northwest. [2],HAGRID,1,1,1,1,0.8051501264167622,-1
ood,HAGRID_59f6c254-362f-476d-8d0a-beedb9a59d2d,The population of Thailand is about 63 million people. [1],HAGRID,1,1,1,1,0.8079765673081405,-1
ood,HAGRID_1fdd4e7f-b29e-4ee6-9ff4-ca9ec1758c32,The Australian Football League consists of 18 clubs [1][2],HAGRID,1,1,1,1,0.8076157620371593,-1
ood,HAGRID_bad1dd7f-c825-40a7-a36a-14f9f950f300,They represented 12 percent of all prisoners at Buchenwald concentration camp near Weimar in May 1938 and they accounted for 40 percent of all prisoners at Schloss Lichentenburg in May 1939 [1].,HAGRID,1,1,1,1,0.6374689059400545,-1
ood,HAGRID_344b6bb8-25e7-4e65-8ddf-97c0f3ea93d9,"The Battle of Vienna was won by the combined forces of the Holy Roman Empire and the Polish–Lithuanian Commonwealth, under the command of King John III Sobieski [1,2].",HAGRID,1,1,1,1,0.7878525313345711,-1
ood,HAGRID_0b73ee8a-50dc-451f-8f12-e25fe95fb5ce,Sophia Antonopoulou argues that Marxism did not fail as an alternative to the bourgeois theoretical and political paradigm because it did not succeed in the formulation of such an alternative paradigm [1].,HAGRID,1,1,1,1,0.7983313910589867,-1
ood,HAGRID_d6c1c19a-4698-4fb1-9898-8fa0fbf1d7e8,"George Boole invented Boolean logic. [1],",HAGRID,1,1,1,1,0.795926113719144,-1
ood,HAGRID_02709213-9d3e-4606-91a7-5dea2d6843a6,Reactive hypoglycemia is a term used to describe recurrent episodes of symptomatic hypoglycemia occurring within four hours after a high carbohydrate meal in people both with and without diabetes [1].,HAGRID,1,1,1,1,0.723080755914094,-1
ood,HAGRID_e56b99ce-a5d1-4fd7-a547-f7a9baad887d,"French Creole language is a contact language with native speakers for which French is the ""lexifier."" Creole languages are evolved versions of pidgin languages. French-based Creole languages are spoken natively by millions of people worldwide, making it a type of Creole [3].",HAGRID,1,0,1,0,0.40478009412499727,-1
ood,HAGRID_fdb4951c-ff71-4e77-9056-6709afe47961,"Additionally, there is no mention of Zeus being identified as a Titan in the given contexts. In fact, the Titans attempted to slay the infant Dionysus in the hopes of claiming the throne for themselves, which enraged Zeus [1].",HAGRID,1,1,1,1,0.7045616234559192,-1
ood,HAGRID_fd050bf0-cf99-47a3-a216-b2aca5be4b79,"Arabic is the official language of Egypt, which came to Egypt in the 7th century [2].",HAGRID,1,1,1,1,0.5723200392685129,-1
ood,HAGRID_c61754cc-4484-44d9-9967-c4842b420ed3,"The court directed them to recall and destroy all unsold copies of their Unreal Engine games [4, 6].",HAGRID,1,1,1,1,0.7889966220227311,-1
ood,HAGRID_3203d7a5-1b56-4add-83d0-de066eb000fe,"These species belong to only two families, Viperidae and Elapidae [3].",HAGRID,1,1,1,1,0.8000177833630717,-1
ood,HAGRID_9ea9a281-8460-4f26-b996-d81d714a9294,"The TV network on which ""Scooby-Doo"" first aired is CBS. The show premiered on September 13, 1969, as part of the CBS Saturday morning schedule [2].",HAGRID,1,1,1,1,0.7971690164352687,-1
ood,HAGRID_b1c35ab0-3df6-4885-8e2c-f006d321d02b,"However, the Catalan economy recovered, not only in Barcelona, but also along the Catalan coast and even in some inland areas due to the export of wine to England and the Dutch Republic [1].",HAGRID,1,1,1,1,0.768095780038956,-1
ood,HAGRID_0c62335c-b0cd-4df7-b28e-fb72a789fa21,"The Neolithic Age, on the other hand, was characterized by the use of stone tools. [2]",HAGRID,1,0,0,0,0.27400309867345696,0
ood,HAGRID_984566f9-b3bb-4c8f-b7bd-892d1d500681,"CoRoT was capable of detecting changes in brightness of about 1/10,000 and it discovered planets with a size of approximately 2 times that of the Earth, a class of planet called Super-Earth [1].",HAGRID,1,0,0,0,0.28847725418247766,-1
ood,HAGRID_7c49749b-accd-459d-b30d-445e2f04b19d,"The process of preparing a constitution started after India gained independence and the constitution was passed on November 26, 1949, and adopted on January 26, 1950, with a democratic government system [3].",HAGRID,1,1,1,1,0.7011669294245255,-1
ood,HAGRID_ba8422f9-2e9b-4cac-9b5d-893d28977a2c,"The separation of Christianity from Judaism was a gradual process as the church became more gentile and less Jewish, with the key difference being the faith in Christ as the messiah [3].",HAGRID,1,1,1,0,0.4776428606678184,-1
ood,HAGRID_19d2c703-5aa2-4acc-a860-39cd6ca2921c,Sun Yat-sen was the first president of the Republic of China [1].,HAGRID,1,1,1,1,0.7950132841366574,-1
ood,HAGRID_9bf8d78c-9c9e-4b74-b97e-625ffdfcdded,"it can be concluded that magnesium melts at 652 °C [1],",HAGRID,1,1,1,1,0.8052556314675693,-1
ood,HAGRID_20c1a0da-696d-46f0-96d0-fe17fcdeb7c9,. The Germans attacked on 21 May and were able to consolidate their objectives before the British could conduct counter-attacks powerful enough to recapture the ground [4].,HAGRID,1,0,0,0,0.41871142402293565,-1
ood,HAGRID_25a7351a-a7f8-4070-a7f5-ce3be99903ce,". Previously, Fengjia Night Market was said to be the largest but it is unclear if it still holds that title [4].",HAGRID,1,0,0,0,0.2809659538504052,-1
ood,HAGRID_118f2c3b-6908-4d99-8830-6af76f78af8b,"Jim Gordon first appeared in the first panel of ""Detective Comics"" #27 (May 1939), where he is referred to simply as Commissioner Gordon. [1]",HAGRID,1,1,1,1,0.7988761188734448,-1
ood,HAGRID_5d2bcd32-e923-4b31-8c8c-3c98e1da0218,"The official languages of Madagascar are Malagasy and French [1, 2, 3, 7, 10].",HAGRID,1,0,0,1,0.5130079217825871,-1
ood,HAGRID_84f14376-bb6d-4591-aef0-826c0fd2828f,"Based on the given context, as of July 2013, almost a third of Virginia's population was 2,775,354, including the exurban counties and independent city of Fredericksburg [1].",HAGRID,1,1,1,1,0.7987307186121573,-1
ood,HAGRID_488d9cd8-c80f-4797-aead-827e0eb1b369,"Takahiro Sakurai voiced Cloud in both ""Kingdom Hearts"" and ""Advent Children"" and felt greater pressure performing the role for ""Advent Children"" as a sequel to the highly popular ""Final Fantasy VII"" [5].",HAGRID,1,1,1,1,0.6679774285192145,-1
ood,HAGRID_2374a675-3e44-45d5-a5f7-1bfcbe23a4c6,"However, it is not mentioned explicitly about the number of venomous snake species found in North America in context [1]",HAGRID,1,1,1,1,0.8083821886244991,-1
ood,HAGRID_5c49b64a-9b35-4215-957d-460ca7711bf6,"Therefore, the population density of NYC is about 26,403 people per square mile (10,194/km²).",HAGRID,1,0,1,0,0.4291715377017776,-1
ood,HAGRID_a960bf6a-765e-4e7b-bd51-80b94bde419d,"The length of the episodes for telenovelas is usually between 30 and 45 minutes, and rarely more than an hour, except for final episodes [2].",HAGRID,1,1,1,1,0.8060047885954168,-1
ood,HAGRID_afd78a5a-7316-42f2-9216-0f8fbc04de1f,"The date of first discovery and first proof of the Pythagorean theorem is uncertain, as there is debate whether it was discovered once, or many times in many places. Evidence suggests that the Pythagorean theorem was ""well-known to the mathematicians of the Old Babylonian period"" (20th to 16th centuries BC),",HAGRID,1,0,0,0,0.3119124193078099,-1
ood,HAGRID_7cc1a651-0bb7-4944-a30e-54343a43cee9,Humans are considered omnivores as they consume both plant and animal sources [1].,HAGRID,1,0,0,0,0.4750831102955309,-1
ood,HAGRID_830e84b5-0fa4-49c2-9bb4-93edbf7c06e2,"The Ukrainization policy was first implemented in the Ukraine on July 27, 1923, through the All-Ukrainian Sovnarkom's decree ""On implementation of the Ukrainization of the educational and cultural institutions."" This decree was followed by another one on August 1, which mandated the implementation of the Ukrainian language to all levels of state institutions [1].",HAGRID,1,1,1,1,0.7389355558957654,-1
ood,HAGRID_4c7fbdb9-d1dc-4ff0-976c-4bea0dba31a1,"Yes, ""Monster"" placed fifth in a 2009 poll by Oricon on which manga series the Japanese people want to see adapted into live-action. [1]",HAGRID,1,1,1,1,0.7974602106916914,-1
ood,HAGRID_3114006a-355e-4453-8146-9254208ca2f8,"The eon before Phanerozoic Eon was the Precambrian eon [1,2].",HAGRID,1,1,1,1,0.8002813201272703,-1
ood,HAGRID_bd3be55a-1e70-4662-bf98-55fea32f3098,"In addition, telenovelas feature a faster-paced, more concise style of melodrama compared to a typical soap opera since there is a planned run for telenovelas [2].",HAGRID,1,1,1,1,0.8083551135649105,-1
ood,HAGRID_35ca3259-e25c-46ed-8056-17ef1b70580b,Airsoft guns shoot solid round plastic pellets [1].,HAGRID,1,1,1,1,0.8094004637840778,-1
ood,HAGRID_edc8e630-12d5-4b30-a195-e7f59c922686,"The high reflectance throughout the visible spectrum is exhibited by the dense deep tropospheric clouds, and sunlight cannot penetrate far into the cloud before it is reflected out, giving the cloud its characteristic white color, especially when viewed from the top [2].",HAGRID,1,0,1,0,0.42451455713278896,-1
ood,HAGRID_272c1ea8-3ead-4159-bef4-8dff8e07b268,"Takeo Fukuda became prime minister of Japan on December 24, 1976 [1].",HAGRID,1,1,1,1,0.7077669143919597,-1
ood,HAGRID_f6cf22f7-c4f2-4d0c-9533-d5bb9888bd1f,Modern day Egyptians speak Egyptian Arabic which has become the modern speech of the country [2].,HAGRID,1,1,1,1,0.8086811227554292,-1
ood,HAGRID_028eec40-481d-4945-9714-017b587331c3,". However, the Rams have moved out of the Anaheim stadium and currently has the Los Angeles Memorial Coliseum as their temporary home stadium until the completion of Los Angeles Stadium at Hollywood Park in Inglewood. The Coliseum has a seating capacity of 93,607 for USC football and Rams games [4],",HAGRID,1,0,0,1,0.5240422293758249,-1
ood,HAGRID_d866fd94-2ff7-4e44-bfcc-06bb1ac685b8,"The West Memphis Three were tried and convicted in West Memphis, Arkansas. [1][2][3]",HAGRID,1,1,1,1,0.8087266036722685,-1
ood,HAGRID_ae7db9c3-2ef3-4c24-8527-573e121a3e2b,"Norman Gimbel and Charles Fox wrote the song ""Happy Days"" [1][2]",HAGRID,1,1,1,1,0.7430008886216392,-1
ood,HAGRID_34a28482-4053-4511-ac7d-d46788d7d470,"Based on the provided contexts, it is difficult to give a precise number of state parks throughout the United States. However, according to the National Association of State Park Directors (NASPD), there were around 10,234 state park units [1]",HAGRID,1,1,1,1,0.8084884889712846,-1
ood,HAGRID_b06579e9-45a7-4bc8-b4a8-d3197c1fc312,"Yes, Alex Fletcher is married to the actor Neil Davies and they have a daughter named Yasmin born in 2005 and a son named Hanson born in 2016 [1].",HAGRID,1,1,1,1,0.7982138862128364,-1
ood,HAGRID_c96ed500-e244-433f-a2fe-47503162d5d9,"It is the fifth-largest continent, nearly twice the size of Australia. [2]",HAGRID,1,1,1,1,0.7955337004187972,-1
ood,HAGRID_deb9a26d-b725-458b-ad4e-9d5c8c32657a,"Fire-cured tobacco is also grown in northern middle Tennessee, western Kentucky, and Virginia and is used in chewing tobacco, moist snuff, and some cigarettes, as well as in pipe tobacco blends [3].",HAGRID,1,1,1,1,0.6910483492564401,-1
ood,HAGRID_e8fe23fb-615f-442f-9f3a-c6309fda01d2,"Marxism-Leninism was instated in the Soviet Union after the death of Lenin, when Stalin established universal ideological orthodoxy in the Communist Party, the USSR, and the Communist International, with his coined term ""Marxism-Leninism."" [3]",HAGRID,1,1,1,1,0.7210086180791673,-1
ood,HAGRID_3c5801d3-f6a6-4146-8f35-f47f17414d16,"Based on the given contexts, asbestos is made of long fibres that are mixed with other materials like cement or clay to make various products such as fibre-cement objects and comb ceramic ware. [1][2]",HAGRID,1,1,1,1,0.7992466878215883,-1
ood,HAGRID_651afe7e-075f-4d4e-a92b-b584dd7ec8b5,"Based on the given contexts, soybean is grown commercially in many countries, but the USA, Brazil, and Argentina account for the largest production. In 2014, genetically modified soybeans were planted in 11 countries, and the USA, Brazil, and Argentina accounted for 90% of total hectarage [1].",HAGRID,1,1,1,1,0.7305719982169899,-1
ood,HAGRID_ef1d64ee-577b-4c31-b2cb-1f78c3da7b5b,"The British Admiralty's headquarters is located in the largest of the Admiralty Buildings, which is a red brick building with white stone, detailing in the Queen Anne style with French influences. It has been used by various government departments including the Foreign and Commonwealth Office until 2016, and currently, the Department for Education was planned to move into the building by autumn 2018. [2]",HAGRID,1,0,1,0,0.41038662519061986,-1
ood,HAGRID_1c025128-7b12-4cdc-9f59-ef7cab13f4bb,"The Hundred Years' War began in 1337 [2, 4].",HAGRID,1,1,1,1,0.5022093833540316,-1
ood,HAGRID_5b9ec782-cf3c-4ae7-822d-944d099e8a0e,The zebra mussels are originally from southern Russia and Ukraine [3].,HAGRID,1,1,1,1,0.8071354302782479,-1
ood,HAGRID_ea21f65e-ade9-45bd-b6f5-676e0e4004ba,"Menopausal symptoms can be induced by changes in hormonal patterns during the early and late transition periods, also known as perimenopause and postmenopause [2].",HAGRID,1,1,1,1,0.7920570852983416,-1
ood,HAGRID_afded70a-f141-4545-93cd-3a2d2e514530,"The Slavija Square is located in Belgrade, at the intersection of Kralja Milana, Beogradska, Makenzijeva, Svetosavska, Bulevar oslobođenja, Deligradska and Nemanjina streets. [1]",HAGRID,1,1,1,1,0.7905735441669257,-1
ood,HAGRID_5ab99817-b8f5-4be0-9a6e-d3fcb62f817c,"During the Polish-Bolshevik War in 1920, the Polish Ministry of Interior decided to nationalize the unit of Warsaw Fire Guards [2].",HAGRID,1,1,1,1,0.5799698456862287,-1
ood,HAGRID_9080f963-efa1-4692-80fb-0280e15f07a5,"On the other hand, his brother Pleasant H. Hanes founded the P.H. Hanes Knitting Company [1 and 3].",HAGRID,1,0,0,0,0.28665823392306516,-1
ood,HAGRID_8ade300b-bb0d-4572-be36-e6d4050b1d4b,"Wrestling first showed up in the Olympics in 1896, when Greco-Roman wrestling was introduced as an Olympic discipline [1][2][3]",HAGRID,1,0,1,1,0.566353946126101,-1
ood,HAGRID_bc1d41e9-fe74-49e8-9097-7ca538ef6125,. France was ready to commit to war against the German Empire as it was allied with Russia [3].,HAGRID,1,1,1,1,0.8077145500117143,-1
ood,HAGRID_1c2c0643-e6a3-4515-b320-bcac67bf5a0f,It accounts for 88% of the Earth's geologic time [2].,HAGRID,1,1,1,1,0.7923045471935118,-1
ood,HAGRID_64a0a8e0-11a2-4d43-991e-fb7c14a554cd,on the Autobahn 1 freeway. [1][2],HAGRID,1,1,1,1,0.7969710114704269,-1
ood,HAGRID_1d6efa0c-8ba4-42a8-b195-3c3d12d08056,"The bystander effect is caused by the diffusion of responsibility, a phenomenon where each individual in a group of bystanders feels less responsibility to intervene in a situation knowing that someone else could do it, resulting in no one actually helping (contexts 1 and 2). Factors like ambiguity, group cohesiveness, and mutual denial of a situation's severity contribute to this phenomenon (context 2). Reference: [1],",HAGRID,1,1,1,1,0.7887397558051918,-1
ood,HAGRID_c37fa86a-8e12-4455-88bc-ee0621d273eb,"The town of Islip, NY is governed by a Town Supervisor rather than a Mayor. The current supervisor is Angie Carpenter, a Republican, who took office in 2015 after being elected Suffolk County Treasurer. [1]",HAGRID,1,0,0,0,0.2811758866195082,-1
ood,HAGRID_d7b37f30-b978-4734-9a05-5725bd90c483,"Malagasy is the national language of Madagascar [4, 5, 7]",HAGRID,1,1,1,1,0.8007450280435965,-1
ood,HAGRID_46e3b4a1-e27c-4132-9bea-6aec86a86efe,"Tobacco was grown in the middle and western parts of Tennessee prior to the American Civil War, mainly in hilly, fertile tobacco-growing regions [1, 4].",HAGRID,1,0,0,0,0.42527752054993595,-1
ood,HAGRID_a62fa13d-b977-402d-89af-dcc109da7192,The normal gestation period for a dog is 63 days [1][2],HAGRID,1,1,1,1,0.8088090354646685,-1
ood,HAGRID_ac7ef756-4d22-40cb-b48c-9f0ca1124fc4,"No, it is not necessary to go to a four-year university to become a pharmacy tech. The requirements for becoming a pharmacy technician vary depending on the state within the United States. Some states may require certification from board-approved schools or passing a national exam such as PTCE or ExCpT [2].",HAGRID,1,1,1,1,0.8039921912102737,-1
ood,HAGRID_63b8fbc8-b90a-473a-92a4-9dd6c5409681,"Yes, Hepatitis B is contagious. It is a virus that affects the liver and can cause acute or chronic illness. The younger a person is when they become infected, the greater their chance of developing chronic Hepatitis B. However, the Hepatitis B vaccine has been introduced as a routine vaccination in children since 1990, and it has been successful in reducing rates of acute Hepatitis B in the United States by 82%. [1]",HAGRID,1,1,1,1,0.7811592931013815,-1
ood,HAGRID_45c97d6d-cee4-4c99-a207-96c6b9a105eb,Mar Yohannan VIII Hormizd was born in 1760 in Alqosh. [1],HAGRID,1,1,1,1,0.7687078096082137,-1
ood,HAGRID_7cd27556-b642-445f-824b-a8347acdd864,"The House elects its speaker at the beginning of a new Congress or when a speaker dies, resigns or is removed from the position intra-term [2, 3, 4].",HAGRID,1,0,0,0,0.3048608235711741,-1
ood,HAGRID_ba617c28-1090-4304-a97a-74e2b87cd170,"However, Peak lumens is a measure of light output normally used with CRT video projectors [3].",HAGRID,1,1,1,1,0.5231577189503842,-1
ood,HAGRID_73a6ee70-179f-4e78-9791-383b91023c18,The magnetic field is generated by electric currents due to the motion of convection currents of molten iron in the Earth's outer core driven by heat escaping from the core [1].,HAGRID,1,1,1,1,0.611727375265797,-1
ood,HAGRID_b47b4134-80e5-4c41-8aa2-49fcea74132f,"The voting day is on a Tuesday because it was chosen by Congress in 1845 as the earliest day that was practical for polling. It allowed voters to worship on Sunday, travel to the county seat on Monday, and vote on Tuesday, all before market day, Wednesday. [2][3][5] Initially, Congress set the day for choosing presidential electors on ""the first Tuesday in November,"" in years divisible by four. But as this date scheme did not always align with the requirements of the already-existing Electoral College law, the bill was reworded to move the date for choosing presidential electors to the Tuesday after the first Monday in November, which is still in use today. [1] While efforts have been made to move the election day to weekends or make it a public holiday [2][6]",HAGRID,1,0,0,0,0.2822249327406573,-1
ood,HAGRID_3a3dd5c2-36c7-43ff-900b-ac4d2db11b59,"In comparison to the UK, it affected about 100 times more people than the anticipated UK equivalent blackout. [1]",HAGRID,1,1,1,1,0.770671228430367,-1
ood,HAGRID_441321c2-7680-4e45-b77a-f3689ebc649b,"The Hundred Years' War began in 1337 [2,4,5].",HAGRID,1,1,1,1,0.5008940746606713,-1
ood,HAGRID_ffacde8c-07da-4f57-ba81-25fe04119e05,The first TV network to air Scooby-Doo was CBS [1][2],HAGRID,1,1,1,1,0.7955682465505993,-1
ood,HAGRID_9e73e9aa-adab-4151-8b5d-ab3414d6043c,They defeated the Virginia Tech Hokies with a score of 46-29 [2].,HAGRID,1,1,1,1,0.5686332287594643,-1
ood,HAGRID_602864d8-39b1-4b6d-a547-d3a597314f25,The British Special Air Service (SAS) was established in July 1941 [2].,HAGRID,1,1,1,1,0.7925219888553728,-1
ood,HAGRID_19eaa972-0d44-466c-bd74-4dee03becc75,Lieutenant Colonel Sir Michael Frederick Bruxner was born on 25 March 1882. [1],HAGRID,1,1,1,1,0.8079778191438353,-1
ood,HAGRID_d3aee2bf-0d53-4781-83ae-e6d3593af48b,The longest highway in Georgia is State Route 11 (SR 11) [2].,HAGRID,1,1,1,1,0.7910495865299276,-1
ood,HAGRID_f69c0e6d-9df2-41f1-b372-0038c97b659c,The franchise extends to all citizens aged 16 and over [4],HAGRID,1,1,1,1,0.6043702156366596,-1
ood,HAGRID_1dfca18c-fd72-4fa2-98f5-5fca25cac0fc,Syracuse was founded by Greek colonists in 734 or 733 BC. [1][2],HAGRID,1,1,1,1,0.7987984698285092,-1
ood,HAGRID_abfb4c68-2916-44d9-b9bd-a7c3dd969ee3,Reid Bigland was the CEO of Ram Trucks brand before Robert Hegbloom took over [1].,HAGRID,1,1,1,1,0.6911392778047919,-1
ood,HAGRID_120d5dff-e44b-4934-a59a-68ae6c42e86d,"Melissa Gaboriau Auf der Maur was born in Montreal, Quebec, Canada. [1]",HAGRID,1,0,0,0,0.45253064230973616,-1
ood,HAGRID_9d6f7247-393e-4045-aedf-2443f4cb8676,". Chestnut barrels were traditionally used in some regions, but oak barrels have become more common [5].",HAGRID,1,1,1,1,0.8091858544343286,-1
ood,HAGRID_069f280d-c26d-4287-a2c4-a63d6bc4faaf,"He has worked and held academic positions at various universities and research institutes in the United States and Australia [1, 2].",HAGRID,1,1,1,1,0.7876756799577945,-1
ood,HAGRID_c3b910db-d963-439b-b05e-74c9f5bd3e0a,"Based on the given context, the population of Letterkenny is 19,274. [1]",HAGRID,1,1,1,1,0.8042278868364094,-1
ood,HAGRID_983486c5-b7f7-462c-90bf-52f0cda06363,"The show debuted on CBS on October 4, 1957, and then moved to ABC for the following seasons until completing its run on June 20, 1963 [1].",HAGRID,1,1,1,1,0.7984467964779174,-1
ood,HAGRID_2266b2d9-2664-4cc6-b658-8673d7e1e3b3,"In Basque country, Spain, natural cider must have an alcohol content of over 4.5% [6].",HAGRID,1,1,1,1,0.7628000156789759,-1
ood,HAGRID_1f68cb99-83f4-4b97-bcc5-d062975e1307,"Yes, lungfish are freshwater fish [1][2][3]",HAGRID,1,1,1,1,0.8093652227125804,-1
ood,HAGRID_737f1158-f7e3-4f25-a776-242cb0579607,"During the Franco years, Roman Catholicism was the only religion to have legal status [2].",HAGRID,1,1,1,1,0.8067108610741895,-1
ood,HAGRID_491fad14-8b48-4fbc-8dec-dcbb14a17d16,"In Portugal, the Junta was a pre-planned part of the programme of the ""Movimento das Forças Armadas"" (Movement of the Armed Forces; MFA), which aimed to exercise political power before the formation of a civilian government [5].",HAGRID,1,0,0,0,0.3831224125421889,-1
ood,HAGRID_a0f2c987-69d2-4ccf-a8f6-90093ec0a649,"During World War II, Warsaw suffered heavily, with the Germans destroying 80-90% of the city's buildings and deliberately demolishing, burning, or stealing an immense part of its cultural heritage [1].",HAGRID,1,0,0,0,0.3998564189277072,-1
ood,HAGRID_56528e55-6370-467b-9a1d-1c332560dc3a,It is an autoimmune disorder in which the thyroid gland is infiltrated by the lymphocytes B-cell and T-cells. These cells progressively destroy the thyroid gland. [2],HAGRID,1,1,1,1,0.5860416336728523,-1
ood,HAGRID_9c8f92d2-e3c0-491f-b6dc-829914228786,". During the Franco regime, Roman Catholicism was the only religion to have legal status and Catholic religious instruction was mandatory, even in public schools [2].",HAGRID,1,1,1,1,0.8037685951929397,-1
ood,HAGRID_58220efe-f5e9-47a6-adfc-9f5b7ec56361,"It is younger than Watson Brake, an ancient earthwork mound complex in Louisiana, which is dated back to approximately 3500 BCE, making it older than the Egyptian pyramids [1].",HAGRID,1,1,1,1,0.6209586777755248,-1
ood,HAGRID_996213a1-71a1-4dbc-8ed2-784025218bd0,They have been observed to invade buildings [4],HAGRID,1,0,0,0,0.30119356888617416,-1
ood,HAGRID_80708f0b-0edb-498a-907f-bd419025df70,"Additionally, in some countries, students could attend a college or vocational school of pharmacy followed by practice to enter a university of pharmacy or the pharmacy department of a university of medicine and pharmacy, where they could earn a 3-year or 4-year bachelor's degree equivalent to a 5-year bachelor's degree [1].",HAGRID,1,1,1,1,0.6485170002378174,-1
ood,HAGRID_bdd2e64a-78ab-48d2-9d27-bac57676510e,"Reactive hypoglycemia is a condition where a person experiences recurrent episodes of symptomatic hypoglycemia within four hours after a high carbohydrate meal, both in people with and without diabetes. It requires an evaluation to determine the cause of the hypoglycemia. Symptoms of reactive hypoglycemia include a crash that is usually felt within four hours or less of heavy carbohydrate consumption. [1][2]",HAGRID,1,1,1,1,0.7872417982227297,-1
ood,HAGRID_a49dcf02-43d7-40c1-a264-dc9531a5bad1,Tuscany is located in central Italy [1].,HAGRID,1,1,1,1,0.8022943174265044,-1
ood,HAGRID_e06e0884-cbd0-4af5-967f-d9e78ca9ce8d,"However, in 1947, the monarchy was abolished, and Romania became a People's Republic [2].",HAGRID,1,0,0,0,0.48604553212310764,-1
ood,HAGRID_b092cc33-e950-4847-835e-4932fc4e82fe,The first inhabitants of New Zealand settled sometime between AD 1280-1320 [1].,HAGRID,1,1,1,1,0.8070176206903253,-1
ood,HAGRID_a516f39c-2d16-4f20-9c96-50192b37acfa,"In total, approximately 110,000 Japanese Americans were interned in many different camps and sites across the country. [4]",HAGRID,1,1,1,1,0.774418724008753,-1
ood,HAGRID_b9c60b10-91ff-4b76-8a48-fd2107276dd4,"An Umayyad caliph refers to the rulers of the Umayyad caliphate, which was the second of the four major caliphates established after the death of Muhammad. Muawiyah I, governor of Syria, became the first Umayyad caliph after the end of the First Muslim Civil War in 661, and the Umayyad dynasty established dynastic, hereditary rule [2].",HAGRID,1,1,1,1,0.7777041895674707,-1
ood,HAGRID_8bd14468-ba66-4e3e-8fb8-5525c2e4863f,"The Royal Australian Air Force began on March 31, 1921. [1][2][6][7]",HAGRID,1,0,0,0,0.49168148682056767,-1
ood,HAGRID_5b81201b-43d9-4297-becd-554c0b84bb9d,"The term ""guerrilla"" is used because it refers to irregular warfare tactics employed by small, mobile groups of fighters who aim to weaken a larger, more-cumbersome opponent by attrition, eventually forcing them to withdraw. This type of warfare seeks to win popular support and political influence, and is often waged in difficult terrain with a sympathetic populace [1, 2].",HAGRID,1,1,1,1,0.7841117934653588,-1
ood,HAGRID_1a98d968-78ab-4b53-bfc6-508af9fbd00b,The most common gastrointestinal disorder in the U.S. is gastroesophageal reflux disease [1].,HAGRID,1,1,1,0,0.4923445960244814,-1
ood,HAGRID_475c657a-f0e8-411a-af99-f9866e586e10,"Feijoada is a hearty stew that is made with black beans and salted pork or beef products, such as pork trimmings, bacon, smoked pork ribs, and smoked sausage and jerked beef. Vegetables like cabbage, kale, potatoes, carrots, okra, pumpkin, chayote, and banana are frequently added in some regions [3].",HAGRID,1,0,0,0,0.2983616613238197,-1
ood,HAGRID_66a75349-92dc-4a85-8994-0de157d42f4f,"He also saw himself as radically scientific and gave his philosophy a number of labels during his career including ""Pragmatism"" and particularly ""Humanism"". [3]",HAGRID,1,1,1,1,0.6320364990526134,-1
ood,HAGRID_8bb44c5d-612e-4c24-be5c-346b2652eb12,"Arya learned to be an assassin in the House of Black and White by training under the Faceless Men [1, 2, 4].",HAGRID,1,0,0,0,0.42774213066791184,-1
ood,HAGRID_f35a9fe3-0ad3-437f-9327-64d28a48b7c9,"following the merger of several other boards including the Scarborough Board of Education [1,4].",HAGRID,1,1,1,1,0.7906776489471612,-1
ood,HAGRID_b67972ab-ca35-4921-94f6-3f317345ada3,"The first unmanned spaceflight was the Soviet Union's Sputnik 1, launched on October 4, 1957, as mentioned in [4].",HAGRID,1,1,1,1,0.7954295367189596,-1
ood,HAGRID_e0391f32-1985-447e-b446-7f8dd38ff4b5,"Based on the given contexts, the Kodiak bear is not considered an endangered species according to the International Union for Conservation of Nature Red List [1].",HAGRID,1,1,1,1,0.7734545594123178,-1
ood,HAGRID_339eb171-d866-4aa6-a31b-f805c1269fe3,"Digestive enzymes are found in the digestive tracts of animals, including humans, as well as in the saliva secreted by the salivary glands, in the secretions of cells lining the stomach, pancreas, and small intestine, and inside cells, especially in their lysosomes. [1]",HAGRID,1,0,0,0,0.39591852819741336,-1
ood,HAGRID_2b8a0bf6-74a7-47b9-ad09-698131d682d5,The capital of Ecuador is Quito. [3],HAGRID,1,1,1,1,0.8076984881231682,-1
ood,HAGRID_7ff9294e-328a-4425-8a2e-592e85997318,"The Smilodon lived during the Pleistocene epoch, which was from 2.5 mya to 10,000 years ago. [1][2]",HAGRID,1,0,0,0,0.2866748377766949,-1
ood,HAGRID_3617dd8d-6c1a-4dbb-8cab-7dd9cd7f55be,"NASA was formed on July 29, 1958 [1][2][3][4][7]",HAGRID,1,1,1,1,0.7828203000409095,-1
ood,HAGRID_5a710ed1-351c-46fa-a41a-cd6ef77bb3d3,"Yes, a needlestick injury can be fatal. While needlestick injuries generally cause only minor visible trauma or bleeding, they have the potential to transmit bacteria, viruses, and prions [4]. Needlestick injuries are a common event in the healthcare environment [1], which can facilitate the transmission of blood-borne diseases like hepatitis B, hepatitis C, and HIV [4]. Injuries also commonly occur during needle recapping or via improper disposal of devices into an overfilled or poorly located sharps container. Lack of access to appropriate personal protective equipment or employee failure to use provided equipment also increases the risk of these injuries [1]. Needlestick injuries could result in mild to severe reactions, including possible hospitalization and even death, especially when it comes to agriculture workers and veterinarians [3]. Injuries in children from discarded needles in community settings are also concerning as they can result in infections and even death [2][3]",HAGRID,1,0,0,0,0.28767113103565484,-1
ood,HAGRID_f1cc3887-dafb-4be8-a9a6-8302d0c0cbf8,"The wafer at communion is a type of unleavened bread consumed as part of the Christian ritual of communion. It is also known as a small piece of sacramental bread from wheat bread that is blessed and then eaten during the Eucharist by various denominations of Christians [1, 2].",HAGRID,1,1,1,1,0.5678108930016148,-1
ood,HAGRID_5a05eee6-8dc8-42a6-a6c1-9aa313930ffe,"Based on the given context, 37 men were killed during The Battle of Kyongju by the US 3rd Battalion, 19th Infantry [1].",HAGRID,1,1,1,1,0.793153729640113,-1
ood,HAGRID_018740bb-4995-4770-968b-030290ff7cab,"Furthermore, the project was then further developed by Luis von Ahn again in collaboration with Severin Hacker, Antonio Navas, Vicki Cheung, Marcel Uekermann, Brendan Meeder, Hector Villafuerte, and Jose Fuentes from Carnegie Mellon University [3].",HAGRID,1,0,0,0,0.3294131118279399,-1
ood,HAGRID_47e18f4d-cf9c-43ee-8e57-4a510a075467,"There are around 650 surviving original Stradivarius instruments, including 450 to 512 violins [1][3]",HAGRID,1,1,1,1,0.7959226804099526,-1
ood,HAGRID_77bbd8e2-449a-4591-8302-8e53fc795e0a,"The longest highway in Georgia is State Route 11 (SR 11), which travels the entire length of the state from south to north, connecting the Florida state line with the North Carolina state line. [2] Although, I-75 is the longest Interstate Highway within Georgia, it is not the longest highway in Georgia. [1][2]",HAGRID,1,1,1,1,0.7480929749509959,-1
ood,HAGRID_6115a075-4bf0-46fc-afe7-0a808fe7c2fb,"Zylom Studios was founded in Eindhoven, the Netherlands in 2001. [1]",HAGRID,1,0,1,0,0.4713480887493939,-1
ood,HAGRID_6cb63658-6c21-40cc-8814-526787e58ea0,"Cantonese became the dominant spoken language in Hong Kong after a large number of merchants and workers came to Hong Kong from Canton, the main center of Cantonese, after the British acquired Hong Kong Island, Kowloon Peninsula, and the New Territories from the Qing between 1841 and 1898. [3, 5]",HAGRID,1,1,1,1,0.773893489657776,-1
ood,HAGRID_340cd801-cdc8-4685-abaa-5c952ddfd0c0,"Based on the given context, there is no information about when Bangkok city was founded. [1]",HAGRID,1,1,1,1,0.6370162364701426,-1
ood,HAGRID_061f23e9-7910-4221-8b22-2021c6d985b3,"G4S employs over 570,000 people [1].",HAGRID,1,1,1,1,0.7987546499474335,-1
ood,HAGRID_24f8d5bc-36b8-488f-a19b-b4f1f31f5f37,"Based on the given context, the most common gastrointestinal disorder in the U.S. is gastroesophageal reflux disease (GERD) [1].",HAGRID,1,1,1,1,0.6866474137763717,-1
ood,HAGRID_4e909efb-7271-4fc6-9375-cd93d767f11d,It is done by making adjustments or changes to the game mechanics. Reference: [1],HAGRID,1,1,1,1,0.6857225322202755,-1
ood,HAGRID_dc395219-a46c-4ce3-80cf-cb7f79390ce5,"The Second Sino-Japanese War, which China lost to Japan, can be traced to the First Sino-Japanese War. [3]",HAGRID,1,1,1,1,0.8077111788649224,-1
ood,HAGRID_b75f662f-555f-4b78-97a5-8533705dca27,about a male prostitute who fights against white oppression and spanned a new type of film genre that evolved all the way to what is now the urban blaxploitation horror films of the 21st century [1].,HAGRID,1,1,1,1,0.8059220777689982,-1
ood,HAGRID_ad0e91ae-4d9d-46a5-95ec-bb6382b3c38c,It became the capital of Ohio because it was located near the geographic center of the state [2].,HAGRID,1,1,1,1,0.5869209979610978,-1
ood,HAGRID_daa9eaa5-0221-4c34-8fad-ee0bf02e23f1,"Initially, Hansika Motwani was rumored to be the second female lead in the film, but it was later confirmed that Amala Paul was selected for the role [1].",HAGRID,1,1,1,1,0.7885411054882758,-1
ood,HAGRID_e0c71ef9-e8b3-413d-a908-98d870f0117a,"There are 20 species of venomous snakes that live in North America [3, 6].",HAGRID,1,1,1,1,0.8027839579687819,-1
ood,HAGRID_f9e5b2d4-da12-4bdc-bdf2-594e4e69216f,"Additionally, Rotuma is located north of the group, from Suva, 12° 30′ south of the equator [1].",HAGRID,1,1,1,1,0.7864807583456375,-1
ood,HAGRID_772e7058-89be-43fd-877f-0a3c2b31ee32,"It's important to note that there is another person named Louis Lombardo mentioned in context [2],",HAGRID,1,1,1,1,0.7765868266082282,-1
ood,HAGRID_4b9ffbdf-26c2-414a-8bdd-58e4f13e2f02,"Based on the given context, a human normally has 24 vertebrae [1].",HAGRID,1,1,1,1,0.7491415788248504,-1
ood,HAGRID_5e9e439c-dede-4910-9977-3ab389e822ff,The Circuit de Barcelona-Catalunya was built in 1991 and began hosting the Spanish Grand Prix in the same year. [1],HAGRID,1,1,1,1,0.7996913907543202,-1
ood,HAGRID_a2cafd4e-ef21-4a87-a3fa-4a13d22563e0,"It leaned at an angle of 5.5 degrees in 1990, but following remedial work between 1993 and 2001 this was reduced to 3.97 degrees, reducing the overhang by 45 cm at a cost of £200m. It lost a further 4 cm of tilt in the two decades to 2018 [2].",HAGRID,1,1,1,1,0.6239082032751211,-1
ood,HAGRID_5cd668b7-af00-45b7-8d76-03bea447bf6f,"The identification of diabetes as a medical condition can be attributed to different people in different contexts [1, 2, 3].",HAGRID,1,1,1,1,0.801308616627883,-1
ood,HAGRID_09e4c522-5cb3-49fe-ab9b-23f46e0f9967,"Days of Our Lives has been on since November 8, 1965 [1,2].",HAGRID,1,1,1,1,0.8028242028402656,-1
ood,HAGRID_5fedee19-60f0-42d4-8125-c3dc6491ef10,NASA stands for the National Aeronautics and Space Administration [1].,HAGRID,1,1,1,1,0.7907832761958012,-1
ood,HAGRID_e784a94d-4d55-480a-98e9-fddb8f680031,"The first film directed by Penelope Spheeris was ""The Decline of Western Civilization"" in 1981, a documentary film that covers the punk rock culture of Los Angeles. [1][2]",HAGRID,1,1,1,1,0.6545399416621658,-1
ood,HAGRID_d2c76f55-389c-4dca-8269-15bb09d7f3a3,"Gabrielle Bonheur ""Coco"" Chanel founded the Chanel brand in 1909 [1].",HAGRID,1,1,1,1,0.7622899098272615,-1
ood,HAGRID_c69bb7eb-6572-4741-9fa7-1f257b96b370,"The first Harry Potter movie, ""Harry Potter and the Philosopher's Stone"" was released on 16 November 2001 [1][2][3]",HAGRID,1,0,1,1,0.6975001018926971,-1
ood,HAGRID_4b2d9679-98e8-4f29-b1bc-ebae71f72502,The Amblyodipsas genus of snakes found in Africa is considered harmless and should not be confused with the venomous snakes found in North America [2].,HAGRID,1,1,1,1,0.7971642389546367,-1
ood,HAGRID_bc2c64d2-482e-4420-9115-180dbcafdf45,"Jonathan Swift was born in Dublin, Ireland according to [1].",HAGRID,1,1,1,1,0.806527641714611,-1
ood,HAGRID_8b2f583c-3c50-4e5c-8592-70073785a0af,"However, the first genetically modified crop plant to receive approval for commercial release was the virus-resistant tobacco introduced by China in 1992 [2].",HAGRID,1,1,1,1,0.7883115603779683,-1
ood,HAGRID_77b1fe1a-5551-434c-99a1-12109b69da84,"Bison's arch-rival is the South Dakota State University Jackrabbits [1, 2].",HAGRID,1,1,1,1,0.7675206633303961,-1
ood,HAGRID_ead1fe68-e028-47b0-b074-097f6b0a7d4b,"Before the Bronze Age, there was the Copper Age followed by the Neolithic Age. [1][2]",HAGRID,1,0,0,1,0.5091271503497281,-1
ood,HAGRID_7e5d5a96-9227-4c40-8449-f12a422e2cc8,"CBS Sunday Morning first aired on January 28, 1979. [1]",HAGRID,1,1,1,1,0.807836710449021,-1
ood,HAGRID_6dfda399-ce6f-4599-9859-6a777e8e7541,"However, as the total number of prisoners increased rapidly, the proportion of Witnesses generally fell to about 3 percent [1].",HAGRID,1,0,0,0,0.30009542681869855,-1
ood,HAGRID_8316dead-ab44-49a8-bed8-9b92555a1493,"Her gross tonnage was 18,915, which was only surpassed by the RMS Celtic in 1901 [1].",HAGRID,1,1,1,1,0.7709528947727625,-1
ood,HAGRID_ab722ea6-a6d1-466a-bf63-37d71657cb06,"The term is commonly used in Britain but in the United States, the term ""metropolitan area"" is used instead [2].",HAGRID,1,0,0,0,0.43368287455506666,-1
ood,HAGRID_31695452-b4f5-4117-9223-3f43d8a7992c,"Walter William Law was born on November 13, 1837 in the English town of Kidderminster. [2]",HAGRID,1,0,0,0,0.4323602417336807,-1
ood,HAGRID_bd7fca0b-9412-423a-a1bf-08c162b53348,King of the Hill had a total of 259 episodes aired over the course of its 13 seasons. [1],HAGRID,1,1,1,1,0.7756252489806235,-1
ood,HAGRID_7c2d2558-867a-4fe1-83fa-5622f6618dc9,and the demographic studies of wild giraffes suggest that survival rates for both adult giraffes outside protected areas and calf giraffes inside protected areas are low [2].,HAGRID,1,1,1,1,0.7823015807959238,-1
ood,HAGRID_cccbfd25-8a81-497c-9c7b-188b5a6f6d01,"The judicial courts of the first instance are included in the Judicial Order and can be courts of generic competence or courts of specific competence [1, 2, 3, 5].",HAGRID,1,1,1,1,0.8079259420919436,-1
ood,HAGRID_19265ed6-a0b8-4b5b-8b05-5e2a406757fc,"The largest judo competition is the World Judo Championships, which is the highest level of international judo competition held once every year by the International Judo Federation, except for the years when the Olympics take place. [1]",HAGRID,1,1,1,1,0.7793356882059853,-1
ood,HAGRID_3e59893a-d6df-4412-ba03-b07e54b8b15b,"It was premiered at the San Diego Comic-Con International on July 22, 2010, after which it was released. [1]",HAGRID,1,0,0,0,0.36003078805463934,-1
ood,HAGRID_dd5de24e-e16d-445b-961d-a10a201f871e,Menopause is important because it marks the permanent cessation of menstruation due to loss of ovarian follicular activity [2].,HAGRID,1,0,0,0,0.2886760194290586,-1
ood,HAGRID_177ab565-3893-4020-b331-38bbabfd9524,"The first Baryonyx fossils were discovered in 1983 in Surrey, England [1][2]",HAGRID,1,1,1,1,0.7841645951559058,-1
ood,HAGRID_9104bb25-c136-4ef0-951c-41883d87a4d9,Self-enhancement can occur by either self-advancing or self-protecting and can be influenced by individual differences such as self-esteem and risk-taking behaviors [5-6].,HAGRID,1,0,0,0,0.33592725783241895,-1
ood,HAGRID_71712f26-c8d5-4c4e-b349-52b067896432,"Linnwood became a historical society on 21st March 1985 when the Department of Community Services granted a license to the Holroyd and District Historical Society to operate the ""Linnwood Museum"" from the building [1].",HAGRID,1,1,1,1,0.5843389532155692,-1
ood,HAGRID_83aab5a9-3beb-43d9-9c52-3b57edada51b,"The population of Burntisland, Scotland is 6,269. [1]",HAGRID,1,1,1,1,0.787827780902662,-1
ood,HAGRID_41a49bb2-3194-4313-8125-36c294c2a47d,". The high school has achieved high academic performance and surpassed the state API target, and it serves not only Native American students but also underprivileged students from various ethnicities [3].",HAGRID,1,1,1,1,0.713294857836149,-1
ood,HAGRID_573d29c1-02c8-418f-8a1c-9de19b7dfab5,Louise-Marie-Madeleine Guillaume de Fontaine was born on 28 October 1706. This information is mentioned in both contexts 1 and 2. [1],HAGRID,1,1,1,1,0.80244828302265,-1
ood,HAGRID_ab3fd88f-7d9e-4a70-92bd-292001cf07cc,The Eurasian eagle-owl can grow up to a total length of 75 cm with a wingspan of 188 cm and is considered one of the largest species of owl. [1],HAGRID,1,0,0,0,0.46713651569765696,-1
ood,HAGRID_8c76da12-6ea1-479b-bb7c-f3fd8b85a205,"The first U.S. aircraft carrier was USS ""Remembrance"" [1].",HAGRID,1,1,1,1,0.809059749431103,-1
ood,HAGRID_3e0da6df-490c-49cf-a0b6-f796f6553a03,"The ""Blue Exorcist"" manga series was first serialized in the monthly manga magazine ""Jump Square"" by Shueisha in April 2009 [3]. The first ""tankōbon"" volume of the manga series was published on August 4, 2009. As for the anime series, it began broadcasting in Japan on April 17, 2011 [1][2]. Aniplex of America also released the series on DVD in four sets, starting with the first DVD on October 18, 2011 [1][2]",HAGRID,1,0,1,1,0.5674527012853626,-1
ood,HAGRID_1c2338bf-b565-4f73-81e6-515d188d0bdb,"Days of Our Lives has been airing nearly every weekday since November 8, 1965, making it one of the longest-running scripted television programs in the world [1][2]",HAGRID,1,1,1,1,0.7940437601748629,-1
ood,HAGRID_352d411c-61ed-49cc-bd32-f131ea9db1ab,"Yes, Catalonia did trade with France, but there was intermittent conflict between Spain and France which affected the trading. However, in the late 17th century, the Catalan economy recovered and grew because of the export of wine to England and the Dutch Republic due to French minister Jean-Baptiste Colbert's trade war against the Dutch and their participation in the Nine Years' War against France, as a consequence, they weren't able to trade with French wine [1].",HAGRID,1,1,1,1,0.7994178681112779,-1
ood,HAGRID_a8202fcf-1a87-4ac9-b381-d46987cc542e,"The first film directed by Andrei Tarkovsky was ""Ivan's Childhood"" in 1962. [1]",HAGRID,1,1,1,1,0.8016121548956318,-1
ood,HAGRID_f3d01fb6-0db5-4283-a05b-31b19333df75,"The Navajo Nation is the largest Native American tribe and 96% of this group is comprised of American Indians, with 66% living on Navajo Nation [2].",HAGRID,1,0,0,0,0.28954425167570513,-1
ood,HAGRID_f185f669-d52a-47c0-8e48-d7586d1a10bb,"Loretta Lynn was born in Butcher Hollow, Kentucky. [1][2]",HAGRID,1,1,1,1,0.8024040704165221,-1
ood,HAGRID_850764f2-e5c5-4e67-8ec0-00813bd54d76,"The 3rd Division had been selected as the assault formation to make the first landing. F Troop of 92nd (Loyals), which was trained for a special role, was the only divisional LAA unit to land that day. RHQ and the rest of 318 Bty would land on D +1, while 317 and 319 Btys would arrive in the following weeks. [1]",HAGRID,1,1,1,1,0.8076539507499562,-1
ood,HAGRID_f9fbcdfe-80a8-4cb0-947f-484256b1164c,"The most expensive Champagne is not mentioned in the given context. However, Dom Pérignon is a brand of vintage Champagne produced by the Champagne house Moët & Chandon and serves as that house's prestige champagne. [1]",HAGRID,1,1,1,1,0.6393252927023433,-1
ood,HAGRID_1f96c313-59c8-447e-9bc2-9c5ae4b413f3,The original owner of the Brooklyn Nets franchise was Arthur J. Brown [1][2],HAGRID,1,1,1,1,0.8070736658116753,-1
ood,HAGRID_000c6830-5707-4ddf-8140-47f2c7c4640d,The slaves in South Africa gained their freedom in 1834 when slavery was abolished. [1][2],HAGRID,1,1,1,1,0.8073016294655319,-1
ood,HAGRID_3d676e11-b9a5-40fa-b2a1-73ad5de6b22f,"The last ruling monarch of Spain was Juan Carlos I, who abdicated in 2014 [1].",HAGRID,1,1,1,1,0.7200323269199537,-1
ood,HAGRID_71b23a66-df9e-42d4-83a6-1bd699ee0380,"Spanish Judeophobia is not necessarily linked to religion or identity obsession, but rather to the perceived abusive policies of the State of Israel against Palestinians [1].",HAGRID,1,1,1,1,0.80786029579058,-1
ood,HAGRID_48d8e007-7830-43a6-a9e3-581172a361d6,"The CanAm Highway follows US 85 from El Paso, Texas, for to the border between the United States and Canada. [2]",HAGRID,1,1,1,1,0.6016424175818345,-1
ood,HAGRID_1b1e1e3a-aae4-42f9-903e-42423ba337c5,The Sanjay Gandhi National Park is 103.84 square km in total area [1].,HAGRID,1,1,1,1,0.7786852330677175,-1
ood,HAGRID_2f00d706-4b5f-4db5-8c89-e812f5957a3b,"As of January 2012, the state-certified engineer/engineering technologist was allocated to level 6 of the European Qualifications Framework, equivalent to undergraduate degrees (Bachelor's level) [2].",HAGRID,1,1,1,1,0.6277247672431233,-1
ood,HAGRID_2c0f13b1-9376-41ca-a2e1-416d7b75d893,"James Thomas Aubrey Jr. died on September 3, 1994. [1]",HAGRID,1,1,1,1,0.8051639965917532,-1
ood,HAGRID_5b239a75-8a98-4ef7-beaf-bca9d6ddec93,"Florida has a total of 4,510 islands that are ten acres or larger in area. [1,2]",HAGRID,1,0,1,0,0.4342206639160515,-1
ood,HAGRID_9986a5c3-cc16-4e5d-b22c-30ced90bde11,"During daytime when the sun is relatively high in the sky, tropospheric clouds generally appear bright white on top with varying shades of grey underneath [5].",HAGRID,1,0,0,0,0.2949275788851884,-1
ood,HAGRID_3b397613-6e13-430e-a86d-19a1c9c749c4,Her length was only surpassed in 1899 and her passenger capacity was surpassed in 1913 [1].,HAGRID,1,1,1,1,0.8069135672648974,-1
ood,HAGRID_faf5d80b-e630-402f-ad7a-eecf7f0dab79,"The wine is typically aged for at least 6 months in-barrel, but some producers barrel-age for as much as 20 months [3].",HAGRID,1,1,1,1,0.8088053274956558,-1
ood,HAGRID_be6827e8-d4fa-462c-9546-ab9ef54a0d33,"George Noel Gittoes was born in Brighton-le-Sands, New South Wales, Australia [2].",HAGRID,1,1,1,1,0.7807615966351225,-1
ood,HAGRID_b4815832-e91d-42de-bf6a-015871240ef1,"Based on the given contexts, Wicca is considered as the fastest growing religion in the USA [1].",HAGRID,1,1,1,1,0.8062844455704864,-1
ood,HAGRID_480adbe0-f762-4234-bfe0-db274b3bbe04,"Thus, special relativity offers a large number of testable predictions. [4]",HAGRID,1,1,1,1,0.7910934809333462,-1
ood,HAGRID_779aaa7d-4c83-4e16-a7f5-1808ef9eb9b5,"A caipirinha is a cocktail that is Brazil's national drink [1]. The drink is made out of cachaça (a sugarcane hard liquor), sugar, and lime [1][2]",HAGRID,1,1,1,1,0.5958850717229253,-1
ood,HAGRID_61989c1b-4d3f-48d2-855e-8c42e2799fe9,"Based on the given contexts, it is possible for a septic tank to explode if there is an ignition source that causes the methane and hydrogen sulfide in the sewer gas to ignite [1].",HAGRID,1,1,1,1,0.8091128845183182,-1
ood,HAGRID_8deba651-7370-481f-ae1a-3d779b2f1c5d,"A denture specialist is commonly known as a denturist, who is a trained and licensed professional specialized in making dentures, partials, relines, or repairs. [1]",HAGRID,1,0,0,0,0.3453012208914118,-1
ood,HAGRID_211642bc-9063-464f-97e7-143e6baa2fc9,"However, according to the Spanish Constitution of 1978, Catholicism was abolished as the official state religion [5].",HAGRID,1,1,1,1,0.7887247012810216,-1
ood,HAGRID_31620748-8389-42a3-96af-33cb7ac0c2b0,"The climate in Guanajuato varies widely depending on the region. It is grouped into three major groups: semi-arid, temperate, and hot and moist climates. The state has extreme variations in its geography and climate due to the rugged terrain of the Sierra Madre Occidental, making it suitable for tropical fruit, pine forest, and desert landscapes. In the Sierra Gorda area, where most of the natural areas and small villages are remain intact due to their inaccessibility, there are a wide number and variety of micro-climates, with average temperatures varying only between 16 and 19 °C. [1][2]",HAGRID,1,1,1,1,0.5356910071999156,-1
ood,HAGRID_7b9d56b7-b356-4ca1-b5e5-b5066bcf2c69,"Haitian Creole, which is the result of the dialect to evolve from a pidgin to a Creole, is a syntactic cousin of Fon, a Gbe language of the Niger-Congo family spoken in Benin, despite drawing 90% of its lexicon from French. [4]",HAGRID,1,1,1,1,0.6512545709969153,-1
ood,HAGRID_2ebd3c8a-2f90-47c1-8266-13177427ef3c,Han Chinese is the race with the most people in the world [1].,HAGRID,1,0,0,0,0.33356042683621256,-1
ood,HAGRID_69aade4a-13eb-4292-ae72-5f3b6be824e1,Einstein concluded that established theories and facts known at that time only form a logical coherent system when the concepts of space and time are subjected to a fundamental revision. [4],HAGRID,1,1,1,1,0.7978938515132585,-1
ood,HAGRID_7300a6ec-8859-4701-b2f6-23fe3b1223c2,"Based on the given context, it is not clear which country is the largest producer of rye grain. However, we know that rye is grown primarily in Eastern, Central and Northern Europe and the main rye belt stretches from northern Germany through Poland, Ukraine, Belarus, Lithuania and Latvia into central and northern Russia. [1]",HAGRID,1,1,1,1,0.779061121939119,-1
ood,HAGRID_ca9884bc-f17b-4d0d-a877-087bd4279a18,"No, General Augusto Pinochet is not alive. He died on December 10, 2006. [2]",HAGRID,1,0,1,1,0.5760962209413022,-1
ood,HAGRID_ff0d0699-3180-44a1-a2dd-191601baa853,and Argentina has a voting age of 16 [5].,HAGRID,1,1,1,1,0.7741708083513231,-1
ood,HAGRID_14254558-c748-4bb7-b36a-e2251047e16b,"The largest species of turtle is the Leatherback sea turtle (""Dermochelys coriacea""). It can reach a shell length of up to 6.5 feet [2,5]",HAGRID,1,0,0,1,0.5040286266366613,-1
ood,HAGRID_52e883a1-4f5d-486d-a7b7-77705e92be3f,"They landed on Sword Beach near La Breche d'Hermanville, in Normandy on D-Day [1].",HAGRID,1,1,1,1,0.743237259736745,-1
ood,HAGRID_0ef2622f-9c2e-4e7b-a80d-42a10da7f0a1,"Polycyclic aromatic hydrocarbons (PAHs) are found in atmospheric aerosols, and in oil, coal, and tar deposits. They are also produced as byproducts of fuel burning, whether fossil fuel or biomass. PAHs are found in cooked foods such as meat that is cooked at high temperatures such as grilling or barbecuing, and in smoked fish. [1][2]",HAGRID,1,1,1,0,0.49000914734530665,-1
ood,HAGRID_02c425d4-55fc-45cc-aef8-10cb8b01f887,", and became the holotype specimen of B. walkeri [1].",HAGRID,1,1,1,1,0.765782219963595,-1
ood,HAGRID_5a69d18c-3652-4517-ad21-15f12959c897,"Descartes wrote ""I think, therefore I am"" in his 1637 ""Discourse on the Method"" in French [1][2]",HAGRID,1,1,1,1,0.7992098527233027,-1
ood,HAGRID_d397e6ff-2d12-4dda-b6f8-34de2976f0f3,"Based on the given contexts, pallid sturgeons are bottom feeders and opportunistic feeders. They consume various insects during some seasons and various fish species during others. Fish, especially small fish such as cyprinids (minnows), are a more important dietary staple for pallid sturgeon than it is for shovelnose sturgeon [1].",HAGRID,1,1,1,1,0.8072596390114363,-1
ood,HAGRID_299ffcce-0ea7-41d0-bebf-871ebeb2f28f,"Yes, Sir Michael Thomas Somare has five children named Bertha, Sana, Arthur, Michael Jnr, and Dulciana with his wife Veronica, Lady Somare. [1]",HAGRID,1,1,1,1,0.7975429428140078,-1
ood,HAGRID_f94f9b72-0497-4233-80fd-652fa4fcfeca,The Grapes of Wrath was published in 1939. [1],HAGRID,1,1,1,1,0.7983546444027444,-1
ood,HAGRID_196da397-0643-43a5-85df-ee249c64879b,"The song ""American Pie"" was first recorded in May and June of 1971 and was released on the album ""American Pie"" on October 24, 1971 [3].",HAGRID,1,1,1,1,0.5660208727256315,-1
ood,HAGRID_6306c80f-d86c-41b1-92c2-811cfb7add00,"Tuscany is a region in central Italy, with Florence as its regional capital. It is located in northwestern central Italy, bordered by the Papal States to the south, the Ligurian Sea to the west, and Lombardy to the north. [1,2,4]",HAGRID,1,1,1,1,0.792937262197461,-1
ood,HAGRID_ed08be8e-0623-42c3-9f91-592e680550f0,"Yes, a needlestick injury can be fatal. Needlestick injuries have the potential to transmit bacteria, protozoa, viruses, and prions, among which the highest risk is contracting hepatitis B, hepatitis C, and HIV [4].",HAGRID,1,0,0,0,0.28699975687580687,-1
ood,HAGRID_3b8f2620-56cb-441a-9dd9-0da8d4de5bf2,"Trench foot is contracted due to prolonged exposure of the feet to cold, damp, and unsanitary conditions [2][3]",HAGRID,1,1,1,1,0.5701642122450509,-1
ood,HAGRID_63a4f684-081d-4e39-be41-eadd6ea7352b,The melting point of Silicon is 1414°C [1][2][3][4],HAGRID,1,0,1,1,0.7137065105327052,-1
ood,HAGRID_46cf18c8-5488-40b7-8553-c8714096334b,"Yes, Armenia was a part of the Soviet Union, from 1920 until the official proclamation of its independence on September 21, 1991 [1, 2, 3, 5, 7, 8].",HAGRID,1,0,0,0,0.46210931502156966,-1
ood,HAGRID_3d511ac9-3534-4768-9e2a-2995f2f999d5,"However, Yuan Shikai became the second provisional president after Sun Yat-sen, and later on, Mao Zedong became the first leader of the People's Republic of China, holding the office of State Chairman in 1955 [2, 3, 4].",HAGRID,1,0,0,1,0.5046654459575931,-1
ood,HAGRID_0076d91e-4d22-46be-b13d-3a42fe2ed57e,"However, if prodigious volcanic outgassing of hydrogen is also included, the outer edge of the habitable zone can extend as far as 2.4 AU [2].",HAGRID,1,0,0,0,0.2861512281335839,-1
ood,HAGRID_ab5509d0-acae-4ef2-84b3-e8f38ebfe283,"According to the 2010 census, the population of Wichita Falls is 104,553. [1]",HAGRID,1,1,1,1,0.7965107729132666,-1
ood,HAGRID_5589e5da-3889-4099-b141-9a89329aebbb,"Based on the given contexts, the current population of giraffes in the wild is estimated to be around 97,500 [4].",HAGRID,1,1,1,1,0.8039226426865715,-1
ood,HAGRID_6ed75a2f-ed7e-42db-a75e-500652885fce,The universal health care system was introduced in France in 1945. [1],HAGRID,1,0,0,0,0.28712419655377674,-1
ood,HAGRID_d0ea815f-ad96-480a-be60-f7cad16d84b0,"The series debuted on CBS on October 4, 1957, and moved to ABC in the following season, where it continued until its conclusion on June 20, 1963 [1].",HAGRID,1,1,1,1,0.7987867072933555,-1
ood,HAGRID_345da082-e335-4909-808d-0924d80ad275,"Yes, the death penalty is legal in China. It is primarily enforced for murder and drug trafficking, with executions carried out by lethal injection or gunshots. The death penalty receives overwhelming public support in China and remains popular in many other countries in Asia. (Contexts [1],",HAGRID,1,1,1,1,0.8013423402412139,-1
ood,HAGRID_e283acf1-e514-40e8-b683-b38050d11fba,"The Silverstone Circuit was first used for motorsport in September 1947 when an ""ad hoc"" group of friends set up an impromptu race [2].",HAGRID,1,1,1,1,0.7742933901451269,-1
ood,HAGRID_40adbca7-4381-40c8-9e16-8d99c12113db,". However, there are also non-Arab Christians [1].",HAGRID,1,1,1,1,0.8086652455632148,-1
ood,HAGRID_e55f3997-ec82-4a25-9e67-b3c6e340f370,"Laura Wright was born in Washington, D.C. [1]",HAGRID,1,1,1,1,0.8017948940945427,-1
ood,HAGRID_3508b119-35ad-4821-a197-596b01d84a2f,"Machairodontinae primarily preyed on various herbivores such as bison, horses, ground sloths, mammoths, pronghorn antelope, and bighorn sheep [1].",HAGRID,1,1,1,1,0.5592603671477641,-1
ood,HAGRID_8666ffc2-bb49-44a2-8937-61135d908c5a,"In continental Europe, cider alcohol content can range from 3.5% to 12% [4].",HAGRID,1,1,1,1,0.8073760459550596,-1
ood,HAGRID_bbe3c736-12f7-42d9-a723-f46375154eae,Former Police Superintendent John Escalante expressed concerns in March 2016 that officers might be hesitant to engage in proactive policing due to fear of retribution [2].,HAGRID,1,1,1,1,0.7862033412697607,-1
ood,HAGRID_944c7b39-c24b-4e8d-ab97-d4516b50a353,Rubén Darío was born in 1867 [2].,HAGRID,1,1,1,1,0.8038511761658443,-1
ood,HAGRID_1dd83e87-83ea-46f6-afd1-d5399ea89460,"Yes, Windows XP is considered abandonware as it has reached its end of life and is no longer supported by Microsoft except for customers who subscribe to a paid Custom Support plan. [1]",HAGRID,1,0,0,0,0.4741644963789356,-1
ood,HAGRID_c2b90d9e-5620-4f46-ab0a-c4feca4fabbe,"There are four types of calendars: lunisolar, solar, lunar, and seasonal. [1]",HAGRID,1,1,1,1,0.8086787491527655,-1
ood,HAGRID_f385a897-7ee1-4db1-8328-c6b98808f851,"The concept of open world in games has been around since the 1980s, but the implementation in ""Grand Theft Auto III"" set a standard that has been followed since [1].",HAGRID,1,1,1,1,0.802050443876957,-1
ood,HAGRID_0ad65533-04f7-4fcd-a891-15802985d421,"These pellets are non-metallic spherical projectiles often referred to as ""BBs"" [3].",HAGRID,1,1,1,1,0.759022412048932,-1
ood,HAGRID_c1b75f93-6315-482d-b590-ea7521dc16dc,"Bonanza City is a ghost town in New Mexico, southwest of Santa Fe, and a movie set (Bonanza Creek Movie Ranch) was built near the remains of the town and has been used for several films [2].",HAGRID,1,1,1,1,0.7838801826765245,-1
ood,HAGRID_df5bd7d9-464a-4575-8ed2-614d3835a524,"There is no specific context regarding the sales of .hack//G.U. game, only information is given about the sales of "".hack"" games till March 2004 where sales exceeded 1.73 million with 780,000 copies sold in Japan [1].",HAGRID,1,1,1,1,0.796684631420105,-1
ood,HAGRID_081435bf-ba8b-4a9a-bf3e-e45bdc89bfec,"However, the program was originated and co-created by Guatemalan computer scientist Luis von Ahn who also realized the importance of preserving human brain cycles [2].",HAGRID,1,1,1,1,0.8014482412960049,-1
ood,HAGRID_8ef77bb9-2bba-4375-b348-90447db6a68e,"Scott Pilgrim has six volumes [2, 4].",HAGRID,1,1,1,1,0.7809116734812146,-1
ood,HAGRID_ecd8d071-3664-4245-a376-a41e8eade260,Bob Fitzsimmons started professional boxing in 1883 in Australia. [1],HAGRID,1,1,1,1,0.807122268331051,-1
ood,HAGRID_18d59fb3-7c58-4579-aa5e-44381f685433,"The current date for federal elections was established by a law in 1845, which extended to elections for the House of Representatives in 1875 and for the Senate in 1914 [2].",HAGRID,1,1,1,1,0.6081202847291067,-1
ood,HAGRID_f89517b6-0441-47db-b27f-5f4477d20021,"Based on the given context, St. James' Anglican Church in Morpeth was constructed from 1837 to 1875 [1].",HAGRID,1,1,1,1,0.787778463699395,-1
ood,HAGRID_219bee73-155d-4cc0-9dd7-69c512fb00c0,The context on US troops in Afghanistan is irrelevant to the question about the number of soldiers in the US Army as it only mentions the number of troops deployed to Afghanistan [1].,HAGRID,1,0,0,1,0.5295007987023856,-1
ood,HAGRID_7d9005c8-0baf-4a87-8d10-b3db4eb67aa7,"Humans are considered omnivores, as they have a diet that includes both animal and plant matter [1].",HAGRID,1,0,0,0,0.46752899524899927,-1
ood,HAGRID_15feeb5f-249e-4436-8a4c-5ec57bc8da8b,"Yes, refugees are legal. The 1951 Convention Relating to the Status of Refugees provides legal protection to refugees [2].",HAGRID,1,1,1,1,0.7795143580854137,-1
ood,HAGRID_6af9f344-4aac-40cc-8c6a-723523efcaae,"The world's oldest living pony, Sugar Puff, lived up to the age of 56 [1].",HAGRID,1,0,0,0,0.4355420368499536,-1
ood,HAGRID_ebdf1cec-3f3d-43ea-a5de-a27e9372bd40,The national animal of Thailand is the Thai elephant [1][2],HAGRID,1,1,1,1,0.7935526343824514,-1
ood,HAGRID_aa22fb54-e41b-40dc-a390-c32d79ecf390,"There is also a large Admiralty building, which has been used by the Foreign and Commonwealth Office from the 1960s to 2016, but it is uncertain whether it served as the headquarters [2].",HAGRID,1,0,0,0,0.2955757241798815,-1
ood,HAGRID_414ca44f-41e1-4f61-b2a9-de2206e6b402,"Based on the given context, the YMCA was founded on June 6, 1844, by George Williams in London [1].",HAGRID,1,1,1,1,0.7647848303504526,-1
ood,HAGRID_e3c2579c-4195-4f25-8523-7ee169736169,Animax has reached over 66 million viewers spanning 15 markets throughout Asia. [1],HAGRID,1,1,1,1,0.7977808680307037,-1
ood,HAGRID_64152a4e-3239-4f1f-9b83-1891cf5b381b,"Engels did not support the use of the term ""Marxism"" to describe either Marx's or his views [3].",HAGRID,1,1,1,1,0.7706796036314191,-1
ood,HAGRID_743bfef5-f0f4-4f57-a4b6-da5d9adc4a8b,"Mandarin Chinese has the most speakers among the dialects of Chinese, with an estimated 960 million speakers [1].",HAGRID,1,1,1,1,0.8082128247358115,-1
ood,HAGRID_c18934cd-3acc-485f-b8b9-852ac445d9ad,"Yes, a French creole is a creole language for which French is the lexifier. French-based creole languages are spoken widely and natively by millions of people around the globe. These languages are primarily spoken in the Americas and on archipelagos throughout the Indian Ocean. [3]",HAGRID,1,1,1,1,0.7775645706610593,-1
ood,HAGRID_956aeded-8252-4115-a2f8-8758ad7914c0,Lake Victoria has a maximum depth of 80 meters and an average depth of [1].,HAGRID,1,1,1,1,0.5981786620889428,-1
ood,HAGRID_ec7d28d8-d016-4c83-85a0-fcaafb2895ac,"It is divided into 81 provinces [""il"" or ""vilayet""] and 923 districts [""ilçe""] for administrative purposes, and 7 regions [""bölge""] and 21 subregions for geographic, demographic, and economic purposes [1].",HAGRID,1,1,1,1,0.7992598888724525,-1
ood,HAGRID_d458eb6e-5687-4642-8654-385d1674d68b,Explanation: The given context [1],HAGRID,1,0,0,0,0.3199681108164046,-1
ood,HAGRID_0e5ab1af-5c53-438d-a60b-fa240e2a8d5a,"Major Alfred Whitmore, along with C.S. Krishnaswami, identified ""Burkholderia pseudomallei"", the causative agent of melioidosis (also known as ""Whitmore's disease"") in opium addicts in Rangoon in 1911 [1][2]",HAGRID,1,1,1,1,0.721446168480411,-1
ood,HAGRID_8182c958-6914-4546-9027-e003b5c65300,Reid Bigland was the CEO of Ram but he was tapped to lead the Alfa Romeo brand in North America in 2014 [1].,HAGRID,1,1,1,1,0.8086225145688475,-1
ood,HAGRID_95465296-4dbb-42da-ae3d-b9d72ab38e9f,"Louise-Marie-Madeleine Guillaume de Fontaine was born on October 28, 1706 [1,2].",HAGRID,1,1,1,1,0.7983587423452996,-1
ood,HAGRID_732c2618-6712-41be-b8b1-f47fb7748a6a,"The length of the optic nerve component varies from 1 mm within the eye to 24 mm in the orbit, 9 mm in the optic canal, and 16 mm in the cranial space before joining the optic chiasm. [1]",HAGRID,1,0,0,1,0.5004807647774423,-1
ood,HAGRID_f35b4849-c804-4637-a676-928a556daa22,"The Royal Australian Air Force was formed on March 31, 1921. [1][2][4][6][7]",HAGRID,1,0,1,1,0.5414392779685383,-1
ood,HAGRID_65259df8-964d-433d-9011-89928c80288e,". Even chimpanzees, baboons, and macaques have their own blood group systems [3].",HAGRID,1,1,1,1,0.7959022088738675,-1
ood,HAGRID_1f9c9665-f668-4fb2-93cd-d5a8b626ac42,"The first state to declare an Official State Microbe is Oregon which chose ""Saccharomyces cerevisiae"" as the Official Microbe in 2013 for its significance to the craft beer industry [1].",HAGRID,1,1,1,1,0.7272439164014325,-1
ood,HAGRID_b8422e78-4e81-4065-8c12-a4afee364ad8,The current mayor of Toronto is John Tory [1].,HAGRID,1,1,1,1,0.8002903472107001,-1
ood,HAGRID_75dfb42a-75aa-4b8e-a164-cdaae7751e9b,Botox was first approved for cosmetic use in 2002. [1][4],HAGRID,1,1,1,1,0.8079334721568098,-1
ood,HAGRID_bb6040cc-6bd9-40cb-a9cd-6c9c766baf6c,"Cherry Springs State Park was founded in 1922 as ""Cherry Springs Scenic Drive"" on Pennsylvania Route 44 [1].",HAGRID,1,1,1,1,0.8024890658709628,-1
ood,HAGRID_c096a64e-3802-47af-b0a2-14040beb71ed,About 55 million people were affected by the Northeast blackout of 2003 according to [3].,HAGRID,1,1,1,1,0.8029835203139654,-1
ood,HAGRID_3b6f6b0a-7713-4f06-9d53-7161a8f029f0,"Arya learned to be an assassin at the House of Black and White in Braavos, where she became an acolyte of the Faceless Men [1-4].",HAGRID,1,0,0,0,0.34111130843029325,-1
ood,HAGRID_2e7ee9a6-5f37-40c0-aa09-74337ac4737c,"Eugene Sternberg was born on January 15, 1915. [1]",HAGRID,1,1,1,1,0.8060718581835677,-1
ood,HAGRID_98f57779-76c2-42fd-bb42-881a85474555,Shilin Night Market is also a famous and large night market but it is not the biggest [5].,HAGRID,1,0,0,0,0.2873824584228765,-1
ood,HAGRID_28c1fd4a-2ff3-4f6c-817b-d7f40c3c2241,New France was founded in 1608 when Samuel de Champlain established the first official settlement in Quebec [2].,HAGRID,1,0,0,0,0.459831037398792,-1
ood,HAGRID_571bcff1-f9fc-44c1-b03a-770e667cce45,Refugees are legally recognized under the 1951 Convention Relating to the Status of Refugees [2].,HAGRID,1,1,1,1,0.5621308722424133,-1
ood,HAGRID_d962c96c-d094-41d7-a00d-3e3745ff3b0f,"It was named after General Philippe Leclerc de Hauteclocque and is also known as AMX-56, although this designation is not used officially [1].",HAGRID,1,1,1,1,0.8066010445700447,-1
ood,HAGRID_22c1d017-5044-40bf-a6af-7a0838bac968,"The first identification of blood types was done by an Austrian Physician named Karl Landsteiner, in 1900, at the Pathological-Anatomical Institute of the University of Vienna (now Medical University of Vienna) [1].",HAGRID,1,1,1,1,0.5526120275466206,-1
ood,HAGRID_2098f0ee-4990-4123-a449-39662bb4fd77,"The lead designer on FF14 is Naoki Yoshida, also known as ""Yoshi-P"". He was appointed as the director and producer of the MMORPG Final Fantasy XIV by Square Enix after its unsuccessful launch in 2010 [1,2].",HAGRID,1,0,1,1,0.7593971070397906,-1
ood,HAGRID_f8489619-f90c-4771-8710-0e13c73f9d1b,"He was re-elected for a second term in the mayoral election of 2018, defeating Jennifer Keesmaat with 63.49% of the vote [1].",HAGRID,1,1,1,1,0.8048672827606075,-1
ood,HAGRID_e2937b15-dde8-4f89-b6d8-8694294803f3,"Archimedes' formula for the area of a circle involves multiplying the diameter by one fourth of the circumference. However, this formula was not considered a solution to the ancient problem of squaring the circle, which required constructing the area using only a compass and straightedge. [1]",HAGRID,1,1,1,1,0.7624072042378643,-1
ood,HAGRID_ce2365d1-4d87-44a7-a605-e19d3fd6bb7e,"The state of Florida has a total of 4,510 islands that are ten acres or larger in area. [1,2]",HAGRID,1,0,0,0,0.37681832616215905,-1
ood,HAGRID_f9e9699a-8669-445f-9be2-ef65dd870fda,"A telenovela is a shorter-form format of serial melodrama that usually has a central story arc with a prescribed ending within a year or two of the show's launch, requiring more concise storytelling, while soap operas usually have indefinite runs with intertwined storylines told during continuing runs [1-2].",HAGRID,1,0,0,0,0.3236516839094697,-1
ood,HAGRID_9841a44f-be98-4d8c-b8bd-76e91d73e6d4,Joyce went on to found the Georgetown men's basketball program for its first season in 1906-07 [2].,HAGRID,1,0,0,0,0.4771149386478897,-1
ood,HAGRID_922e0a72-97b3-4fc4-ba31-81a497b019b3,European fire ants are very common in meadows and gardens and consume honeydew excreted by aphids and other insects. [6],HAGRID,1,1,1,1,0.5738174450506296,-1
ood,HAGRID_e7f200f7-d594-4178-8135-5c646cbdaf89,"Gabrielle Bonheur ""Coco"" Chanel was born in the charity hospital run by the Sisters of Providence in Saumur, Maine-et-Loire, France. [1]",HAGRID,1,1,1,1,0.8070416541854132,-1
ood,HAGRID_1c67c1ac-efaa-4d88-98c2-51a0f2f36805,"Quebec cider, on the other hand, has an alcohol content between 7% and 13%, with some aperitif ciders containing up to 20% alcohol [1].",HAGRID,1,1,1,1,0.8001339192290133,-1
ood,HAGRID_12d9ffb0-b57c-45c6-bc4b-e7ce0a9fa9c4,"The historical conflicts between Catholicism, Islam and Judaism have been highly relevant in the union of Castile and Aragon, but these have kept Islam, Judaism, and Protestantism at bay for most of Spain's history [5].",HAGRID,1,1,1,1,0.7514781403427185,-1
ood,HAGRID_8feee9d6-8e4d-4d41-87c2-0a4f753c1d5b,"The last ruling monarch of Spain was Juan Carlos I, who reigned from 1975 until his abdication in 2014. [1]",HAGRID,1,0,0,0,0.4775813550050815,-1
ood,HAGRID_e8a4c07e-5fea-4ea6-9a54-dd7db732c40e,"Juntas were also a form of transitional or emergency government, which attempted to maintain Spanish sovereignty that emerged during the Napoleonic invasion of Spanish cities that had not succumbed to the French [3].",HAGRID,1,1,1,1,0.770539386114506,-1
ood,HAGRID_fcfbdace-ca37-4ef4-b296-00faf7064484,"Stargate SG-1 first aired on July 27, 1997 [1][2][3]",HAGRID,1,1,1,1,0.8055282749816726,-1
ood,HAGRID_569c3a03-b1cf-4eae-8d36-60bd879afcf9,"The Judicial Order is the first category of common courts, which includes the Supreme Court of Justice (""Supremo Tribunal de Justiça"") in Lisbon as its superior body [1].",HAGRID,1,1,1,1,0.8089527603987935,-1
ood,HAGRID_5471103b-5077-4c74-8a80-8a1385448bb7,"Vietnam is bordered by China to the north, Laos to the northwest, Cambodia to the southwest, and the South China Sea to the east. [3, 4]",HAGRID,1,1,1,1,0.6316047385070781,-1
ood,HAGRID_8a27f70d-52f6-44a6-b9cd-fd31924edd51,"The Keys to the Kingdom series was first introduced in 2003 with the book ""Mister Monday"" [1, 2].",HAGRID,1,1,1,1,0.771449823965155,-1
ood,HAGRID_90ef036b-fa2d-4780-bf19-b82ee109ac97,. He earned the license of Christian practice as a medical doctor from there in 1892 [3].,HAGRID,1,1,1,1,0.8016985088654017,-1
ood,HAGRID_6e41f5a7-2ee0-4df7-b29e-98d101d18441,and his first marriage was to Elizabeth Rebecca Trotter [3].,HAGRID,1,0,0,0,0.39510895922146266,-1
ood,HAGRID_f1f76009-9df5-46a6-9369-d3c3ce6340c5,"The father of calculus is considered to be both Isaac Newton and Gottfried Wilhelm Leibniz, as they independently developed the basics of calculus [1][3][4]. However, Leibniz is credited with giving the new discipline the name it is known by today, ""calculus"" [1]. Historically, there was a dispute over whether it was Newton or Leibniz who first ""invented"" calculus, which led to a rift in the European mathematical community lasting over a century [2][4]",HAGRID,1,1,1,1,0.5679250900283571,-1
ood,HAGRID_bbf1cf2f-097a-4041-a2c7-51ed7e94b77a,"and penetrate shallow caves [1],",HAGRID,1,1,1,1,0.8084357668091895,-1
ood,HAGRID_775936e3-6ff2-460c-82eb-ccfc78ce6020,"If the coccyx and sacrum are counted as one vertebra each, the total number of vertebrae is 26. However, if fused vertebrae are counted separately, the total number of vertebrae ranges between 32 and 34 [1].",HAGRID,1,1,1,1,0.8003307564560961,-1
ood,HAGRID_c186db97-18f6-45e7-9bbc-647b59571e1d,"She became the queen at the age of 25 upon the death of her father, George VI, on February 6, 1952 [2].",HAGRID,1,1,1,1,0.7900882615691562,-1
ood,HAGRID_97fe5e7f-ad34-44a7-a024-2c2490438c48,Open world means a virtual world in video games where players can explore and approach objectives freely. It is in contrast to a world with more linear gameplay [1].,HAGRID,1,1,1,1,0.8072454756076498,-1
ood,HAGRID_45ec0b7e-4e89-46ef-8d79-ed8444afe94d,". They are found only in eukaryotes, including animals, and are the target of approximately 30% of all modern medicinal drugs [1].",HAGRID,1,1,1,1,0.5544409805904034,-1
ood,HAGRID_a6acdbf7-0f9a-4c77-8778-da84faf90ca4,"It is a subspecies of the Asian elephant, the Indian elephant (""Elephas maximus indicus"") [2].",HAGRID,1,1,1,1,0.8016440507952795,-1
ood,HAGRID_d5a7f116-3cc5-407d-b9d6-ca5ee78a2721,"The oldest structure in Latvia is the Church of the Holy Spirit in Bauska, which was built between 1591 and 1594 [1].",HAGRID,1,1,1,1,0.8061458896594552,-1
ood,HAGRID_4ec853a8-4e69-479d-8494-2ea44aa88709,"There are 21 provinces in Mongolia. [1,2,5,6]",HAGRID,1,1,1,1,0.7989537637476272,-1
ood,HAGRID_733938f4-1802-4d40-9b27-d7de5fdd75f9,"These non-metallic spherical projectiles are often colloquially called ""BBs"", which are typically made of plastic or biodegradable resin materials [3].",HAGRID,1,1,1,1,0.7468667297188248,-1
ood,HAGRID_46adb31c-55a9-4693-b41d-1d9a798fb22d,. They are involved in many diseases and are the target of approximately 30% of modern medicinal drugs [1].,HAGRID,1,1,1,1,0.7920109626861914,-1
ood,HAGRID_3b4375bd-ddd6-42e3-8ce2-3921a52e2016,"It is not possible to determine an exact number of casualties due to methodological differences in how each nation recorded and classified casualties. However, it is estimated that there were 10 million non-combatant deaths, including 6.6 million civilians [3].",HAGRID,1,1,1,1,0.606803205444287,-1
ood,HAGRID_14b7139d-61b2-428d-8d96-357a35f40ce6,"The First Celtiberian War occurred between 181-179 BC [1], as part of a series of major rebellions by the Celtiberians against the Roman presence in Hispania [1][2]",HAGRID,1,1,1,1,0.7986696018431597,-1
ood,HAGRID_9b8cf179-5e93-467a-bb17-252a2987185e,Lucy Fallon plays the character Bethany Platt on Coronation Street. [2][3],HAGRID,1,1,1,1,0.7686230993137244,-1
ood,HAGRID_e305cb8c-5346-485e-9179-4188e4bdbbf9,"The Library of Congress in Washington, D.C. is the biggest library in the US, as well as the largest library in the world [1].",HAGRID,1,1,1,1,0.8090825355334487,-1
ood,HAGRID_ae0133a7-85fd-4901-9c2d-5d8706844cdd,"The Grand Duchy of Tuscany, which was an independent Italian state, also comprised most of the present area of Tuscany, and its capital was Florence. However, it ceased to exist in December 1859, being joined to the duchies of Modena and Parma to form the United Provinces of Central Italy, which was annexed by the Kingdom of Sardinia in March 1860. In 1862 it became part of Italy [3].",HAGRID,1,1,1,1,0.8070134083999294,-1
ood,HAGRID_8aacabc8-42fe-46a4-b85a-96edc5a2a7af,The Battle of Kham Duc occurred from 10-12 May 1968 during the Vietnam War. [2],HAGRID,1,1,1,1,0.7685299778524386,-1
ood,HAGRID_68aa5173-4234-451a-8faf-fc45e1e183ca,"Therefore, the American River has three sources: The North Fork, The Middle Fork, and The South Fork, which then combine in Folsom Lake. [2]",HAGRID,1,1,1,1,0.7838124841107313,-1
ood,HAGRID_dfe0beae-1680-4130-9f3d-6dbdcdbfa891,The name of the law that was passed to legalize euthanasia in Canada is Bill C-14. [1],HAGRID,1,1,1,1,0.8095529948930044,-1
ood,HAGRID_ae06b7ab-7f14-4a57-9401-78bc0fbee4fc,Hashimoto's disease is a type of autoimmune disease that affects the thyroid gland and is also called Hashimoto's thyroiditis [3].,HAGRID,1,1,1,1,0.8025348849609616,-1
ood,HAGRID_ecd388b3-6fa0-409d-9897-f48852769286,It is also known as Hashimoto's disease. [6],HAGRID,1,1,1,1,0.8085643324376868,-1
ood,HAGRID_5b549f0e-8c5f-433d-a1d5-7dea695c0f52,"Nonetheless, in 1947, Romania remained the only monarchy in the Eastern Bloc, which was abolished and proclaimed Romania a People's Republic [2].",HAGRID,1,1,1,1,0.7447668734155803,-1
ood,HAGRID_12912701-0ed0-4ee7-829c-7ed865dcda19,"Based on the given contexts, there are 20 species of venomous snakes that live in North America [3, 6].",HAGRID,1,1,1,1,0.7964960187569429,-1
ood,HAGRID_61ebf562-2c29-441c-af12-c5f840ccd213,"The casualty statistics for World War I vary, but estimates of total deaths range from 9 million to over 15 million. Military casualties reported in official sources list deaths due to all causes, including an estimated 7 to 8 million combat-related deaths [1].",HAGRID,1,1,1,1,0.7988848100801266,-1
ood,HAGRID_f04daff7-fc02-4880-a64e-bfaa8c8005e6,where he ultimately earned the license of Christian practice as a medical doctor in 1892 [3].,HAGRID,1,1,1,1,0.8074816232378943,-1
ood,HAGRID_6ac45598-183b-4c4e-82f2-0fdd87abc955,Marxism was first developed by Karl Marx and Friedrich Engels in the mid-1800s [2].,HAGRID,1,1,1,1,0.7815788585617149,-1
ood,HAGRID_daf9b4e6-584b-4c21-a6ed-3c5c1d298edd,"Blue Exorcist manga series written and illustrated by Kazue Kato and have been serialized by Shueisha in the monthly manga magazine ""Jump Square"" since April 2009, and the first ""tankōbon"" volume was released on August 4, 2009 [3]. The anime of the Blue Exorcist started broadcasting on April 17, 2011, in Japan and ended on October 2, 2011 [1][2]. Aniplex of America released the first DVD of Blue Exorcist on October 18, 2011 [1][2]",HAGRID,1,0,0,0,0.46854226583461267,-1
ood,HAGRID_7badd2e8-632c-4f0c-bebd-c9249097096a,DiscoverNavajo.com reports that 66% of Navajo tribe members live on Navajo Nation and 96% of the Navajo Nation is American Indian [2].,HAGRID,1,1,1,1,0.7852409137255006,-1
ood,HAGRID_4b0f913e-732e-4f41-9d55-5109efee8a33,"Yes, Hepatitis B is contagious [1].",HAGRID,1,1,1,1,0.7765756272805329,-1
ood,HAGRID_6022f092-0579-4242-8571-4a775b764a96,"However, the circuit was built on the site of a World War II Royal Air Force bomber station, RAF Silverstone, which opened in 1943 [1].",HAGRID,1,1,1,1,0.808470822297535,-1
ood,HAGRID_82b3a1a3-bb1f-4abf-8a87-0f36e9ff6769,"The single was written by Diplo, Ezra Koenig, Beyoncé, Emile Haynie, Josh Tillman, MNEK and MeLo-X [4].",HAGRID,1,1,1,1,0.7441628655545397,-1
ood,HAGRID_1e355a09-3f20-442b-972a-d1f047733055,"On the other hand, Austria has set a general speed limit of 130 km/h [1].",HAGRID,1,1,1,1,0.8048455428853767,-1
ood,HAGRID_3d4534ac-e1a3-437c-890f-865ccef1995e,The Italic people came from the north to the Italian Peninsula in two waves - an earlier wave and a later wave. [4],HAGRID,1,1,1,1,0.7524906469303273,-1
ood,HAGRID_46cda56e-cb13-421e-a338-c64e8f587a2c,"The Atlantic Recording Corporation is currently owned by the Warner Music Group [1]. In 1967, Atlantic became a wholly owned subsidiary of Warner Bros.-Seven Arts, which was later rebadged as Warner Communications, and eventually became the Warner Music Group [1][2]",HAGRID,1,1,1,1,0.7720498887842061,-1
ood,HAGRID_000c50b2-f196-45ae-9971-5f8da6c352b1,"The term Guerrilla is used as it represents the tactics by which irregular groups fight against an established military with more significant firepower [1]. Guerrilla warfare is a type of asymmetric warfare, where the goal is not only to defeat the enemy but also to gain popular support and political influence [2]. The tactics of Guerrilla warfare involve deception, ambush, and avoiding confrontation with larger groups of enemy troops [1][2]",HAGRID,1,1,1,1,0.7989027758853403,-1
ood,HAGRID_f547f95e-cc05-4964-9c40-22b47ce99603,"According to the given contexts, there are several common houseplants that are grown for decorative purposes and can also help with indoor air purification. The most common houseplants that are used to remediate indoor air pollution have been identified in various studies. These plants include English ivy, peace lily, Chinese evergreen, bamboo palm, and chrysanthemum [1][2]",HAGRID,1,0,0,0,0.3404999069793802,-1
ood,HAGRID_8872225e-a6b2-4aa4-a2ac-fc1c175ad51f,"During the Golden Age of Comic Books from the late 1930s to circa 1950, many well-known comic book characters were created including Superman, Batman, Captain Marvel (later known as SHAZAM!), Captain America, Wonder Woman, the Fireball, Red Raven, Fighting Yank, Silver Scorpion, and women crimefighters such as Sheena, Invisible Scarlet O'Neil, and Miss Fury [1-10].",HAGRID,1,0,0,0,0.3986157225494023,-1
ood,HAGRID_3eea9172-8313-47b9-9c3e-154d7ddaddc4,"Moreover, ten new objects were added to the Exoplanet catalogue by CoRoT during the Second CoRoT Symposium in June 2011 [3].",HAGRID,1,1,1,1,0.7541884716724737,-1
ood,HAGRID_17b726b5-73c6-45d4-8ee7-cce58adc0922,"He drew inspiration from his enthusiasm for MMORPGs such as Ultima Online, EverQuest, Dark Age of Camelot, World of Warcraft, Warhammer Online, Rift, Star Wars: The Old Republic and Guild Wars 2 [2].",HAGRID,1,0,0,0,0.3754579942849465,-1
ood,HAGRID_664be071-18cc-47e3-8d0a-54eabee4321b,"The population of Burntisland, Scotland is 6,269 according to the 2011 census. [1]",HAGRID,1,1,1,1,0.7963479910667907,-1
ood,HAGRID_94c5b904-d523-4bf1-a2a6-b94b22f1f107,"Based on the given contexts, the alcohol content of cider can vary widely depending on the region and type of cider being consumed. Traditional English ciders can have an alcohol content ranging from 1.2% to 8.5% or higher [2, 4].",HAGRID,1,1,1,1,0.8092419800784969,-1
ood,HAGRID_b0835ea0-265f-4a83-a34f-f27ab7d58698,"Based on the given contexts, Gwen Poole is part of a team in ""The Unbelievable Gwenpool"". [1]",HAGRID,1,1,1,1,0.760971184557729,-1
ood,HAGRID_cb7ccd19-bc57-4e4b-9f0f-47c915c2eb44,"However, according to Sophia Antonopoulou, Marxism did not fail as an alternative to the bourgeois theoretical and political paradigm, but rather because it did not succeed in the formulation of such an alternative paradigm [1].",HAGRID,1,1,1,1,0.8059047822425939,-1
ood,HAGRID_60b291cb-fed4-44dd-8fed-789f7655ec07,"The Precambrian eon is set before the current Phanerozoic Eon and it includes the Hadean, Archaean, and Proterozoic eons [1].",HAGRID,1,1,1,1,0.7986307137575182,-1
ood,HAGRID_be1ba166-2622-4a57-8a30-bd925a9bf902,Lee Kuan Yew was the first Prime Minister of Singapore. He became Prime Minister after the People's Action Party swept to power with 43 out of the 51 seats in the 1959 general elections. [1][3][4][5],HAGRID,1,0,0,0,0.45526892023897975,-1
ood,HAGRID_5f2b60ed-b958-451e-8f84-48c0ac3377e3,"Stream channel types vary, and they exist in a variety of geometries, and during floods, water flow may exceed the capacity of the channel and flood waters will spill out of the channel and across the valley bottom [4].",HAGRID,1,1,1,1,0.8024854273764992,-1
ood,HAGRID_a1a32c90-e288-4091-9edd-69550e66cb8c,There are 54 member countries in the Commonwealth [1].,HAGRID,1,1,1,1,0.8095092413539428,-1
ood,HAGRID_0d5f44ba-a1db-4316-82ef-998e158075f5,"Based on the given context, there is no information about how many copies Salem's Lot sold. The mentioned editions were limited and sold out, but there is no reference to the total number of copies sold. [1]",HAGRID,1,1,1,1,0.8087491388951114,-1
ood,HAGRID_a16ef638-1158-4329-992b-1b274af33717,It is a mix of the words black and exploitation that enforces stereotypes afflicted on African Americans by the so-called white media [1].,HAGRID,1,1,1,1,0.7909151188781017,-1
ood,HAGRID_0c92485a-4260-4733-91b7-c78c265e783a,"Jonathan Swift was born in Dublin, Ireland. [1]",HAGRID,1,1,1,1,0.8076415043004844,-1
ood,HAGRID_f9c2db32-bebc-4529-87b8-c45f77fb3f37,. High tropospheric and non-tropospheric clouds appear white if composed entirely of ice crystals and/or supercooled water droplets [2].,HAGRID,1,1,1,1,0.7995067599468931,-1
ood,HAGRID_c4f37c07-b958-48d2-bdb8-37e063fc81fc,"The first journal of this new field was founded in 1907, named ""The Psychological Clinic"", where Witmer coined the term ""clinical psychology"". [2]",HAGRID,1,0,0,0,0.4822589736984427,-1
ood,HAGRID_a1229d04-b891-4dd5-b77c-54b59ef64c86,"Based on the provided context, the Caspian Sea is not mentioned. The context only talks about the Black Sea being flooded with salt water from the Mediterranean Sea. Therefore, it cannot be determined whether the Caspian Sea is salt water or fresh water. [1]",HAGRID,1,0,0,0,0.4385938946108368,-1
ood,HAGRID_193e94c8-2ee8-4bd5-83db-2b038c4f936b,"There were, however, unconfirmed rumors that his wife Livia poisoned him [2].",HAGRID,1,0,1,1,0.5052634290249935,-1
ood,HAGRID_06d2947b-8a49-4a0f-983e-54973243939f,Zeus led a ten-year war against Cronus and the Titans and imprisoned them in Tartarus after winning the war [2].,HAGRID,1,1,1,1,0.7703263332247745,-1
ood,HAGRID_826bd63b-21ce-4e7c-94c5-4f3815e147c4,"The area of Bengal is 232,752 km, including West Bengal and Bangladesh. [1]",HAGRID,1,1,1,1,0.7979333406191949,-1
ood,HAGRID_fded75fb-c755-4c03-b5f3-fb7549997028,"No, Abi Branning is not currently a character on EastEnders. Her final scenes aired on 19 January 2018 and her funeral took place on 16 February 2018. However, she made two guest appearances after her exit, one in July 2018 and another over Christmas 2018. These guest appearances were described as a ""comedy plot"" and announced on 24 April 2018 and 4 December 2018 respectively [1][2]",HAGRID,1,0,1,1,0.5249712841652895,-1
ood,HAGRID_067552d1-74dc-4831-a6ed-d94859c8dce6,"The first true mitrailleuse was developed in 1851 by Belgian Army captain Fafschamps [1]. The Belgian Montigny mitrailleuse was completed with 37 barrels in 1863 by Joseph Montigny and Louis Christophe [2]. Later, the French Reffye mitrailleuse was designed by Jean-Baptiste Verchère de Reffye and Joseph Montigny in collaboration [1][2]",HAGRID,1,0,0,0,0.28925664714375915,-1
ood,HAGRID_e39f1ec4-9c14-4518-91c4-102753914caa,"Although needlestick injuries generally cause minor visible trauma, the risk of viral infection remains even in the absence of bleeding [1].",HAGRID,1,0,0,0,0.36031981833663557,-1
ood,HAGRID_002b937b-4bb3-4ca6-856a-3ee8b5d14934,"The previously mentioned two adjacent night markets, Kaisyuan Night Market and Jin-Zuan Night Market, which were said to be the two largest in Taiwan, have since shrank 60% in size [6].",HAGRID,1,1,1,1,0.7913788636658765,-1
ood,HAGRID_6912a9fd-066a-4c31-8dd7-0fae33a88b49,"The largest international backgammon organization is the World Backgammon Association (WBA), which has been holding several backgammon tours and events around the globe, including the ""European Backgammon Tour"" (EBGT), the ""US Open,"" and the ""Crowns Cup"" [1].",HAGRID,1,0,0,0,0.2872681080961882,-1
ood,HAGRID_ea081a0e-83ea-4457-86f9-62aca77fdb91,"During the Golden Age of Comic Books, many well-known characters were introduced including Superman, Batman, Captain Marvel (later known as SHAZAM!), Captain America, Wonder Woman, Black Pirate, Fireball, Red Raven, Fighting Yank, and Silver Scorpion. [1-10].",HAGRID,1,1,1,1,0.5430821577888428,-1
ood,HAGRID_76ffd969-3ed8-435a-912c-32c768632f68,"The Ptolemaic dynasty lasted for 275 years, from 305 to 30 BC. [1]",HAGRID,1,1,1,1,0.7743502849661417,-1
ood,HAGRID_ac381d1b-ba49-47b2-9e8f-1a0b03674dc3,"Savernake Station became a heritage-listed site on 15 March 2013 [1,2].",HAGRID,1,1,1,1,0.793227140593469,-1
ood,HAGRID_706cbee4-cad2-4889-864c-d8e6477c9479,"The biggest library in the US is the Library of Congress in Washington, D.C. [1]",HAGRID,1,1,1,1,0.7910855177115357,-1
ood,HAGRID_df824571-01d9-4674-8880-ae52e41b23ae,"2. In a historical context, Dragoon is occasionally used as a verb to mean to subjugate or persecute by the imposition of troops; and by extension to compel by any violent measures or threats. [2]",HAGRID,1,1,1,1,0.745572547108623,-1
ood,HAGRID_706daa03-0cec-4e73-8fcb-399a7edb961c,"Based on the given contexts, verbal contracts can be binding under certain circumstances. In context [1],",HAGRID,1,1,1,1,0.7640844120900636,-1
ood,HAGRID_bf28733d-9c3d-4da9-9663-d98028ed3e23,"The name El Nino originates from Spanish, meaning ""the boy"". [1][3]",HAGRID,1,1,1,1,0.6588606337504873,-1
ood,HAGRID_e7e50c9f-5e25-44e9-8f03-6913f1918e98,"The highway that connects from Texas to Canada is the CanAm Highway. It travels along U.S. Route 85 (US 85) and Interstate 25 (I-25), passing through six U.S. states (Texas, New Mexico, Colorado, Wyoming, South Dakota, North Dakota) and the Canadian province of Saskatchewan. [1]",HAGRID,1,1,1,1,0.774009061773263,-1
ood,HAGRID_c806c0d0-b508-45e5-a2f6-3a8924138512,Magadheera is a 2009 Indian Telugu-language romantic-fantasy action film directed by S. S. Rajamouli [5].,HAGRID,1,1,1,1,0.7176737185650363,-1
ood,HAGRID_a827ecf2-8bec-4076-9a77-0ea11ae98bf8,"Plants vs. Zombies was first released on May 5, 2009, for Microsoft Windows and OS X [1].",HAGRID,1,1,1,1,0.7914998341577295,-1
ood,HAGRID_b91f8fba-337a-4911-b61b-e657f77d21d3,He was wounded by Mordred and taken away to Avalon [1].,HAGRID,1,1,1,1,0.8073885231571999,-1
ood,HAGRID_ed02a2da-acb0-4f49-ba94-a6cdfbc41d5b,René Descartes proposed dualism. [1][2],HAGRID,1,1,1,1,0.8037364194950023,-1
ood,HAGRID_fa90218b-df16-4a75-beeb-0307973f688b,"John Wesley Hanes founded Hanes Hosiery Mills, the company that later became Hanes [2][4]. His brother, Pleasant H. Hanes, founded the P.H. Hanes Knitting Company in 1901, which later merged with Hanes Hosiery in 1965 [1][3]",HAGRID,1,0,0,0,0.4179142909028346,-1
ood,HAGRID_77b3fc63-2615-4724-9546-2e52d4ec100b,The oldest player in the NFL is Adam Vinatieri. [2],HAGRID,1,1,1,1,0.7886767109272957,-1
ood,HAGRID_b3af3056-b629-47a4-b158-3fa50f7e69c6,The first Gameboy was released by Nintendo in 1989. [1],HAGRID,1,1,1,1,0.8087752575292781,-1
ood,HAGRID_59a26d37-216f-41c2-97f7-81fc3e101d36,"There are 23 countries that have academies representing the regulation of the Spanish language, according to the Association of Spanish Language Academies. The Cervantes Institute estimates there are 559 million Spanish speakers worldwide and the U.S. Census Bureau predicts that the U.S. will have 138 million Spanish speakers by 2050, making it the biggest Spanish-speaking nation on earth. [1]",HAGRID,1,1,1,1,0.8063698071031564,-1
ood,HAGRID_d5507f17-9fe6-4e29-936b-72383bcdb2a0,"The existence and function of insulin, a chemical produced by the pancreas, were further clarified by Sir Frederick Grant Banting and Charles Herbert Best in 1921 [1].",HAGRID,1,1,1,1,0.7930230037639324,-1
ood,HAGRID_4c5e4cfd-9fe2-46c6-a832-648393b632c6,"Hashimoto's disease, also known as Hashimoto's thyroiditis, is associated with Hashimoto's encephalopathy. [8]",HAGRID,1,1,1,1,0.7265080915724219,-1
ood,HAGRID_4fcf0d32-3413-4786-b0d1-eb9cb8fbbea3,"No, Buddhism does not believe in Jesus. According to the given context, there are significant differences between Buddhism and Christianity, including their views on monotheism, non-theism, karma, and the crucifixion of Jesus, which clearly indicate that Buddhism does not believe in Jesus. [1]",HAGRID,1,1,1,1,0.8061340972150782,-1
ood,HAGRID_54a7ac1f-df84-4d96-8ba3-f2343733bde2,"Additionally, Junta was a pre-planned part of the program of the ""Movimento das Forças Armadas"" (Movement of the Armed Forces), which aimed to exercise political power before the formation of a civilian government in Portugal [5].",HAGRID,1,0,1,0,0.4536646466263068,-1
ood,HAGRID_b6d08538-d115-450e-963e-9c45b8ac45d9,"The first power amplifier was created around 1912, thanks to the invention of the first practical amplifying electrical component, the triode vacuum tube, by Lee De Forest in 1907 [1][2][3]",HAGRID,1,1,1,1,0.7765223066882037,-1
ood,HAGRID_0c713783-9153-4ce1-80dd-f4a3606153a6,"The context about the LRA provides information about the number of soldiers in that particular group, but it is not related to the US Army [2].",HAGRID,1,1,1,1,0.8093118256305782,-1
ood,HAGRID_f26448dc-770e-48e2-931d-88c07d517873,"The International Court of Justice was formed in 1946 as the successor to the Permanent Court of International Justice, and it was established in 1945 by the UN Charter [1, 2].",HAGRID,1,1,1,1,0.8048885389432816,-1
ood,HAGRID_cd47dbc6-53bb-43fc-88c7-93992aec1b47,"The Gas attacks at Wulverghem took place on April 30th and June 17th, 1916 [2].",HAGRID,1,1,1,1,0.6834468689303873,-1
ood,HAGRID_54bae161-4621-4257-afb5-fb8440415ed9,The Autodromo Hermanos Rodriguez was built in 1959 [1].,HAGRID,1,0,0,0,0.46036435856617064,-1
ood,HAGRID_128307c4-181b-4f8f-83d9-e2171231defd,"The Sahara desert is about 932 miles from north to south and 2,484 miles from east to west [1].",HAGRID,1,1,1,1,0.690962016519762,-1
ood,HAGRID_8d998643-73d5-4ceb-aa90-149f50cb78b4,"No, ""Prey 2"" was planned as a sequel to the 2006 game but it fell into development hell and was eventually cancelled in 2014. [1]",HAGRID,1,1,1,1,0.6682449380864822,-1
ood,HAGRID_43ec6c13-22c2-4029-9ece-554850adc49b,Ductility can also refer to the capacity of a rock to deform to large strains without macroscopic fracturing [3].,HAGRID,1,1,1,1,0.800187943599279,-1
ood,HAGRID_4aaaabe0-25d8-4fe1-bcd6-9bec25ee53bd,"Written music was first developed in the Medieval period, as monks developed the first forms of modern European musical notation in order to standardize liturgy throughout the worldwide Church. [1]",HAGRID,1,0,0,0,0.46420478961804007,-1
ood,HAGRID_e34f05a1-055d-4f9c-80f3-f1de3e644f33,"The TV show ""90210"" first aired on October 4, 1990 as per the context [1]",HAGRID,1,0,1,0,0.4524689639862154,-1
ood,HAGRID_c9a83ef8-d1cf-4e6d-babd-da1cba609b0e,"Based on the given context, the fastest fighter plane used by the U.S. in World War II is not mentioned. The context only provides information about the Republic P-47 Thunderbolt, its primary armament, weight, and effectiveness in combat roles [1].",HAGRID,1,1,1,1,0.7984930252743427,-1
ood,HAGRID_891567ba-0fcc-401d-9606-a2002b39fb40,"The network that originally aired ""Homicide: Life on the Street"" is NBC [1].",HAGRID,1,1,1,1,0.806790783187725,-1
ood,HAGRID_d9d75562-4b11-4520-87cb-3f9c12ff428f,"The First Sino-Japanese War was fought between China and Japan from July 25, 1894, to April 17, 1895, primarily over influence in Korea. [1] The war resulted in six months of unbroken successes by Japanese land and naval forces, and the Qing government sued for peace in February 1895. [1] This war is the subject of the 2012 Chinese historical war film, ""The Sino-Japanese War at Sea 1894,"" directed and written by Feng Xiaoning. [2][4]",HAGRID,1,1,1,1,0.7014433910910874,-1
ood,HAGRID_c1ee22f2-7951-476c-a3bf-1a77cb97d4a6,"Casualty statistics for World War I vary greatly, with estimates of total deaths ranging from 9 million to over 15 million. Military casualties reported in official sources list deaths due to all causes, including an estimated 7 to 8 million combat-related deaths and another two to three million military deaths caused by accidents, disease, and deaths while prisoners of war [1].",HAGRID,1,1,1,1,0.797749882819069,-1
ood,HAGRID_fb75bde7-3b22-40c7-a86d-33d0089c7e68,"The judicial system of Portugal is called the Judicial Order (""Ordem Judicial"") and it includes the Supreme Court of Justice in Lisbon as its superior body, as well as five intermediate level courts called ""Relação"" and the judicial courts of first instance. [1]",HAGRID,1,1,1,1,0.8057565402341277,-1
ood,HAGRID_ffe8217a-df3f-437c-96de-761fd488db43,"The oak barrels can be new, previously used to age wine or spirits or wood chips, spirals or cubes may be added to the conditioning tanks [4].",HAGRID,1,1,1,1,0.7257653757251779,-1
ood,HAGRID_bd43975e-ae71-4101-aa0c-a63b5ea49887,"The French Republic abolished slavery in its colonies in 1794 [1][3], but it was later restored by Napoleon with the Law of 20 May 1802 [1]. France re-abolished slavery in its colonies in 1848 [2][3]",HAGRID,1,1,1,1,0.7493287645978369,-1
ood,HAGRID_c29465fb-2e37-4649-930d-3a81b0079fa6,"The species of monkey that soaks in Japanese hot springs is the Japanese macaque or snow monkey [1,2].",HAGRID,1,1,1,1,0.8069294842905923,-1
ood,HAGRID_3f8f1502-1acc-4989-90d3-f114c289d9c7,"Yes, Hashimoto's is a disease that attacks the thyroid gland and causes its gradual destruction. [1]",HAGRID,1,1,1,1,0.8094109650106915,-1
ood,HAGRID_c25ca774-dd3b-4dea-99bd-4582a8071970,"France joined World War I on August 3, 1914, when Germany declared war, after realizing that a war with Russia meant a war with France, and so its war plans called for an immediate attack on France [1][2]",HAGRID,1,0,0,0,0.4154990595106237,-1
ood,HAGRID_10d25d3f-c89a-43fa-ace5-2465bbde17e2,"As many as 1200 Jehovah's Witnesses died in custody, including 250 who were executed [1, 2, 3, 4].",HAGRID,1,0,1,1,0.5333619115216276,-1
ood,HAGRID_36016e1f-4247-499a-a472-0ee5f7748e4d,But the forecast given in April 1990 only mentioned that six storms would reach hurricane status [1].,HAGRID,1,1,1,1,0.748324365643969,-1
ood,HAGRID_b888759d-4f8b-497e-ac78-c5ca5636dc9e,"However, the discovery of a role for the pancreas in diabetes is generally credited to Joseph von Mering and Oskar Minkowski in 1889 [1].",HAGRID,1,1,1,1,0.7864583150755674,-1
ood,HAGRID_bf08a02d-c334-4ecc-9d77-c8eef20ddd6f,"Armenia remained a part of the Soviet Union until its dissolution in 1991 [5, 7].",HAGRID,1,1,1,1,0.7720964845952148,-1
ood,HAGRID_9f2929d6-2cbb-4e79-a3f5-0a1e9484fdd9,"As of 2016, 67% of South Asian-Canadians live in the Toronto and Vancouver areas, where most Asian Canadians are concentrated. [2, 5]",HAGRID,1,1,1,1,0.7991212089311587,-1
ood,HAGRID_a550f5d5-59d3-4a35-85b3-9835ab5d39c6,"The length of the optic nerve varies based on its location within the anatomy. Its component lengths are 1 mm in the globe, 24 mm in the orbit, 9 mm in the optic canal, and 16 mm in the cranial space before joining the optic chiasm. [1]",HAGRID,1,1,1,1,0.8036557745209584,-1
ood,HAGRID_7de99b57-3bc8-49bf-b55f-8dc3bbfce2e5,"Ching Shih was the female pirate who controlled China's waters during the Jiaqing Emperor period of the Qing dynasty in the early 19th century. She commanded over 300 junks manned by 20,000 to 40,000 pirates [2].",HAGRID,1,1,1,1,0.7034286755317004,-1
ood,HAGRID_3788121e-30cd-47d7-8dea-7b60641489d1,"Filipino Canadians are the third-largest Asian Canadian group in the nation after the Indian and Chinese communities. They are also the largest Southeast Asian group in the country. The Filipino population in Canada has been growing yearly due to Canada's more liberal immigration laws to compensate for their low population growth, and it is projected to reach between 1.9 and 2.1 million by 2031. [1, 4]",HAGRID,1,1,1,1,0.5158210787157946,-1
ood,HAGRID_1676bdba-9216-4ac2-ade0-5e7128e9d6ce,"Yes, medications can cause Long QT. The Long QT syndrome is often a genetic condition (context [1] and [3]), but a prolonged QT interval can be induced by certain medications (context [1] and [4]). Drug-induced QT prolongation may be caused by the use of antiarrhythmic drugs, antibiotics, or antihistamines (context [1]). Clarithromycin is an example of a medication that can lead to a prolonged QT interval (context [4]). Abnormalities in the QT interval increase the risk of developing abnormal heart rhythms and sudden cardiac death (context [2]).  [1][2][4]",HAGRID,1,1,1,1,0.8022916676486699,-1
ood,HAGRID_b645173f-7475-40ec-8d94-cb0d8cecd163,"as well as using her sense of hearing and ability to ""see"" through animals [2].",HAGRID,1,1,1,1,0.8074538858613338,-1
ood,HAGRID_e3197d2a-b6e5-4b9a-b711-b3c4a98344a6,"Le Corbusier was born in La Chaux-de-Fonds, a small city in the French-speaking Neuchâtel canton in north-western Switzerland, in the Jura mountains, just across the border from France. [1][2]",HAGRID,1,1,1,1,0.7945379345522454,-1
ood,HAGRID_cf76d98e-fc6a-40d6-8828-8bdd2fa03994,"The capital of Angola is Luanda [1, 2, 5, 6, 7, 8].",HAGRID,1,1,1,1,0.799493316017848,-1
ood,HAGRID_9b304f56-9bc7-42f7-9c65-5f3ddfe394cb,Socrates was born in Alopeke [1].,HAGRID,1,1,1,1,0.7926820090700751,-1
ood,HAGRID_d4c0e924-e8c0-4b7d-9e01-c07872f3c649,"The Scott Pilgrim series consists of six volumes [2, 4].",HAGRID,1,1,1,1,0.7818461131762825,-1
ood,HAGRID_44a32ecc-6a9b-4afd-891c-8aef785ce6c7,"The Commonwealth of Nations is a political association of 53 member states, most of which were once territories of the British Empire. It was created as the ""British Commonwealth"" through the Balfour Declaration in 1926 and formalized by the United Kingdom through the Statute of Westminster in 1931. The modern Commonwealth was established by the London Declaration in 1949, which established the member states as ""free and equal"". The Queen Elizabeth II is the Head of the Commonwealth and head of state of 16 member states. The Commonwealth's membership includes both republics and monarchies [1-3].",HAGRID,1,0,0,0,0.3075180900363466,-1
ood,HAGRID_1521d54b-4b5a-4277-9aa9-776b995395d9,"The first drug approved by the FDA to treat clinical depression was Prozac, which was approved in 1987 [1].",HAGRID,1,0,0,0,0.3163587736581514,-1
ood,HAGRID_bc58f2b8-d7a3-439a-86c1-262537c37aad,"The color of the smoke when a new pope is elected is white [1,4,6].",HAGRID,1,0,0,0,0.45113696466924635,-1
ood,HAGRID_19930959-599b-468a-b9be-c73ce6cb059a,"Based on the given context [1],",HAGRID,1,1,1,1,0.538367809339647,-1
ood,HAGRID_1520e31f-d8c8-47b1-bc60-c814ad3068ca,"Additionally, according to the report ""El español, una lengua viva"" by the Cervantes Institute, there are 559 million Spanish speakers worldwide, with Spanish being the mother tongue of almost a third of the citizens of the United States [1].",HAGRID,1,0,1,1,0.5706401543224987,-1
ood,HAGRID_1989a9f5-3fa1-4ab1-bb44-785bb20f6a7d,"The Navajo population today is approximately 356,890 as of the 2016 census [2].",HAGRID,1,0,0,0,0.29757025123989944,-1
ood,HAGRID_8fd8758c-a60f-41ec-ad06-b2027d775642,"The presence of other individuals also reinforces mutual denial and diffusion of responsibility, contributing to the bystander effect [2].",HAGRID,1,1,1,1,0.8024465715894575,-1
ood,HAGRID_c0bace5e-a0af-401a-8301-69251efc1a5c,"The wine is aged in oak barrels, which can vary in size and style, with the most common barrels being the Bordeaux barrique style and the Burgundy style barrel [2].",HAGRID,1,1,1,1,0.8093847374138624,-1
ood,HAGRID_41a3a41f-8969-4851-806b-f6370c0be554,". Fengjia Night Market in Taichung was previously claimed to be the largest [4],",HAGRID,1,1,1,1,0.5107521263651216,-1
ood,HAGRID_f12ce8fc-a81a-42df-bf85-8f55ae97545f,"Karl Marx and Friedrich Engels wrote ""The Communist Manifesto"" in 1848, which expressed what they termed ""scientific socialism"" [2].",HAGRID,1,1,1,1,0.8052237118034469,-1
ood,HAGRID_e1aa3d02-ac33-4535-8c2d-21d6fc50675a,"that India and Indonesia are few democracies in the Asian region, which can be projected as a real democracy, indicating that Indonesia is currently considered a democracy. Therefore, yes, Indonesia is a democracy. Reference: [1]",HAGRID,1,1,1,1,0.7969958527058082,-1
ood,HAGRID_378d9851-cac9-47f5-b41d-5e328dee4240,Tamil has 12 vowels according to both contexts [1],HAGRID,1,1,1,1,0.7124960989847966,-1
ood,HAGRID_e61d3b9d-1302-4ede-b489-6e92d3b98fa8,"Octavia E. Butler's first novel was ""Patternmaster"" [2].",HAGRID,1,0,1,1,0.534120605877085,-1
ood,HAGRID_1611d476-04fd-4934-b868-82f14b4222dd,"The recaptcha system was originally developed by Luis von Ahn, David Abraham, Manuel Blum, Michael Crawford, Ben Maurer, Colin McMillen, and Edison Tan at Carnegie Mellon University's main Pittsburgh campus [1].",HAGRID,1,1,1,1,0.7673273437758733,-1
ood,HAGRID_d191a1ca-26aa-49cd-a124-36bd998a7a1f,"The first installment of the series was developed by Team Silent, a group in Konami Computer Entertainment Tokyo [1].",HAGRID,1,1,1,1,0.8019082677478683,-1
ood,HAGRID_cb637e64-e9ae-475a-a6f6-68a8d1d78e3f,"According to the contexts provided, the Subic Bay naval base was located in Zambales, Philippines [1]. After its closure in 1992, it was transformed into the Subic Bay Freeport Zone by the Philippine government [1][3]",HAGRID,1,1,1,1,0.8086044176437945,-1
ood,HAGRID_fd866f3f-04a8-42e3-aae4-3f4fa79a3b21,The most watched news network is Fox News. [1],HAGRID,1,1,1,1,0.8021519486132016,-1
ood,HAGRID_ef1e4fd4-bc16-4499-95d3-72ddafe8712b,"The main character of The World Ends with You is Neku Sakuraba [3, 4].",HAGRID,1,1,1,1,0.8052584293730068,-1
ood,HAGRID_26ccde0e-9c67-407e-9999-dfec964aaebb,It is not stated how many copies 'Salem's Lot sold in the given context. [1],HAGRID,1,1,1,1,0.8095724248169595,-1
ood,HAGRID_bc0e5052-088f-41e4-b783-c8c5632dfae3,The Commonwealth of Independent States was formed on 8 December 1991 [1].,HAGRID,1,1,1,1,0.8001360636947107,-1
ood,HAGRID_d35918d4-1cee-4e4b-9b50-6069e465cbd3,John M. Morton designed Kinkabool in March 1959 [2].,HAGRID,1,1,1,1,0.724710953207997,-1
ood,HAGRID_5d81d49a-3880-49ea-9de4-58b70bd48f6a,"Based on the given context, there is no indication that Madelyne ""Maddie"" Jennifer Pryor-Summers has super powers. She is primarily described as a supervillain who was originally the love interest and later the first wife of Cyclops, a leader of the X-Men. Her biography is complicated due to retcons involving her character and that of Jean Grey, and she eventually becomes a supervillain after undergoing numerous traumas [1].",HAGRID,1,0,1,1,0.5206445468233823,-1
ood,HAGRID_a5331c4c-63ee-4c78-94e4-970ed504bfdb,"""Leave It to Beaver"" ran for six full 39-week seasons, which is equivalent to a total of 234 episodes [1].",HAGRID,1,1,1,1,0.8067662653096994,-1
ood,HAGRID_2f4da0aa-b426-404a-8092-1dd4d72e5009,"No, the Subic Bay naval base is not active anymore. It was closed in 1992 when the US Navy left the Philippines [1][2][3]",HAGRID,1,1,1,1,0.8070323100632365,-1
ood,HAGRID_e5519cb5-c9df-45d6-9dd8-6f10bfd35e75,"Based on the given contexts, it depends on the country and the specific job title for engineering technologists. In the United States, technologist certification requires a bachelor's degree in an engineering technology program accredited by the Engineering Technology Accreditation Commission of the Accreditation Board for Engineering and Technology (ETAC/ABET) [4].",HAGRID,1,1,1,1,0.8079892969529099,-1
ood,HAGRID_cff06929-c8b4-4e14-b030-b2e306c047f5,"Based on the given context, approximately 63 million people live in Thailand. [1]",HAGRID,1,1,1,1,0.8088308428346686,-1
ood,HAGRID_ff1d8139-1336-446b-acea-31a75d69f802,It is also recognized as an official cocktail by the International Bartenders Association [3].,HAGRID,1,1,1,1,0.8084052652560537,-1
ood,HAGRID_3922061e-c6c8-43bd-829f-63152d4a3668,A microbe is a microscopic organism that may exist in its single-celled form or in a colony of cells [2][3],HAGRID,1,1,1,1,0.7809598294232832,-1
ood,HAGRID_057b4207-ee52-4bc2-92d9-0bfd08864b47,"Margaret Claire Hoover was born on December 11, 1977 [1].",HAGRID,1,1,1,1,0.79751982146812,-1
ood,HAGRID_1d4bd967-33d1-4b8b-92e9-26c690e36c58,"The Commonwealth was originally created as the ""British Commonwealth"" through the Balfour Declaration at the 1926 Imperial Conference and formalised in 1931 through the Statute of Westminster. [3]",HAGRID,1,1,1,1,0.7815067785274565,-1
ood,HAGRID_5db49ea4-25b9-44df-8104-3631a94d591d,"South Africa became a republic on May 31, 1961, after a referendum held on October 5, 1960, where 52.29% of the white voters supported the idea of becoming a republic [3]. The country left the British Commonwealth on the same day it declared itself as a republic [2]. South Africa had to reapply for continued membership of the Commonwealth but was expelled due to its apartheid policies [1][5]",HAGRID,1,1,1,1,0.6695153808881216,-1
ood,HAGRID_fb7d3f58-3c30-4881-937c-0466ce01f151,"No, Catholicism has not always been the national religion of Spain. Catholicism became the state religion in 1851 when the Spanish government signed the Concordat of 1851 with the Vatican. However, the Spanish Constitution of 1978 abolished Catholicism as the official state religion, while recognizing the role it plays in Spanish society [3][5]",HAGRID,1,1,1,1,0.6887360367316117,-1
ood,HAGRID_9a16b26d-f097-4a03-81a7-c1d7cfd8187e,"Gabrielle Bonheur ""Coco"" Chanel was born in Saumur, Maine-et-Loire, France, in 1883, in the charity hospital run by the Sisters of Providence [1, 2].",HAGRID,1,1,1,1,0.6046441628479792,-1
ood,HAGRID_4438f7a9-c84d-4259-8b74-dfb6fc974fea,"The headquarters of the British Admiralty is located in Admiralty House in Mount Pearl, Newfoundland [1].",HAGRID,1,0,0,0,0.38693830368111976,-1
ood,HAGRID_27e7e1d5-0529-4f28-aad7-1cf8c79d1cdc,"the stomach, pancreas, and small intestine. [1]",HAGRID,1,0,0,0,0.3264529146641035,-1
ood,HAGRID_27a89be3-f053-4ad5-b199-686be2c0c296,"The book, ""Whose Names Are Unknown"", was eclipsed in 1939 by the success of ""The Grapes of Wrath"" and was shelved until it was finally published in 2004. [2]",HAGRID,1,0,0,1,0.5482179713457531,-1
ood,HAGRID_0b308e50-96b3-45a4-8ab8-c8410da24f19,Mandarin is the dialect of Chinese that has the most speakers. It has around 960 million speakers. [1],HAGRID,1,1,1,1,0.805299236121888,-1
ood,HAGRID_388717a4-786e-4c8e-a28a-fa4041466eaf,"The first movie about space is considered to be ""Le Voyage dans la Lune"" created by Georges Méliès in 1902 [1].",HAGRID,1,1,1,1,0.7807175533268185,-1
ood,HAGRID_aad9eb58-472b-491b-9fcb-1f6fde19f1fb,"Needlesticks can result in mild to severe reactions, including hospitalization, bacterial or fungal infections, lacerations, local inflammation, vaccine/antibiotic reactions, amputations, miscarriage and death. [3].",HAGRID,1,1,1,1,0.7092079442637798,-1
ood,HAGRID_3a625df9-acbf-4ee1-86a2-f50f4343de6b,"""Civil Law vs Common Law"". Duke Law School. [2]",HAGRID,1,0,0,0,0.28823418980205545,-1
ood,HAGRID_4720878f-6d00-4aa7-8394-95a4b4d5275d,Kiwi is a flightless bird that is native to New Zealand and belongs to the genus Apteryx and family Apterygidae. [2],HAGRID,1,1,1,1,0.6379345478600476,-1
ood,HAGRID_f164c81c-4725-4fb1-a585-7288f42aec70,"However, the series has been taken over by external developers later on [2].",HAGRID,1,1,1,1,0.8065417742965564,-1
ood,HAGRID_c72be35a-e7fc-43d1-8f71-bebe5a51719a,". It is the strongest national cocktail of Brazil and is commonly consumed in restaurants, bars, and households throughout the country [3].",HAGRID,1,1,1,1,0.7218365914955597,-1
ood,HAGRID_66520148-964e-41ec-ae1b-fcdcc7b4ef5f,"Trench foot is contracted by prolonged exposure of the feet to damp, unsanitary, and cold conditions. [2][3] The use of the word ""trench"" in the name of this condition is a reference to trench warfare, mainly associated with World War I. [3] Affected feet may become numb, affected by erythrosis or cyanosis as a result of poor vascular supply, and feet may begin to have a decaying odor due to the possibility of the early stages of necrosis setting in. [2][3] If left untreated, it can lead to gangrene and may require amputation. [2] Keeping feet clean, warm, and dry is the best way to prevent it. [1][2]",HAGRID,1,0,0,0,0.2903235716485083,-1
ood,HAGRID_a84a1b70-f4b5-444f-943e-99ab892ab425,"There are more than 7,800 students enrolled at UT's Cockrell School of Engineering. [1]",HAGRID,1,1,1,1,0.8093973080702798,-1
ood,HAGRID_6d1bb8e6-9b8b-4720-9a9b-527fc06fde28,"The constellation Musca consists of four stars, with Beta Muscae marking the head, Gamma the body, and Alpha and Delta the left and right wings, respectively. [2]",HAGRID,1,1,1,1,0.7866498482209973,-1
ood,HAGRID_ff46131b-884b-4759-8a07-6c30b9fa4702,"Yes, Phoenix is required for Elixir sites. Phoenix is a web development framework written in Elixir [1]",HAGRID,1,0,0,0,0.3089267336845836,-1
ood,HAGRID_7d7b2836-6a3e-47d8-895c-1738733ca7b0,"The oldest pyramid is the Pyramid of Djoser in Saqqara, Egypt, which was built during the Third Dynasty between the years 2630-2610 BC [2].",HAGRID,1,1,1,1,0.7967930113912088,-1
ood,HAGRID_fcc75fd7-77ed-49be-ae69-ff4e124cd989,"The Toronto District School Board was established in 1998, following the merger of several school boards including the Scarborough Board of Education. [1][2][4]",HAGRID,1,1,1,1,0.7933488842296975,-1
ood,HAGRID_cefefd30-b884-48a9-81c8-8ec9b1adc2a6,"Yes, Romania had a monarchy. The Kingdom of Romania was a constitutional monarchy that existed from 1881 when prince Karl of Hohenzollern-Sigmaringen was crowned as King Carol I of Romania until 1947 when King Michael I of Romania abdicated, and the Parliament proclaimed Romania a republic [1].",HAGRID,1,1,1,1,0.7999803815345955,-1
ood,HAGRID_6349555f-8d87-4863-94c3-595256d6b523,"The Toronto District School Board was established in 1998 [2,4],",HAGRID,1,1,1,1,0.7861569967988514,-1
ood,HAGRID_f65ccb4c-51c5-40b4-a569-34f37543b941,"Nickelodeon network started on April 1, 1979 [1].",HAGRID,1,1,1,1,0.8083440573698268,-1
ood,HAGRID_b66c0acd-1fe6-49a1-baba-6404d77ad8e8,"The first volume of The Kingkiller Chronicle, also known as The Name of the Wind, was published on March 27, 2007 by DAW Books. [1]",HAGRID,1,1,1,1,0.7769104680323698,-1
ood,HAGRID_f6399d4f-7e02-4c83-92da-d3cff99dc5d3,"Based on the given context, it is not possible to provide a direct answer to the question of whether periods cease on progestin only birth control. The provided context talks about the classification of progestins in birth control pills into generations and groups, but it does not mention anything about the effects of progestin on menstruation. More information is needed to answer the question.[1]",HAGRID,1,0,0,0,0.28499965764934193,-1
ood,HAGRID_aea41f20-b1d8-4b09-9ade-c3cf8fb4c69e,"Based on the contexts provided, Kaine Parker is not known to have appeared in any Marvel films. The given contexts only mention that Kaine Parker is a fictional character appearing in American comic books published by Marvel Comics [1].",HAGRID,1,0,0,0,0.29858126512562155,-1
ood,HAGRID_110dbc1d-0bcb-4c42-aa8d-6f96513c60a4,"Alfred Whitmore, an English Pathologist, and C.S. Krishnaswami identified ""Burkholderia pseudomallei"", the causative agent of melioidosis (also known as ""Whitmore's disease"") in opium addicts in Rangoon in 1911. [1][2]",HAGRID,1,1,1,1,0.655758599043703,-1
ood,HAGRID_1a84dd71-455a-423c-a744-78d3500a7302,"Yes, other animals have different blood types like humans. For example, cats have 3 known blood types, cattle have 11, dogs have 12, pigs have 16, horses have 34, and horses have eight major recognized blood groups [1][2]",HAGRID,1,1,1,1,0.7431072688958776,-1
ood,HAGRID_d81df605-ea88-4b76-b2be-da6a20a395b6,"While some mammal species, including bears and wolves, may exhibit preferences for meat or plant matter, humans and chimpanzees have diets that consist of both [1].",HAGRID,1,1,1,1,0.748925004700175,-1
ood,HAGRID_2d6a3d75-6803-4bde-bd89-ed9143b74d72,"Yes, Hashimoto's attacks the thyroid gland leading to its gradual destruction [1].",HAGRID,1,1,1,1,0.8095225767470032,-1
ood,HAGRID_eef2ccfa-6a57-44b5-a72d-b6a8328ad802,"However, it should be noted that all giraffes are considered vulnerable to extinction by the IUCN [2]",HAGRID,1,1,1,1,0.8081424077692899,-1
ood,HAGRID_cb821f8e-4552-4459-b6a6-e65b72c20452,"However, Dean Angelo claimed that part of the problem is politicians and groups like the ACLU who don't know much about policing, and yet are ""dictating what police officers do"" [2].",HAGRID,1,1,1,1,0.5402211080456052,-1
ood,HAGRID_ddce51cf-8b82-45da-a03f-cfdd2cc82b36,"The major political parties in the UK are the Conservative Party, the Labour Party, and the Liberal Democrats [1][3][4]. These three parties are known for representing the UK's traditions of conservatism, socialism, and liberalism, respectively [4]. Additionally, the Scottish National Party has recently gained significant support and has become the third-largest party by number of seats won in the 2015 and 2017 general elections [3][4]",HAGRID,1,0,0,0,0.43634195640708806,-1
ood,HAGRID_22bb465d-2154-4289-9adb-73616fe3ac24,"During Spanish American independence, juntas formed as a patriotic alternative to the Spanish colonial government [2].",HAGRID,1,1,1,1,0.808995048750631,-1
ood,HAGRID_316a80b0-2091-4180-88f0-777af3d701c8,"A typical wafer weighs around half a gram and is made of wheat flour which contains about 10 to 13% gluten, making it harmful for people with coeliac disease if consumed regularly [2].",HAGRID,1,1,1,1,0.8000120016050188,-1
ood,HAGRID_82c386f9-aa3c-4f5a-bb1b-9e9d65dfa793,"Yes, Jor-El is Superman's dad. [1][3][4][5]",HAGRID,1,1,1,1,0.8039739954074556,-1
ood,HAGRID_18981115-3f5c-41e3-8e9b-224dcec60184,NASA stands for National Aeronautics and Space Administration. [1],HAGRID,1,1,1,1,0.7967937473959776,-1
ood,HAGRID_743c12e2-078d-41a7-b13a-5c3e9d2c542e,"However, in many species, cross-matching is not required before the ""first"" transfusion, as antibodies against non-self cell surface antigens are not expressed constitutively - i.e. the animal has to be sensitized before it will mount an immune response against the transfused blood [1].",HAGRID,1,1,1,1,0.7605119718626989,-1
ood,HAGRID_6aa4ec34-5be8-4a02-8478-1ecd5cba7de0,"Representatives are not restricted to voting for the candidate nominated by their party, but generally do, as the outcome of the election effectively determines which party has the majority and will organize the House [2, 3, 4].",HAGRID,1,0,0,0,0.3818191595931678,-1
ood,HAGRID_cb849e97-ea04-4925-bb76-aa9e660917f2,"No, Pearl beer is no longer in production [1].",HAGRID,1,1,1,1,0.8005688555821072,-1
ood,HAGRID_2404f560-a62f-43d5-8d5b-3e0a7e5a01ac,"Yes, Mike O'Malley has a wife named Lisa and they reside in Los Angeles with their three children Fiona, Seamus and Declan. [1]",HAGRID,1,1,1,1,0.7956693092744265,-1
ood,HAGRID_5c5aa01f-8ee3-46c7-bd2b-6d1b5fc80fd4,"Yes, Alex Fletcher is married to Neil Davies and they have a daughter named Yasmin born in 2005 and a son named Hanson born in 2016. [1]",HAGRID,1,1,1,1,0.8005269219032326,-1
ood,HAGRID_c6fbf591-0c69-4d8f-83b0-fa613098f67a,The TT Pro League has ten teams competing in it. [1][2][3][4][5],HAGRID,1,1,1,1,0.7935025114807361,-1
ood,HAGRID_baf3bb70-cf5e-4baa-8a90-95eae0684ab6,"A conurbation is a region comprising a number of cities, large towns, and other urban areas that have merged to form one continuous urban or industrially developed area [1].",HAGRID,1,1,1,1,0.8050604514076913,-1
ood,HAGRID_7f5ea7c4-bc2b-4a5d-9824-3d9c391c5219,Lions kill their own cubs to eliminate competition for their own offspring and to cause the nursing females to come into heat faster [1].,HAGRID,1,1,1,1,0.804284509880533,-1
ood,HAGRID_c55278a1-2593-41b8-a546-15739fe9b9be,The movement gained influence in Denmark and swept much of Europe away from the Catholic Church by the time of the pontificate of Paul III [1].,HAGRID,1,0,0,0,0.2867008078683717,-1
ood,HAGRID_0d2d6c05-7900-4444-a5c9-f9aad047d53e,The Bobo Doll experiment was conducted during 1961 and 1963 [3].,HAGRID,1,1,1,1,0.8082360049923172,-1
ood,HAGRID_4ac5bced-16d6-4e75-a54c-1c117c6df379,"The Portland Trail Blazers were first formed in 1970 [2, 3, 4].",HAGRID,1,1,1,1,0.7916530504944483,-1
ood,HAGRID_ac7324b2-30d8-491f-8f39-cabf87835735,"The name Canada comes from the Saint-Lawrence Iroquoian word ""kanata"", meaning ""village"" or ""settlement"" [2][3]",HAGRID,1,1,1,1,0.7953629578064882,-1
ood,HAGRID_faeb0f94-b9aa-4393-ab17-5452709d3c05,"The movie Scott Pilgrim came out on August 13, 2010 in North America. [2]",HAGRID,1,1,1,1,0.8003730116049912,-1
ood,HAGRID_2de51eb0-18a9-4d79-855a-d48ba0ff29d3,"SIGINT stands for ""Signals intelligence"" [3].",HAGRID,1,1,1,1,0.798947958958165,-1
ood,HAGRID_acaf5a19-f5ed-46f0-9256-29124a5298a9,He also practiced Western medicine in Macau and became the first Chinese doctor to do so [2].,HAGRID,1,1,1,1,0.650177451560313,-1
ood,HAGRID_bccc25a9-6d12-4d51-bb7c-f2bbdb393980,"Furthermore, the Warsaw Pact, a collective defense treaty, was signed in Warsaw among the Soviet Union and seven Soviet satellite states of Central and Eastern Europe in May 1955 during the Cold War [5].",HAGRID,1,1,1,1,0.7931216785445643,-1
ood,HAGRID_b959839e-556d-40bf-a6a5-257a07ebe5d7,Finland has a population of 5.5 million people [1][2],HAGRID,0,1,1,1,0.8038989779647163,-1
ood,HAGRID_16ef0332-1e6d-4af0-aa7c-103f8cee1db3,Supergirl [Television series]. CBS.[2],HAGRID,0,1,1,1,0.8044130956398374,-1
ood,HAGRID_f3e80199-9640-446d-b918-a58e2d5004f1,"According to the given contexts, some ways to keep yourself motivated are to find something new to motivate yourself every week, gain a sense of achievement, praise or entertainment from a learning experience, and practice self-enhancement by either self-advancing or self-protecting. Motivation can be intrinsic or extrinsic, and the motive of self-enhancement becomes prominent in situations of threat, failure or blows to one's self-esteem. [1][4][5][6]",HAGRID,0,1,1,1,0.7992576461983232,-1
ood,HAGRID_601367c1-4947-434a-b979-7d717d1609f8,"it is important to note that the figures reported by the Lagos State Government may be based on their own ""parallel census"" and thus may not be considered reliable by other agencies and groups worldwide. References:[3]",HAGRID,0,0,0,0,0.2850515096484385,-1
ood,HAGRID_6ddf809b-680e-4e59-ad4f-1316124d5a4c,"New Zealand had more species of flightless birds (including the kiwi, several species of penguins, the takahe, the weka, the moa, and several other extinct species) than any other such location. One reason is that until the arrival of humans roughly a thousand years ago, there were no large land predators in New Zealand; the main predators of flightless birds were larger birds.[2]",HAGRID,0,0,0,0,0.2841686247142831,-1
ood,HAGRID_afb5af64-0faf-459b-8043-1b5c7909a026,"Yes, William O'Brien was married. He had two recorded marriages. His second marriage was to his cousin Mary Villiers [2],",HAGRID,0,1,1,1,0.6086937910426283,-1
ood,HAGRID_26dd8a8c-1e74-427b-8787-1258bffd44b3,"Based on the given context [1],",HAGRID,0,1,1,1,0.5633721791829585,-1
ood,HAGRID_88257d20-f218-4c8c-8890-b4c6f0436c2e,The use of copper in tools and the development of saws are characteristics of the Copper Age. [3],HAGRID,0,0,0,0,0.2897345776129673,-1
ood,HAGRID_2a152b0b-ce05-4aa9-89cb-40e2fb4bab82,u (HO) and 22.027 7364(9),HAGRID,0,0,1,1,0.5168970516295265,-1
ood,HAGRID_37bc72d0-0c5d-412a-a0d5-dffc82d6dcb7,The first plane hit the World Trade Center on September 11 at 8:46:40 AM [1][2],HAGRID,0,1,1,1,0.6194890984232737,-1
ood,HAGRID_74646eac-c4a7-40fa-8faa-7239ba15b2d9,"No, the character Danielle ""Dani"" Cage has not appeared in any Marvel films.Explanation: The provided context [1]",HAGRID,0,1,1,1,0.7679674187017932,-1
ood,HAGRID_4e0c7080-8959-420c-88cb-944f7efbdf79,The specialist who makes dentures is called a denturist [1].,HAGRID,0,1,1,1,0.7882977162580957,-1
ood,HAGRID_4ec491fe-4954-443c-9861-5a66277e7451,DiscoverNavajo.com reports that 66% of Navajo tribe members live on Navajo Nation and 96% of the Navajo Nation is American Indian [3],HAGRID,0,0,0,0,0.348822916114124,-1
ood,HAGRID_72c3ea97-df5a-445d-82ed-d878f1748a94,"Source: Sheppard, A. (2013, February 1).",HAGRID,0,0,1,0,0.4464324570675616,-1
ood,HAGRID_85c2695a-f767-42a2-be06-f7623b2afdc0,"There is no clear-cut answer to whether sperm donation is safe or not. While legislation is often put in place to protect against risks such as consanguinity, laws cannot prevent the supply of donor sperm outside of the jurisdiction of the sperm bank or donors from donating elsewhere. The shortage of sperm donors in many parts of the world creates pressure for the availability of donor sperm [1].",HAGRID,0,1,1,1,0.804531055689817,-1
ood,HAGRID_c3b11f9f-acbf-4f32-b7ff-420de03bf5ee,"J. Henderson and M. T. Orleski, “Watson Brake, Louisiana,” in Oxford Research Encyclopedia of Anthropology. Oxford University Press, 2018. [2]",HAGRID,0,0,0,0,0.34681125755396125,-1
ood,HAGRID_d28b1648-be66-4baa-b188-cd22c764cd6e,"The series debuted on CBS on October 4, 1957, and moved to ABC in the following season, where it continued until its conclusion on June 20, 1963 (1957–61)",HAGRID,0,1,1,1,0.6571489668171824,-1
ood,HAGRID_c982699f-8813-4a75-a375-18a38403a1b7,The purpose of this change was to make sure there was always a 29-day period between Election Day and the first Wednesday in December when the electors were required to meet [2],HAGRID,0,0,0,0,0.4874121938649761,-1
ood,HAGRID_da906b7f-58fd-4fa3-94e8-bf9995770c4f,"It is a Japanese superhero team metaseries of TV series produced by Toei Company, Toei Agency and Bandai, and aired by TV Asahi. [6]",HAGRID,0,0,0,0,0.3494459293540786,-1
ood,HAGRID_c39eaa94-766c-4384-808d-2ef9161f5e83,"""Global Status of Commercialized Biotech/GM Crops: 2014."" International Service for the Acquisition of Agri-biotech Applications, Oct. 2014, https://www.isaaa.org/resources/publications/briefs/49/download/isaaa-brief-49-2014.pdf.[2]",HAGRID,0,0,0,0,0.3112808100653666,-1
ood,HAGRID_2d17585b-db40-472b-9a3c-fb1836a0a40b,The first European Grand Prix race was held at the Monza circuit in Italy in 1924 [1].,HAGRID,0,1,1,1,0.7883258399885869,-1
ood,HAGRID_3b67762f-2d4e-479d-8de7-16bcad1b4704,"On the other hand, Austria has set a general speed limit of 130 km/h (81 mph)",HAGRID,0,0,0,0,0.31685789215249005,-1
ood,HAGRID_a46e4896-1a16-4a2d-94a9-7f5e78b89681,"Additionally, there are references to other exoplanets discovered by the COROT mission in different announcements [1, 3, and 4].",HAGRID,0,0,0,0,0.28665875677882324,-1
ood,HAGRID_3c11d263-a886-4ee2-b6c6-0c9bc0a1b80a,"The population of Lagos is disputed, but according to [1]",HAGRID,0,0,0,0,0.2912440603045846,-1
ood,HAGRID_14a4bb7c-0f70-46b1-8a53-8fd6222e32e1,"Charlie Brown is the lead role of the comic strip ""Peanuts,"" syndicated in daily and Sunday newspapers in numerous countries all over the world. He is characterized as a ""lovable loser,"" a meek, kind, innocent, gentle-hearted character with many anxieties, and is depicted as being shy [3][4]",HAGRID,0,1,1,1,0.7956871563189171,-1
ood,HAGRID_16f68c57-20ad-4ed6-99e1-8fde52c10eb0,It was commonly used in fibre-cement products where the asbestos fibres were bound to the cement matrix. [2],HAGRID,0,1,1,1,0.6094704077470293,-1
ood,HAGRID_818c4888-140c-4ec6-8dd1-4cb272caacc3,"""What Percentage of Democrats Are Liberals?"". Gallup.com. N.p., 2021. Web. 25 Jul. 2021.[2]",HAGRID,0,0,0,0,0.3400704588414592,-1
ood,HAGRID_fdc95da8-2579-456a-9463-114a842ce134,"The judicial system of Portugal is called the Judicial Order (""Ordem Judicial"") [1, 4, 5].",HAGRID,0,1,1,1,0.8071191192692314,-1
ood,HAGRID_b8620a22-065e-4554-912a-1e794dabf194,"Arabic is the official language of Egypt, which came to Egypt in the 7th century [5].",HAGRID,0,0,0,0,0.25565478912953893,0
ood,HAGRID_68265df5-e797-492a-b8b9-54f55b714872,"This condition can cause an underactive thyroid leading to symptoms such as weight gain, tiredness, constipation, depression, and general pains [5].",HAGRID,0,0,0,0,0.2916478197465932,-1
ood,HAGRID_fb4c32e5-b290-43c2-bf37-993e12b678f0,"This condition can cause an underactive thyroid leading to symptoms such as weight gain, tiredness, constipation, depression, and general pains [7].",HAGRID,0,0,0,0,0.29797205706671726,-1
ood,HAGRID_1702eece-6ac9-4036-8637-cdc014df1a39,"""Color Light Output is specified in the lumen unit and measures a color projection system's ability to correctly reproduce color brightness.""[3]",HAGRID,0,0,0,0,0.3041568893939044,-1
ood,HAGRID_92fbca2e-3f03-4fa1-b713-05658f0bd9c8,"Unlike humans, horses and other animals do not naturally produce antibodies against red blood cell antigens that they do not possess; this only occurs if they are exposed to a different blood type, such as through blood transfusion or transplacental hemorrhage during parturition [2].",HAGRID,0,0,0,0,0.3176176191470645,-1
ood,HAGRID_f4a71763-5cd3-4900-ad2c-18dacadbf73f,"The Last House on the Left is a 2009 American horror-thriller film directed by Dennis Iliadis and written by Carl Ellsworth and Adam Alleca. It is a remake of the 1972 film of the same name, and stars Tony Goldwyn, Monica Potter, Garret Dillahunt, Spencer Treat Clark, Martha MacIsaac, and Sara Paxton. The film follows the parents (Goldwyn and Potter) of Mari Collingwood (Paxton), who attempt to get revenge on a group of strangers, led by a man named Krug (Dillahunt), that have taken shelter at their home during a thunderstorm.[2]",HAGRID,0,0,0,0,0.39617529261143625,-1
ood,HAGRID_2e48548d-cd3a-4f05-bedc-d037fd32f6f8,"The 3rd Division had been selected as the assault formation to make the first landing. F Troop of 92nd (Loyals), which was trained for a special role, was the only divisional LAA unit to land that day. RHQ and the rest of 318 Bty would land on D +1, while 317 and 319 Btys would arrive in the following weeks. [2]",HAGRID,0,0,0,0,0.4121732842002795,-1
ood,HAGRID_4bd6545b-189d-4d44-a5f8-8d6a3f3d1510,"About AIM Schools. American Indian Model Schools, https://www.aimschools.org/about-us.[3]",HAGRID,0,1,1,1,0.7056261404364983,-1
ood,HAGRID_344441a1-d637-4abc-92dd-4f5830c3f00a,Black smoke indicates a failed ballot [2].,HAGRID,0,0,0,0,0.434017748141981,-1
ood,HAGRID_4b3a12ac-f1b7-44f1-b4bd-61ed5ef27f86,"Furthermore, individuals with autism have been found to have close friendships with one person rather than having groups of friends, and are more likely to have friends with disabilities. Parental attachment can also aid in the quality of friendships in children with autism spectrum disorders [6]",HAGRID,0,0,0,0,0.2904306097164896,-1
ood,HAGRID_c48abb75-2923-4988-ac48-6856c2980007,"Based on the given context [1],",HAGRID,0,1,0,0,0.3228726882682134,-1
ood,HAGRID_d492b472-e354-4352-8ffb-471dafd9b0a8,"Based on the given context [1],",HAGRID,0,1,1,1,0.650219517026194,-1
ood,HAGRID_4f4f2df1-4313-4707-9c81-45be8b481da3,This form of paganism has experienced an average annual growth of 143% from 1990 to 2001 [2].,HAGRID,0,0,0,0,0.4023450984956867,-1
ood,HAGRID_464676f6-7662-48c0-b338-928d8dde0251,The first instrument used to measure time was the sundial [1].,HAGRID,0,1,1,1,0.6457943241074471,-1
ood,HAGRID_76985f36-00c4-4668-a58e-917704c4808c,"T. G. Gutowski et al., “The machine industry,” CIRP Encyclopedia of Production Engineering, vol. 1, pp. 860–866, 2014.[4]",HAGRID,0,0,0,0,0.3428326626099777,-1
ood,HAGRID_54d59959-4d1b-4e31-b2fc-9e5b98d2d753,"""The Sino-Japanese War at Sea 1894,"" Wikipedia, 21-May-2021. [Online]. Available: https://en.wikipedia.org/wiki/The_Sino-Japanese_War_at_Sea_1894. [Accessed: 02-June-2021].[5]",HAGRID,0,0,0,0,0.33009233934219073,-1
ood,HAGRID_c465ff42-ba8f-427d-b451-693c061f7f3a,"Indonesia has gone through different political systems in the past. It had a liberal democracy era that began on August 17, 1950, and ended on July 5, 1957, with President Sukarno's decree on the introduction of Guided Democracy [3-5].",HAGRID,0,0,0,0,0.2936800085136336,-1
ood,HAGRID_650b3a09-677e-4b5a-a977-2ae884a82ded,"Puerto Rico, En.wikipedia.org, 2021. [Online]. Available: https://en.wikipedia.org/wiki/Puerto_Rico. [Accessed: 14- May- 2021].[5]",HAGRID,0,0,0,0,0.40377574372722325,-1
ood,HAGRID_79251242-e483-47e3-b6db-50e81a734561,"""Gondola (dinghy)"" (Website) Available: https://en.wikipedia.org/wiki/Gondola_(dinghy).[7]",HAGRID,0,0,0,0,0.4473542717596419,-1
ood,HAGRID_26f8d5f1-55f1-442e-b044-9b9fc071ab39,"Archimedes' formula for the area of a circle involves multiplying the diameter by one fourth of the circumference. However, this formula was not considered a solution to the ancient problem of squaring the circle, which required constructing the area using only a compass and straightedge. [2]",HAGRID,0,0,0,0,0.4145382767408615,-1
ood,HAGRID_dd7816c4-12e7-4cba-aaa2-7c266c9f7895,The Sporthotel Pontresina was designed by the architect Jakob Ragaz [2].,HAGRID,0,1,1,1,0.6343422068134135,-1
ood,HAGRID_7da40fe2-3dbd-4004-8ee9-7e0d095b27fc,"Yes, Creole is a pidgin of French [3].",HAGRID,0,1,1,1,0.5365762790102935,-1
ood,HAGRID_34cb4713-1811-4f74-98c1-eb460a0729a0,"However, the European Grand Prix title was not awarded as a separate championship until 1938 and was not used again until 1947- the latter time without awarding the European championship title [2].",HAGRID,0,0,0,0,0.43316905623635077,-1
ood,HAGRID_d0fe233b-63d5-46dd-b302-b743dd1d7d03,"Yes, in Argentina, citizens between the ages of 16-18 can vote optionally. However, voting is only obligatory for those who are 18 years old or older. [1, 2, 3, 4, 5]",HAGRID,0,1,1,1,0.8002311661063983,-1
ood,HAGRID_ebb75e45-20e5-46ad-8f11-35bb4ed932d3,"The single was written by Diplo, Ezra Koenig, Beyoncé, Emile Haynie, Josh Tillman, MNEK and MeLo-X [1].",HAGRID,0,0,1,0,0.4978403902414134,-1
ood,HAGRID_f95209d4-9894-4283-9ae3-4b37ae53dc2c,"""Ideological Identification"". Gallup.com. N.p., 2021. Web. 25 Jul. 2021.[6]",HAGRID,0,0,0,0,0.31115368573709373,-1
ood,HAGRID_5196d57c-2538-48d9-a817-52011ff2cd9c,with a wingspan of 188 cm (6 ft 2 in),HAGRID,0,0,0,0,0.29299954329945155,-1
ood,HAGRID_9e08d2b5-cae5-438e-a3f3-a30550171187,The purpose of this change was to make sure there was always a 29-day period between Election Day and the first Wednesday in December when the electors were required to meet [5],HAGRID,0,0,0,0,0.4603085129295691,-1
ood,HAGRID_023eae3b-b721-423b-a716-760be7b4f077,"as the nephew of Eliya XII Denha, who was the Mosul patriarch at that time. [2]",HAGRID,0,1,1,1,0.688095958627562,-1
ood,HAGRID_58425281-66a5-4137-9348-b47851c50132,"""The Lagoon of St. Mark"" by Francesco Guardi. (Painting) Available: https://en.wikipedia.org/wiki/File:The_Lagoon_of_Saint_Mark,_Venice,_by_Francesco_Guardi,_1763-65,_oil_on_canvas_-_National_Gallery_of_Art,_Washington_-_DSC08779.JPG.[6]",HAGRID,0,0,0,0,0.3763299239308588,-1
ood,HAGRID_18e8354e-3692-4ecb-8381-73dcd5faa54c,"Disney's animated film ""Cinderella"" was first released on February 15, 1950 [1][6][7]",HAGRID,0,0,1,1,0.567610947195931,-1
ood,HAGRID_37916c77-4eab-4fde-ad05-b1370f048915,"The size of Antarctica is more than 14 million square kilometers, making it the fifth-largest continent in the world. [1]",HAGRID,0,0,0,0,0.2938105957423939,-1
ood,HAGRID_a14fe6f2-e887-49b3-a197-e30e23dbcb16,"However, it is established that Newton had started his work several years prior to Leibniz and had already developed a theory of tangents by the time Leibniz became interested in the question [4].",HAGRID,0,0,0,0,0.2859033268978102,-1
ood,HAGRID_56fd51e7-d5f9-4745-90c5-791ff1b41352,Richard Siegmund Lindzen studied physics at the California Institute of Technology [1].,HAGRID,0,0,0,0,0.4616494260529244,-1
ood,HAGRID_69cedcb5-28e2-4930-8540-7a2534dde1f6,"Charlie Brown is a fictional character who is the lead role of the comic strip ""Peanuts"" [4]. He is characterized as a person who frequently suffers, and as a result, he is usually nervous and lacks self-confidence [4][3]",HAGRID,0,1,1,1,0.7907507478581121,-1
ood,HAGRID_7d4fe086-92b3-4401-972c-2fd52065c2a7,"Although there are varying length estimates, most of them longer than 6.35 m (20 ft 10 in)",HAGRID,0,0,0,0,0.2894136033227492,-1
ood,HAGRID_86536d44-6359-4482-92c9-e993e2c14083,The population of Tanzania is 55.57 million people. [1][3][4],HAGRID,0,1,1,1,0.807595385298804,-1
ood,HAGRID_eb24d823-4cc5-4bd2-b962-6dad885db4e6,"However, Dean Angelo claimed that part of the problem is politicians and groups like the ACLU who don't know much about policing, and yet are ""dictating what police officers do"" [3].",HAGRID,0,0,0,0,0.2861620573110037,-1
ood,HAGRID_6d1dfcc7-0244-4235-b59c-93021cf3f92d,Richard Siegmund Lindzen studied physics at Harvard University [1].,HAGRID,0,0,0,0,0.4534901579706566,-1
ood,HAGRID_446a56a3-1daa-434b-9986-1c941798a1af,"According to the given contexts, Wagner composed Tristan und Isolde between 1857 and 1859 [1].",HAGRID,0,1,1,1,0.7653759110416474,-1
ood,HAGRID_6ae9eb79-e929-4824-82e7-4095ba87ee58,"u (DO). However, the molar mass of water is 18.0153(3)",HAGRID,0,0,1,0,0.49304060368036123,-1
ood,HAGRID_8bf011e1-c859-4047-8bb4-4c2938551593,"Apart from these sources, PAHs are also found in cooked foods, especially in meat cooked at high temperatures such as grilling or barbecuing, and in smoked fish [1]",HAGRID,0,0,0,0,0.28630685294811864,-1
ood,HAGRID_fc4bd6c5-1a0a-4336-a9fe-0c0a20fc4c1a,"Based on the given contexts, it can be stated that around 6.9 million to 7 million people visit the Eiffel Tower each year [1][2][5][6]. Additionally, the tower is mentioned as the most visited paid monument in the world [2][3][7]",HAGRID,0,1,1,1,0.7978623293913008,-1
ood,HAGRID_d4455303-82c7-45b1-8357-cbb32479ca30,"Megan Fox's first film role was as Carla Santini in the teen comedy ""Confessions of a Teenage Drama Queen"" (2004)",HAGRID,0,0,0,0,0.28721701526709165,-1
ood,HAGRID_ce4aaa27-47de-4d0e-89a8-f3ac754e90b2,"Unlike humans, horses and other animals do not naturally produce antibodies against red blood cell antigens that they do not possess; this only occurs if they are exposed to a different blood type, such as through blood transfusion or transplacental hemorrhage during parturition [3]",HAGRID,0,0,0,0,0.29070991756595155,-1
ood,HAGRID_b984bf53-1e19-4215-9fb0-16ce4d1fd30a,"Denis Dyack, the founder of Silicone Knights, later formed Precursor Games and appeal was filed against Epic Games[5].",HAGRID,0,1,1,1,0.6895116165080061,-1
ood,HAGRID_dbd668de-5d53-4eb9-bd76-82143729021c,The Protestant Reformations started in 1517 when Martin Luther published his Ninety-five Theses [3].,HAGRID,0,0,1,1,0.5395602191312776,-1
ood,HAGRID_4de6a527-35fa-40ae-a36a-89bbefc71d12,The head coach of the San Diego Chargers in the 2014 season was Mike McCoy. [1],HAGRID,0,1,1,1,0.7948860050208215,-1
ood,HAGRID_caa895ae-96ec-4fda-a7a8-5fbbbe3532a7,"Shigley's Mechanical Engineering Design (10th Ed.),",HAGRID,0,0,0,0,0.4190814287490128,-1
ood,HAGRID_9baa7c0e-ceb0-4935-ae08-ba0ccdc6641a,"""Gondola Ride | The Grand Venice Mall"". (Website) Available: https://www.thegrandvenice.in/gondola-ride.[2]",HAGRID,0,0,0,0,0.2877040483593087,-1
ood,HAGRID_ff585949-6c16-41eb-ae18-5105401a231b,"The 3rd Division had been selected as the assault formation to make the first landing. F Troop of 92nd (Loyals), which was trained for a special role, was the only divisional LAA unit to land that day. RHQ and the rest of 318 Bty would land on D +1, while 317 and 319 Btys would arrive in the following weeks. (2 OBLI),",HAGRID,0,0,0,0,0.36471256336669494,-1
ood,HAGRID_33518983-8231-4e52-8cc0-9c38f40a6caf,"On the other hand, wedge tornadoes can have a damage path that is a mile wide or even more [1].",HAGRID,0,1,1,1,0.8074980875531726,-1
ood,HAGRID_a0401d48-89fc-4db1-96d6-b14ab71dadbd,The purpose of this change was to make sure there was always a 29-day period between Election Day and the first Wednesday in December when the electors were required to meet [6],HAGRID,0,0,0,0,0.47870930007878665,-1
ood,HAGRID_5fc1c01a-1a84-45ba-bb4e-44b200b2b600,"However, the European Grand Prix title was not awarded as a separate championship until 1938 and was not used again until 1947- the latter time without awarding the European championship title [4].",HAGRID,0,0,0,0,0.4592295044011461,-1
ood,HAGRID_a4be274d-a55f-45af-9f6c-9e27153c22a8,"it is important to note that the figures reported by the Lagos State Government may be based on their own ""parallel census"" and thus may not be considered reliable by other agencies and groups worldwide. References:[4]",HAGRID,0,1,1,1,0.5840951789592007,-1
ood,HAGRID_2a3a9c02-a3c6-4044-89ef-b4fad23cbc18,"Some Italian wines also use larger barrels such as hogshead barrel, particularly in Barolo and southern France [3],",HAGRID,0,0,0,0,0.2867023068562091,-1
ood,HAGRID_41cebea8-3d6a-4a05-a719-14ca8744c278,The American River originates from the Sierra Nevada mountain range. Its headwaters lie along the Sierra Crest from Mount Lincoln in the north to Winnemucca Lake in the Mokelumne Wilderness [1].,HAGRID,0,1,1,1,0.8023418646725313,-1
ood,HAGRID_9b3a24c8-fbdb-4dd3-ba98-a6a8b20b9ca8,What is an engineering technician? Retrieved from https://www.imeche.org/careers-education/education-skills/what-is-an-engineering-technician[4],HAGRID,0,1,1,1,0.5822895675046297,-1
ood,HAGRID_0f729c64-8c0b-4a95-bbb3-12faa4433ae2,"as well as using her sense of hearing and ability to ""see"" through animals [3].",HAGRID,0,0,0,0,0.29816950985578217,-1
ood,HAGRID_180f4654-1760-422c-8c73-66e8e5d39d23,"""Stream channel,"" Wikipedia. [Online]. Available: https://en.wikipedia.org/wiki/Stream_channel. [Accessed: 15-Apr-2021].[5]",HAGRID,0,0,0,0,0.2879775340278139,-1
ood,HAGRID_9090caf3-4ce3-46c1-ab1d-0cb09cc088fc,"Yes, a degree is not always necessary to be an engineering technologist, but it depends on the country and the level of certification. For example, in the United States, technologist certification requires a bachelor's degree in an engineering technology program [4].",HAGRID,0,1,1,1,0.8072373060931471,-1
ood,HAGRID_16859bc2-21c4-485c-a9c2-61f8d919ce0c,"The red imported fire ant, which is the most commonly encountered species in the United States, is originally from Argentina with populations found in various South American countries [6].",HAGRID,0,0,0,0,0.2868798364164816,-1
ood,HAGRID_de8292c1-f6cc-4a2b-a316-b4f1bc56a0e1,"There is no mention of the British Admiralty headquarters being located in Admiralty House in Newfoundland, which is now a museum exhibiting the history of Mount Pearl, Guglielmo Marconi, wireless communications, and the Newfoundland Royal Naval Reserve. [1]",HAGRID,0,0,0,0,0.47912917162222635,-1
ood,HAGRID_f93ba3fe-29e7-4c10-a371-9fa9c60af93a,"Since 2000, the normal route to achieving the ""incorporated engineer"" title in the UK is with a bachelor's or honors degree in engineering [5].",HAGRID,0,0,0,0,0.28396277016503907,-1
ood,HAGRID_35f3ba70-27f6-4c69-886e-77b3e56ca577,"The alcohol content of cider can vary, but in general, it ranges from 1.2% ABV to 8.5% ABV in traditional English ciders, and 3.5% to 12% in continental ciders. However, there are special types of cider that can have higher alcohol content, such as Quebec aperitifs ciders which can have alcohol content up to 20%. [1],",HAGRID,0,0,0,0,0.30030047814900307,-1
ood,HAGRID_2b47c4c9-61e7-4d44-84e8-1dd9d12d55b2,and the demographic studies of wild giraffes suggest that survival rates for both adult giraffes outside protected areas and calf giraffes inside protected areas are low [1].,HAGRID,0,1,1,1,0.7054071531083226,-1
ood,HAGRID_1700a8a0-2ab1-43a7-8364-cf3a78b3665f,"The merging of labor markets is an important feature of a conurbation. A megalopolis, on the other hand, is where the urban areas are close but not physically contiguous and where the merging of labor markets has not yet developed [3, 5].",HAGRID,0,0,0,0,0.2864958160724487,-1
ood,HAGRID_7c0170e5-6854-418a-b8a9-6ddddb7ca0cb,"This occurred after a referendum was held, restricted to whites only, which narrowly approved the decision with 52.29% of voters in favor [2].",HAGRID,0,0,0,0,0.27061440857185554,0
ood,HAGRID_2682046d-1d0b-4259-b38b-fa077b89b0ef,The NBC network is one of the oldest and most popular television networks in the United States [3].,HAGRID,0,0,0,0,0.2868692467228044,-1
ood,HAGRID_b7138b59-b14c-4af9-8c0d-4eab0efc7187,and the demographic studies of wild giraffes suggest that survival rates for both adult giraffes outside protected areas and calf giraffes inside protected areas are low [3].,HAGRID,0,0,0,0,0.3102036723612762,-1
ood,HAGRID_dd9d72da-7283-44e8-84c2-548b89cedc6f,"The 3rd Division had been selected as the assault formation to make the first landing. F Troop of 92nd (Loyals), which was trained for a special role, was the only divisional LAA unit to land that day. RHQ and the rest of 318 Bty would land on D +1, while 317 and 319 Btys would arrive in the following weeks. [4]",HAGRID,0,0,0,0,0.38343746558936415,-1
ood,HAGRID_43019f91-b985-4694-96c8-be7395520906,"Based on the given context [1],",HAGRID,0,1,0,0,0.3867570557167467,-1
ood,HAGRID_b44c371c-cf2c-40fe-86f7-72aa951be972,"However, as the total number of prisoners increased rapidly, the proportion of Witnesses generally fell to about 3 percent [3].",HAGRID,0,0,0,0,0.28763848373986,-1
ood,HAGRID_1b388424-ed37-47e0-984c-e47ae7c85fd8,"Salvador Lutteroth and Francisco Ahumada chartered the first Mexican owned wrestling promotion called ""Empresa Mexicana de Lucha Libre"" (EMLL) in 1933 which led to the birth of Lucha libre. The term Lucha libre means ""freestyle wrestling"" or literally translated as ""free fight"". [2]",HAGRID,0,0,0,0,0.2914231241177499,-1
ood,HAGRID_7ef8b91c-397b-42a2-923f-fa085deaa537,"Some Italian wines also use larger barrels such as hogshead barrel, particularly in Barolo and southern France [6].",HAGRID,0,0,0,0,0.28647513007747594,-1
ood,HAGRID_1cf0d020-d2e9-4d27-9d25-a63de72b20bc,"The merging of labor markets is an important feature of a conurbation. A megalopolis, on the other hand, is where the urban areas are close but not physically contiguous and where the merging of labor markets has not yet developed [4].",HAGRID,0,0,0,0,0.2876887829187183,-1
ood,HAGRID_e8efed15-3ea5-4a83-b86d-52ebe55b99f0,"The War of the Spanish Succession lasted over a decade, from 1701 to 1714. [2]",HAGRID,0,1,1,1,0.6310244741398199,-1
ood,HAGRID_dbc7557a-e204-41ca-a9de-689c3e309faa,"and ""Brody v. Finch University of Health Sciences Chicago Med. School"" (1998).",HAGRID,0,0,0,0,0.4208300604503173,-1
ood,HAGRID_be994e89-74a1-4537-a9ac-c27d426a154a,"Yes, hassium is radioactive [1][2]",HAGRID,0,1,1,1,0.8088638577916222,-1
ood,HAGRID_bba83cc4-9574-4a70-8b19-6683b9157862,"discovered exoplanets using the transit detection method [3],",HAGRID,0,1,1,1,0.6991379137523209,-1
ood,HAGRID_5aefbd68-da02-4f23-9b2b-e75d829be425,"24% of American voters identify as ""liberal"" or ""very liberal"". However, according to the 2013 poll [5],",HAGRID,0,0,1,1,0.519268591051351,-1
ood,HAGRID_392fb7a5-aeed-4ecc-92c6-62eec79ed689,"Based on the given context, the idea of whether greed can be considered good or not is open for interpretation. The context [1]",HAGRID,0,1,1,1,0.673650725666759,-1
ood,HAGRID_21b4e8c8-dfbb-4acd-bc7f-095877eed7df,The principle of special relativity was discovered by Albert Einstein in 1905 [1][2][5],HAGRID,0,0,1,1,0.5427531359988035,-1
ood,HAGRID_20a2fd17-6b28-4469-8c9a-920b1d195677,"It is also worth mentioning that the first commercially released genetically modified food was the Flavr Savr tomato by Calgene in 1994, which was approved for release in the USA. [2]",HAGRID,0,1,1,1,0.8074443802513082,-1
ood,HAGRID_4ed1a46a-559c-43e0-a92e-c293bb1ed453,"However, it has been stated in context [1]",HAGRID,0,1,0,0,0.3367293083865053,-1
ood,HAGRID_2879e60c-bdb7-4a4f-92ae-37205e9a40d3,"Presidential line of succession: A look at who's next. Retrieved from https://edition.cnn.com/2021/01/20/politics/presidential-line-of-succession-trnd/index.htmlPelosi, N. (2021, January 20).",HAGRID,0,1,1,1,0.5818456649291109,-1
ood,HAGRID_4ebbf975-15ae-4e3c-bc45-32f597a1fd18,"In Wikipedia. Retrieved September 2, 2021, from https://en.wikipedia.org/wiki/Fars_Province[3]",HAGRID,0,0,0,0,0.3479891631451218,-1
ood,HAGRID_7e39f5ae-7e53-48e2-9188-b0ebf3c46b80,"""History: Venice Canals Walkway"". (Website) Available: https://www.venicecanalswalkway.org/history.[4]",HAGRID,0,0,0,0,0.42092535868019476,-1
ood,HAGRID_15326ba8-be1c-408f-be4e-b4534f7a3272,"J. Fearon, ""What Is Civil War?,"" Journal of Conflict Resolution, vol. 58, no. 2, pp. 207–226, Mar. 2014, doi: 10.1177/0022002713515063.[2]",HAGRID,0,0,0,0,0.4371984943868355,-1
ood,HAGRID_b2593091-0612-4344-863b-a6c4d7fb5a0f,"Andes mints were created by Andrew Kanelos who opened a small candy store in Chicago and changed the spelling of his store's name from ""Andy's Candies"" to ""Andes Candies."" [1]",HAGRID,0,0,0,0,0.3572503094415482,-1
ood,HAGRID_8ee546af-2200-48c4-9496-1bf38b77de37,The discovery of graphene was made by Sir Andre Geim and Sir Konstantin Novoselov at the University of Manchester in 2004. [3],HAGRID,0,0,0,0,0.47994171926554124,-1
ood,HAGRID_ffa4ac7a-4483-47f9-baf9-b8c03362ced6,"In Germany, while parts of the autobahns and many other freeway-style highways have posted limits up to 130 km/h (81 mph)",HAGRID,0,1,1,1,0.5636122192421364,-1
ood,HAGRID_b36a4214-4e70-490b-aebc-e01269ee61de,The female lead in The Last House on the Left (2009),HAGRID,0,0,0,0,0.2947291036757838,-1
ood,HAGRID_df65a7dd-30a1-4984-a2ae-940b4b32c327,St Doulagh's Church context information[2],HAGRID,0,0,0,0,0.48934214133062165,-1
ood,HAGRID_ed7769e9-38cc-47a7-98c5-a1e46dd0483f,"It is worth mentioning that the context refers to Linnwood in Australia, not Maryland, United States [2,3].",HAGRID,0,1,1,1,0.7761272670553158,-1
ood,HAGRID_282d2a8a-29a4-4f24-97c2-71b5252ee928,"Yes, the Stackhouse books were made into a show called ""True Blood"" [1].",HAGRID,0,1,1,1,0.7951842803913456,-1
ood,HAGRID_e19e49fc-edf3-418b-840a-89aa48226768,"The limit of two terms was established by the Twenty-second amendment to the US Constitution in 1951 [1, 2, 5, 6].",HAGRID,0,1,1,1,0.8066583337247395,-1
ood,HAGRID_e98dea83-fca1-499c-a2f5-285d864af34d,"CoRoT was capable of detecting changes in brightness of about 1/10,000 and it discovered planets with a size of approximately 2 times that of the Earth, a class of planet called Super-Earth [2, 4].",HAGRID,0,0,0,0,0.2933430998233972,-1
ood,HAGRID_ee7771ec-fec4-4a31-908c-27ddf2c4e2b5,"""Dwight D. Eisenhower"" Political Leaders of the United States. Salem Press Encyclopedia, 2021.[2]",HAGRID,0,1,0,0,0.4193690540907992,-1
ood,HAGRID_1531b82c-c62b-4b6a-a4d4-6beed6e6a1bf,"In open-world games, there are no set levels or specific objectives to be completed in a particular order. The player can move about freely and explore different parts of the game world [2].",HAGRID,0,1,1,1,0.8049414308456879,-1
ood,HAGRID_42e4ad87-4228-4167-9580-e53e72a80836,"India gained independence from the British Empire on August 15, 1947 [1][3][5][6]. The Indian Independence Act 1947, an act of the Parliament of the United Kingdom, partitioned British India into two new independent dominions - India and Pakistan [5][6]",HAGRID,0,1,1,1,0.6978132300412907,-1
ood,HAGRID_00e23bed-8d2c-481b-9aa0-983e7043cac9,"Therefore, the safety of sperm donation depends on various factors, including the reliability of the sperm bank, the screening process for potential donors, and the medical history of both the donor and the recipient. It is recommended that individuals considering sperm donation or using donor sperm seek advice from medical professionals (2003).",HAGRID,0,0,0,0,0.31426523487351327,-1
ood,HAGRID_69b8eee7-c5a0-4ba2-8672-cd7500656db4,"Since 2000, the normal route to achieving the ""incorporated engineer"" title in the UK is with a bachelor's or honors degree in engineering [2].",HAGRID,0,0,0,0,0.4958047275590688,-1
ood,HAGRID_77dbd5e3-c729-4b6e-ac1b-3b79cb0ebab9,"The term ""specialty drugs"" was introduced in the mid-1990s; however, it is unclear from the provided contexts in which year were they designated. [1]",HAGRID,0,0,1,0,0.4968762942657332,-1
ood,HAGRID_a4debaed-dc18-4b86-aa4d-031f4623c612,"The Royal George Hotel in Brisbane was first opened in 1850 [contexts: [1],",HAGRID,0,0,1,1,0.5047787053844708,-1
ood,HAGRID_4f376afd-b868-48a2-b0ed-586557b499a0,"The best selling album of 2017 was Taylor Swift's ""Reputation"". [1][2]",HAGRID,0,1,1,1,0.7735336423559019,-1
ood,HAGRID_4545a422-085c-4b71-a929-eefaaaff55f0,The first female Doctor is Elizabeth Blackwell who received a medical degree in the United States and became the first woman on the Medical Register of the General Medical Council [1].,HAGRID,0,1,1,1,0.7912616705608135,-1
ood,HAGRID_a009d44e-925b-4a12-b569-86bee6c4b16b,"The discovery of graphene was made by Sir Andre Geim and Sir Konstantin Novoselov at the University of Manchester in 2004, where they extracted single-atom-thick crystallites from bulk graphite and transferred them onto thin silicon dioxide. [2][3][4]",HAGRID,0,0,0,0,0.4225259026777452,-1
ood,HAGRID_3314431e-c559-48d9-8562-c2d7a11c74e2,"It is a Japanese superhero team metaseries of TV series produced by Toei Company, Toei Agency and Bandai, and aired by TV Asahi. [4]",HAGRID,0,0,1,1,0.551626097770786,-1
ood,HAGRID_64e612c8-9981-4a82-8d2d-ca4acb0b6398,"S. Lancel, Carthage: A History, Blackwell Publishing, 1999.[7]",HAGRID,0,0,0,0,0.30918726525395723,-1
ood,HAGRID_9135dcc1-3b5e-4f9a-a4f7-e985a4b00dd9,"but during the current renovation project, the seating capacity has been reduced to 78,467 [3].",HAGRID,0,1,0,0,0.30654972825303733,-1
ood,HAGRID_5e42d792-dbee-4825-b8ef-5b18a831154b,"The Navajo Nation is the largest Native American tribe and 96% of this group is comprised of American Indians, with 66% living on Navajo Nation [3].",HAGRID,0,0,0,0,0.3397919625222344,-1
ood,HAGRID_9f996e8e-7674-43f3-be5a-a9f353abc2d6,"Reference: ""In November 2012, the government passed a new law that allowed Argentines between the ages of 16-18 to vote optionally.""[4]",HAGRID,0,0,0,0,0.4265294316782537,-1
ood,HAGRID_0e119b90-fd8f-420c-be70-61e05f998612,"Iranian religions. (2021, August 11).",HAGRID,0,0,0,0,0.4400144738186546,-1
ood,HAGRID_8cbb45f0-99b5-4713-b24f-42f890b629c0,"22,145 square kilometers, which includes [1]",HAGRID,0,1,1,1,0.661258602361891,-1
ood,HAGRID_43c430ed-4744-45a2-bb1f-867cb0e80fe3,"Puerto Ricans do pay some US federal taxes, but not all of them. The residents of Puerto Rico generally do not pay federal income tax but do pay federal payroll taxes, such as Social Security and Medicare [1][2][5][6][7]. However, Puerto Rican residents who are government employees, those with income sources outside of the territory, federal employees, those who do business with the federal government, and Puerto Rico–based corporations that intend to send funds to the U.S. do pay federal income tax [1][2][4][6][7]. Puerto Ricans pay import and export taxes, federal commodity taxes, and social security taxes [1][2]",HAGRID,0,1,1,1,0.7586701861831564,-1
ood,HAGRID_2b400438-e409-43ea-9247-1fd4f5ae7886,"It is a remake of the 1972 film of the same name, in which the female lead was played by Sandra Peabody, who portrayed Mari, and Lucy Grantham, who portrayed Phyllis [2].",HAGRID,0,0,0,0,0.3472679350372696,-1
ood,HAGRID_ddae729d-47bc-4be3-94d3-e1dbf6ca9a5c,The Bobo Doll experiment was conducted in 1961 and 1963 by Albert Bandura [2][3][4],HAGRID,0,1,0,0,0.3999320634222389,-1
ood,HAGRID_849141c2-057f-4008-8dcf-ec5b7c14d21b,"The first president of the People's Republic of China was not Sun Yat-sen, but Mao Zedong according to [2]",HAGRID,0,0,0,0,0.45046785050277544,-1
ood,HAGRID_8be899a0-ade6-4423-9d90-8c201c7a4692,"American Indian Model Schools. Wikipedia, 15 Oct. 2021, https://en.wikipedia.org/wiki/American_Indian_Model_Schools.[2]",HAGRID,0,0,0,0,0.2828553469832776,-1
ood,HAGRID_401afa04-abbb-4d9f-8dc9-a9aec7d50000,"verbal contracts can be official and binding, and there have been cases where students were compensated or entitled to a degree based on implied contracts. However, degree requirement changes are not acceptable and students have the right to notice of these changes. Additionally, decision making should not be arbitrary or discriminate against a student. According to [2],",HAGRID,0,1,1,1,0.7968769399325956,-1
ood,HAGRID_ac081b66-c366-43eb-9a4d-d7145577ec28,"Based on the given context, there is no mention of the character Danielle ""Dani"" Cage. [1]",HAGRID,0,1,1,1,0.7370075587095491,-1
ood,HAGRID_3f2f55b7-c479-4326-b472-fd43877863b8,"The open world design in ""Breath of the Wild"" has been a paradigm shift for open-world design as it rewards exploration and creativity and integrates multiplicative gameplay, physics engine, and chemistry engine, which govern the physical properties of certain objects and how they relate to each other [1]",HAGRID,0,0,0,0,0.33300252831481575,-1
ood,HAGRID_ff7a6294-9480-46df-853f-9414be3aea8c,"Furthermore, individuals with autism have been found to have close friendships with one person rather than having groups of friends, and are more likely to have friends with disabilities. Parental attachment can also aid in the quality of friendships in children with autism spectrum disorders (2018).",HAGRID,0,0,0,0,0.2883010477553342,-1
ood,HAGRID_6756f864-623e-4e5a-bf34-6528a7bc4fee,"The concept of open world in games has been around since the 1980s, but the implementation in ""Grand Theft Auto III"" set a standard that has been followed since [2].",HAGRID,0,1,1,1,0.8035545294688556,-1
ood,HAGRID_19e05dbe-fbb6-4d44-8127-83343cfc5cad,"Although many different units of measure are used for photometric measurements, luminous flux measured in lumens is the most commonly used unit for measuring brightness [4].",HAGRID,0,0,0,0,0.2865740499686457,-1
ood,HAGRID_516dfc64-9b4b-40d4-b858-0f980bc8618f,"The process of preparing a constitution started after India gained independence and the constitution was passed on November 26, 1949, and adopted on January 26, 1950, with a democratic government system [2].",HAGRID,0,0,0,0,0.4234240617903682,-1
ood,HAGRID_4832b34e-ecaa-468b-968a-67587fd370a3,"Engels did not support the use of the term ""Marxism"" to describe either Marx's or his views [2]",HAGRID,0,0,0,0,0.30464279587406445,-1
ood,HAGRID_3ca42faf-6a42-40d7-9fb9-8568754a19a3,"an estimated metropolitan population of over 9,000,000 as of 2011, [3]",HAGRID,0,0,0,0,0.3731970329187538,-1
ood,HAGRID_fb7a069f-4a4e-4a6c-b5a6-78b321a55e17,"As of 2018, Vinatieri, who was born on December 28, 1972, is 46 years old and the oldest active player in the NFL. [1]",HAGRID,0,0,0,0,0.4185317244035781,-1
ood,HAGRID_1ff7629a-00f4-475a-954f-9aa793afa5d0,"Lagos Colony, Wikipedia. [Online]. Available: https://en.wikipedia.org/wiki/Lagos_Colony. [Accessed: 22-Oct-2021].[2]",HAGRID,0,0,0,0,0.34560557825972227,-1
ood,HAGRID_7856b0b2-23e5-4dea-94e8-f843881315f1,"The Great Sejm of the Polish–Lithuanian Commonwealth was not specifically mentioned in the given contexts. However, it is noted that the Sejm was established by the Union of Lublin in 1569 from the merger of the Sejm of the Kingdom of Poland and the Seimas of Grand Duchy of Lithuania [1][2]",HAGRID,0,1,1,1,0.7754137212281218,-1
ood,HAGRID_7ae85c90-6a44-4080-a605-6caff164d083,"it is mentioned that verbal contracts must be made in an official capacity to be binding. Several court cases are cited to support this claim, such as ""Dezick v. Umpqua Community College"" (1979),",HAGRID,0,0,0,0,0.28731662338504754,-1
ood,HAGRID_93ac6aba-7067-4724-b395-90211a82f070,"Turkey's area is approximately 783,562 square kilometers [2].",HAGRID,0,0,1,0,0.48465687678362757,-1
ood,HAGRID_2b2cbe30-e92f-4126-8315-ac8b91c56be3,"London is made of 40% public green space, including 3,000 parks and totaling 35,000 acres.[2]",HAGRID,0,0,0,0,0.2847912763420373,-1
ood,HAGRID_079f4674-327b-45ec-9e2b-e312fdd3de2c,"The song ""Hold Up"" is from Beyonce's sixth studio album, ""Lemonade"" (2016).",HAGRID,0,0,0,0,0.2870055356706789,-1
ood,HAGRID_7184886d-9c7c-44ad-8884-cea8b3d8ba05,"Lagos, Wikipedia. [Online]. Available: https://en.wikipedia.org/wiki/Lagos. [Accessed: 22-Oct-2021].[4]",HAGRID,0,0,0,0,0.3141167584968937,-1
ood,HAGRID_5d1ad5b9-d2d9-45fa-b036-466c28072034,"Mike Pratt was 6'4"" (1.93 m)",HAGRID,0,0,0,0,0.28744085411607684,-1
ood,HAGRID_8d8e831a-d8cd-41b7-832f-91f073e210c0,"The single was written by Diplo, Ezra Koenig, Beyoncé, Emile Haynie, Josh Tillman, MNEK and MeLo-X [2].",HAGRID,0,0,0,0,0.35189670346749957,-1
ood,HAGRID_a70500d6-58ea-4cf2-bba6-89661852e1ef,"Farmer, Sam. ""St. Louis Rams owner is said to plan NFL stadium in Inglewood."" Los Angeles Times, 5 Jan. 2015, www.latimes.com/sports/nfl/la-sp-0106-nfl-inglewood-kroenke-20150106-story.html.[4]",HAGRID,0,0,0,0,0.34900869057427314,-1
ood,HAGRID_cd42a5b2-5ead-4076-a865-d2304bf2aa8b,"It is the oldest stone-roofed church still in use and dates back to the medieval era in the 12th century. However, Christian activity in the site dates back to the time of St. Patrick. St Audoen's Church, on the other hand, is the oldest parish church in Dublin but not the oldest church in Ireland [2].",HAGRID,0,0,0,0,0.3460997777517258,-1
ood,HAGRID_f41d9f40-6ffb-4d68-8f6b-7693228b9687,Starfish - General overview. Marine Species Identification Portal. https://species-identification.org/species.php?species_group=echinodermata&id=121[2],HAGRID,0,0,0,0,0.43107570257979083,-1
ood,HAGRID_a582771b-fcfc-4ea5-8519-34c60bc7a402,"Kazakhstan has a bicameral legislative system, which consists of two houses, one of which is the Senate [1].",HAGRID,0,1,1,1,0.8078182569531416,-1
ood,HAGRID_d991e2bc-dae6-4b8f-b16e-142ebf186c15,Feijoada - Brazil's National Dish. Explore Parts Unknown. [3],HAGRID,0,1,1,1,0.7750426719308324,-1
ood,HAGRID_6e150b5b-7835-40b4-aa37-199bb13af899,"Based on the given contexts, it takes between 7 to 12 years for a live Christmas tree to reach maturity [1][2]. The life cycle of a Christmas tree starts from the seed and depending on the species, treatment in cultivation, climate, soil quality, and cultivation, it may take between 8 to 12 years for a tree to mature. For example, Fraser fir, the most popular Christmas tree species which is grown mostly in North Carolina, takes from 7 to 10 years to produce a high-quality tree [1][2]",HAGRID,0,1,1,1,0.7637352929798247,-1
ood,HAGRID_45ba4987-9951-48d8-930f-3e72215d3a2f,"The network that originally aired ""Homicide: Life on the Street"" is NBC [1, 3, 4, 5, 6].",HAGRID,0,1,1,1,0.8087790010941672,-1
ood,HAGRID_915ef93b-8ac2-488e-ab7d-bd5ce3caa867,Tornadoes can vary in size from only a few feet or couple meters across to a mile (1.6 km),HAGRID,0,0,0,0,0.29066550304212474,-1
ood,HAGRID_fd840848-0032-4c93-8161-aaab0d96a766,"However, the host country is responsible for providing physical protection and security within the refugee camps [1].",HAGRID,0,0,0,0,0.4707255611727906,-1
ood,HAGRID_331b5c01-abee-46a8-b475-73788ae88bf1,"Eiffel Tower. Encyclopædia Britannica. Encyclopædia Britannica, Inc., [Online]. Available: https://www.britannica.com/topic/Eiffel-Tower. [Accessed May 20, 2021].[5]",HAGRID,0,0,0,0,0.29679066599623743,-1
ood,HAGRID_4a5e69b9-e0d5-4c11-b2ec-c149550806e5,"The single was written by Diplo, Ezra Koenig, Beyoncé, Emile Haynie, Josh Tillman, MNEK and MeLo-X [3].",HAGRID,0,0,0,0,0.44919690741506507,-1
ood,HAGRID_d3fb3923-92bf-4914-b997-7663c368510e,"Based on the given context [1],",HAGRID,0,1,0,0,0.30441684268722885,-1
ood,HAGRID_9cc81eb8-0d87-4a6e-8891-890485024aeb,"and ""water:"" (13,930 sq km)",HAGRID,0,0,0,0,0.4111460998803556,-1
ood,HAGRID_891c1f06-d508-40af-8b68-feace3fd8201,"(""Spanish American wars of independence,"" Wikipedia, 2021).[5]",HAGRID,0,0,0,0,0.4069765879609795,-1
ood,HAGRID_2d84be93-3f72-487d-8611-3b3af0e5943d,"[6]. Puerto Ricans are US citizens but not Article 14 citizens and are not fully covered by the American Bill of Rights [4]. Puerto Ricans have no voting representative in the U.S. Congress, but do have a Resident Commissioner who has a voice in Congress [4][5]. Puerto Ricans also pay into Social Security, and are eligible for Social Security benefits upon retirement, but they are excluded from the Supplemental Security Income [3][7]. Overall, residents of Puerto Rico contribute to the American Government but receive limited benefits in return [2][7]",HAGRID,0,0,0,0,0.28526944729131715,-1
ood,HAGRID_57571b0e-9d3d-4ff3-ac1e-59c39596e389,"India gained its independence from the British Empire on August 15, 1947 [1][3][5]. The Indian Independence Act 1947 partitioned British India into two new independent Dominions of the British Commonwealth: India and Pakistan [3][6]. The process of preparing a constitution was started right after achieving independence, and it was passed on November 26, 1949, in the Constituent Assembly. The Constitution was finally adopted on January 26, 1950 [3]. The Indian independence movement, noted for mostly nonviolent resistance and civil disobedience led by the Indian National Congress, contributed to this achievement [5]. The borders drawn by the British led to the formation of Islamic Pakistan and Secular India, which caused several ethnic conflicts [1][6]",HAGRID,0,1,1,1,0.6263490281699402,-1
ood,HAGRID_4058e1eb-e471-4db4-a3c7-0e57b0969508,"Antarctica covers more than 14 million square kilometers, making it the fifth-largest continent [1].",HAGRID,0,0,0,0,0.2843673884430413,-1
ood,HAGRID_0142f9f7-4798-47e1-a191-7b8038bbd38c,and also the creator of reCAPTCHA [3],HAGRID,0,1,1,1,0.7994959392765492,-1
ood,HAGRID_5466f134-1a54-4887-9681-dc25724be27f,The Sejm was a powerful political institution and one of the primary elements of the democratic governance in the Commonwealth [2].,HAGRID,0,1,1,1,0.788499035542827,-1
ood,HAGRID_51143812-e879-413f-b0fb-188c82fd2f06,"S. S. Rao, Manufacturing Technology: Foundry, Forming and Welding, 4th ed. Tata McGraw-Hill Education, 2014.[5]",HAGRID,0,0,0,0,0.3245868264153652,-1
ood,HAGRID_a42b086e-4ff8-4823-9338-a58c663a71f0,The Bronze Age was preceded by the Copper Age which began before 5000 BC. [2],HAGRID,0,1,1,1,0.5909057121427614,-1
ood,HAGRID_56fe22a3-2f7a-4fa9-bd1d-d4bedf8bdda1,"The first Nintendo video game was not mentioned in the given contexts. However, according to context [1],",HAGRID,0,1,1,1,0.8004537806977025,-1
ood,HAGRID_d944c503-1466-4843-87d2-7edb487555d1,which predates Pythagoras. [1],HAGRID,0,0,0,0,0.4630289607210091,-1
ood,HAGRID_6844f993-f540-4f29-b1f7-d2bdfc4cf4aa,discovered exoplanets using the transit detection method [5].,HAGRID,0,1,1,1,0.5326158037191755,-1
ood,HAGRID_b85a50de-ba43-418b-a26a-1013327ee2cc,Reid Bigland was the CEO of Ram but he was tapped to lead the Alfa Romeo brand in North America in 2014 [2].,HAGRID,0,0,0,0,0.39538310531168264,-1
ood,HAGRID_72be3a2d-c832-4d45-b8aa-f8a695a6e6a8,"Adler, A., Berlanti, G., & Kreisberg, A. (2015).",HAGRID,0,1,1,1,0.568993805142241,-1
ood,HAGRID_3f0d129b-a163-4b5e-abbd-ec31555773dd,Israel stretches from north to south and its width ranges from 15 to 90 kilometers [1].,HAGRID,0,0,0,0,0.4071576736555175,-1
ood,HAGRID_ead49ce9-090a-49e7-bdd9-2204ace8a275,"Mike Pratt is 6'4"" (1.93 m)",HAGRID,0,0,0,0,0.2872650251555671,-1
ood,HAGRID_0050c88b-873a-4187-8031-54f104682cb2,"Following its closure in 1992, it was transformed into the Subic Bay Freeport Zone by the Philippine government [3].",HAGRID,0,0,1,0,0.4474686369350687,-1
ood,HAGRID_c1489893-386c-4707-bc04-95fd74a5986d,The first European Grand Prix race was held at Monza circuit in Italy in 1923 [1].,HAGRID,0,0,0,0,0.4206904407109712,-1
ood,HAGRID_03c905bd-ab44-408a-8010-4e41aa863edc,"The length of the episodes for telenovelas is usually between 30 and 45 minutes, and rarely more than an hour, except for final episodes [4,5].",HAGRID,0,0,0,0,0.286724304170266,-1
ood,HAGRID_875430b9-bdb5-4d67-9b48-019a373d5cb3,"The Caipirinha is made out of cachaça, sugar, and lime [1][2][3]",HAGRID,0,1,1,1,0.8066470967086702,-1
ood,HAGRID_aaa8748e-94b5-4245-a782-e80b1bbc6da7,The purpose of this change was to make sure there was always a 29-day period between Election Day and the first Wednesday in December when the electors were required to meet [3],HAGRID,0,0,0,0,0.4471882091441238,-1
ood,HAGRID_1ba25793-fceb-4875-a0d7-bc68b1009d39,Princess Leia's hair was designed by the hair stylist Patricia McDermott [1].,HAGRID,0,0,0,0,0.39695665380395323,-1
ood,HAGRID_f4866f3c-5fca-4499-ae8c-f2fc54789c13,Reid Bigland was the CEO of Ram Trucks brand before Robert Hegbloom took over [2].,HAGRID,0,0,0,0,0.4390189002510065,-1
ood,HAGRID_1692d529-fa72-431c-999e-5cb2a2411ffe,"Based on the given context [1],",HAGRID,0,1,0,0,0.2886502578319748,-1
ood,HAGRID_794bd630-15cc-45ab-b23c-7f722025530c,"The Silent Hill series was published by Konami. [Context 1: ""Silent Hill is a survival horror video game for the PlayStation published by Konami""; Context 2: ""Ōwaku...worked together on 'Silent Hill: Cage of Cradle' (2006),",HAGRID,0,1,1,1,0.6772871809045995,-1
ood,HAGRID_9d5e315a-5f3e-4a0a-88cb-01ba28788fe2,"The red imported fire ant, which is the most commonly encountered species in the United States, is originally from Argentina with populations found in various South American countries [5].",HAGRID,0,0,0,0,0.28741876579347825,-1
ood,HAGRID_b38aacd0-63e1-4f5a-afa7-770ce7f517ca,"approximately 16 million according to data released by the Lagos State Government, and [5]",HAGRID,0,0,0,0,0.34384784440562055,-1
ood,HAGRID_4a79e9b4-6857-4368-9c3d-960ac259a4a7,"""Algiers stream network,"" Environment and Climate Change Canada. [Online]. Available: https://www.canada.ca/en/environment-climate-change/services/water-overview/quantity/monitoring/survey/data-products/algiers-stream-network.html. [Accessed: 15-Apr-2021].[4]",HAGRID,0,0,0,0,0.28884192742393244,-1
ood,HAGRID_8b17be6c-dfd3-4f1d-9ac5-faafb4d93f5f,The Omo River is 760 kilometers long. [1],HAGRID,0,1,1,1,0.5195248535452793,-1
ood,HAGRID_bd85af2f-ae86-4a27-862c-5ec2042806b0,"The engineering technology profession. Journal of Engineering Technology, 29(1),",HAGRID,0,0,0,0,0.37337840092606434,-1
ood,HAGRID_5553de4a-7531-46d9-9c39-55fc0114f230,about a male prostitute who fights against white oppression and spanned a new type of film genre that evolved all the way to what is now the urban blaxploitation horror films of the 21st century [3].,HAGRID,0,0,0,0,0.3192935867728918,-1
ood,HAGRID_f47c459b-bbd0-401b-b846-158d338f0e90,"""Machine Industry in Europe"" by K. Wojtanowski and R. Rosochowski, 2014.[4]",HAGRID,0,0,0,0,0.29886586007282967,-1
ood,HAGRID_9d888bff-1eca-4941-8eed-bf70655f7f5b,The arch-nemesis of G.I. Joe is Cobra [1].,HAGRID,0,1,1,1,0.7314456326873137,-1
ood,HAGRID_21678ebf-e4ae-4275-9ed2-b3c6f024a135,Sun Yat-sen studied medicine at the Hong Kong College of Medicine for Chinese [1][3],HAGRID,0,1,1,1,0.7964613129575165,-1
ood,HAGRID_f73f81de-e02c-42d5-a1d4-d3fe593ee17c,"J. C. Varghese, ""Hot air vs hydrogen balloons – Which are safer?,"" Safety4Sea, 25-Aug-2016. [Online]. Available: https://safety4sea.com/hot-air-vs-hydrogen-balloons-safer/. [Accessed: 9-May-2021].[2]",HAGRID,0,1,1,1,0.5245104624500483,-1
ood,HAGRID_faba7307-2b8f-4704-a775-c71285be6ccd,There are fewer than 650 extant Stradivarius violins in the world today [2][3],HAGRID,0,1,1,1,0.7992143570885583,-1
ood,HAGRID_ad1282f8-3c7c-4ac8-b6b4-bb704ea3d532,"This condition can cause an underactive thyroid leading to symptoms such as weight gain, tiredness, constipation, depression, and general pains [4]",HAGRID,0,0,0,0,0.3533634681161707,-1
ood,HAGRID_6981b58a-b652-4ec3-b55b-ae9586ab54ca,"""Venetian rowing"". (Website) Available: https://en.wikipedia.org/wiki/Venetian_rowing.[9]",HAGRID,0,0,1,0,0.4527541548494369,-1
ood,HAGRID_06c09b44-745e-4291-b941-1b163cb62cce,"Some states require training from board-approved schools, PTCB certification, on-the-job training, or no requirements at all [1].",HAGRID,0,0,0,0,0.2894074334802285,-1
ood,HAGRID_14ab64fa-5b5b-4949-a8d6-c5f420653f1f,"Paz de la Huerta played the character of Linda in the film ""Enter the Void"" [1][2][3]",HAGRID,0,1,1,1,0.7346779300820668,-1
ood,HAGRID_edc8e657-e44d-450b-97ba-cb3eea78912e,"It was originally proposed by him in a paper published on September 26, 1905, titled ""On the Electrodynamics of Moving Bodies."" [2]",HAGRID,0,1,1,1,0.7638153181346625,-1
ood,HAGRID_c41ff8a8-8bd3-4c38-a6db-80b82f559e81,"They were identified by purple triangles [1, 2, 3].",HAGRID,0,0,1,1,0.6617717804139213,-1
ood,HAGRID_1cc08997-f269-4af2-afb5-61bd1d3a2636,"""Interesting facts about gondolas"". (Website) Available: https://www.thelisticles.net/interesting-facts-about-gondolas.html.[11]",HAGRID,0,0,1,0,0.490327014683012,-1
ood,HAGRID_f6370954-d5c1-4cfa-a307-3381ebc9b9b1,"""Legal Systems of the World - An Overview"". HG.org. [3]",HAGRID,0,0,0,0,0.2988826247091336,-1
ood,HAGRID_699b621e-278d-4297-ac80-9cea2300d5b4,"""Lifting Gas,"" HowStuffWorks, 15-Apr-2008. [Online]. Available: https://science.howstuffworks.com/transport/flight/modern/helium3.htm. [Accessed: 9-May-2021].[5]",HAGRID,0,0,0,0,0.34707242077359135,-1
ood,HAGRID_691f6467-9a48-4f37-aef3-f6884e91a1f8,"Italic languages refer to a branch of the Indo-European language family that was originally spoken by the Italic peoples [2][3]. This branch includes the Latin language and its descendants, known as the Romance languages, such as Italian, Spanish, French, and Portuguese [1][3]. It also includes some extinct languages of the Italian Peninsula, such as Umbrian, Oscan, Faliscan, and South Picene [2][3]. Venetic, which was spoken by the ancient Veneti, is sometimes classified as Italic because of its similarities with these languages, but it is also seen as an independent Indo-European language [1][4]. The Italic peoples migrated to the Italian peninsula in two waves, the first wave consisted of Latino-Faliscan languages, including Sicel, which migrated farther south, and the second wave was formed by the Osco-Umbrian languages [2][4]",HAGRID,0,0,0,0,0.2897246386153434,-1
ood,HAGRID_65751638-2afc-4dc3-88e9-5d08abc25317,"which was started in late 2009 at the Pittsburgh campus of Carnegie Mellon University. Therefore, the answer to the question ""who developed Recaptcha?"" is Luis von Ahn with the contribution of several others at Carnegie Mellon University [1-3].",HAGRID,0,0,0,0,0.2898642474038997,-1
ood,HAGRID_af80846c-dfad-4464-80e9-6f118a6fe509,"Additionally, sesame oil, red pepper paste, and sesame seeds are added to the dish for flavor [1].",HAGRID,0,0,0,0,0.285754501863507,-1
ood,HAGRID_c9a36d9a-6fb6-49e2-a972-90b3e3ba25a9,"This occurred after a referendum was held, restricted to whites only, which narrowly approved the decision with 52.29% of voters in favor [5].",HAGRID,0,0,0,0,0.28984139365099826,-1
ood,HAGRID_d5669efe-1ecc-4a67-8ffb-4ded47891b6e,"The Belgian company Plant Genetic Systems was the first company to develop genetically modified crops with insect tolerance by expressing ""cry"" genes from ""B. thuringiensis"" in tobacco plants in 1985 [1 and 3].",HAGRID,0,0,0,0,0.38405603671824196,-1
ood,HAGRID_cad798a1-db78-4021-a975-7aab8ba813d8,"""Major Drainage Systems of Balochistan Province,"" Waterinfo.net.pk. [Online]. Available: http://waterinfo.net.pk/system/files/Major%20Drainage%20Systems%20of%20Balochistan%20Province.pdf. [Accessed: 15-Apr-2021].[2]",HAGRID,0,0,0,0,0.3326531189038294,-1
ood,HAGRID_1741c2bc-a8dd-4aa1-a66d-e5df396dd216,"CoRoT was capable of detecting changes in brightness of about 1/10,000 and it discovered planets with a size of approximately 2 times that of the Earth, a class of planet called Super-Earth [5].",HAGRID,0,0,0,0,0.32468326216429405,-1
ood,HAGRID_897bc9b7-4a70-42ce-9acb-f39dd177daf2,Black smoke indicates a failed ballot [1].,HAGRID,0,0,0,0,0.47211648717316557,-1
ood,HAGRID_bc42f768-f6eb-4712-b9f0-42922f90e17d,"""Alex Hai"". (Website) Available: https://en.wikipedia.org/wiki/Alex_Hai.[8]",HAGRID,0,0,0,0,0.4359500203273684,-1
ood,HAGRID_9ca1cc79-a3a6-4f28-ab5a-5845bf9127fa,"Porsches are manufactured in several places such as Finland, Austria, and Germany. Boxsters were assembled in Finland by Valmet Automotive with others assembled in Zuffenhausen, Stuttgart [1].",HAGRID,0,1,1,1,0.8063477329733133,-1
ood,HAGRID_59566fab-edde-4741-8a9d-438924783cae,"However, it is important to note that Elizabeth Blackwell was not technically a doctor. She was a physician, which is a medical professional who is qualified to practice medicine but does not hold a Doctor of Medicine (MD) degree [2].",HAGRID,0,0,0,0,0.41271953200719985,-1
ood,HAGRID_a893e3f2-0af6-41c9-af96-c6b8ca56f00d,"The U.S. National Debt was $21.1 trillion in May 2018, just over 100% GDP [1].",HAGRID,0,1,1,1,0.7855353978741556,-1
ood,HAGRID_a505bf17-9799-4a9b-8563-9164fc45b227,Feijoada: A Brief History (And How to Make It). Culinary Backstreets. [2],HAGRID,0,0,0,0,0.46321516311749356,-1
ood,HAGRID_a91eb2ea-60ae-418a-b1d8-ffef75b3b25d,"Today, while Navajo is spoken by a significant number of people, efforts at revitalization are necessary to protect the language [2].",HAGRID,0,1,1,1,0.8089196166470438,-1
ood,HAGRID_86e13228-f70c-4574-901d-594662f3a296,"Based on the given context [1],",HAGRID,0,0,0,0,0.38776948202997574,-1
ood,HAGRID_998a2129-6238-4d51-a89d-e858e0ce9e74,"Reference: ""In November 2012, the government passed a new law that allowed Argentines between the ages of 16-18 to vote optionally.""[2]",HAGRID,0,0,0,0,0.3043106257673752,-1
ood,HAGRID_f56117c2-1543-41b0-bc9c-5fa816212dfb,"Don Bluth's second film to direct was ""The Land Before Time"" (1988)",HAGRID,0,0,0,0,0.286636472010508,-1
ood,HAGRID_b55d08b1-b6c5-4e4c-8432-e865dbba517b,"as well as using her sense of hearing and ability to ""see"" through animals [1]",HAGRID,0,0,0,0,0.31351561467982425,-1
ood,HAGRID_4781b3ed-982f-49c0-98c3-ae7be41f1e8c,"Based on the given context, it is not possible to determine whether periods will cease on progestin only birth control. [1]",HAGRID,0,1,1,1,0.6641278913952948,-1
ood,HAGRID_ddddcc5d-5296-4ac5-9f04-20674c65167d,"On the other hand, wedge tornadoes can have a damage path that is a mile wide or even more [2].",HAGRID,0,0,0,0,0.2866813330725968,-1
ood,HAGRID_a71e4fd6-354d-4dc0-9178-0062ec306923,"However, the 2017 game ""Prey"" developed by Arkane is considered a reimagining of the intellectual property and is not related to the planned sequel [1].",HAGRID,0,0,0,0,0.41993838586417775,-1
ood,HAGRID_b7e116af-400c-4c32-bd5e-207ff465eeca,"Christian Arabs in Israel. Wikipedia, Wikimedia Foundation, 17 Oct. 2021, en.wikipedia.org/wiki/Christian_Arabs_in_Israel. [2]",HAGRID,0,0,0,0,0.38135373846300047,-1
ood,HAGRID_e0721bcf-b979-4b62-a36e-9f6cd7844b6c,Sunni Muslims have important figures associated with Kufa and Baghdad as their scholars [2].,HAGRID,0,1,1,1,0.7546992813883202,-1
ood,HAGRID_8d692015-85ae-4d05-a0d0-77474fef78a3,"The Native American group, Navajo, speaks the Navajo language. [Contexts: [1],",HAGRID,0,1,1,1,0.8076676676154367,-1
ood,HAGRID_0bdd95da-c98f-4542-822d-a19aecc9d9b0,"""Institution for the Protection and Conservation of Gondolas and Gondoliers"". (Website) Available: https://www.veve.it/istituzione-per-la-tutela-e-la-conservazione-delle-gondole-e-dei-gondolieri-cenisio/en/home.[5]",HAGRID,0,0,0,0,0.4301205796662322,-1
ood,HAGRID_b15761c5-154f-4fe6-a5fc-ab0e5979a579,"The Protestant Reformation started in 1517, with the protests raised by Martin Luther [1][2][3]",HAGRID,0,1,1,1,0.7988713349380894,-1
ood,HAGRID_28e2be4a-0a31-4998-b2cc-7e3bbe7c0267,Kazakhstan has a bicameral government with the Senate being the upper house of the legislature [1].,HAGRID,0,1,1,1,0.8066579615286882,-1
ood,HAGRID_e1945b97-0e04-4725-b6a5-6ea17cfde6d4,"Israel's area is approximately 20,770 square kilometers [1],",HAGRID,0,0,1,0,0.4591590502832411,-1
ood,HAGRID_a566a396-7996-4a97-8ce9-2e43b95ced20,It happens when transport processes such as diffusion and advection redistribute strain about as fast as it accumulates [2].,HAGRID,0,0,0,0,0.2872360930111753,-1
ood,HAGRID_6c41dcfc-bbd7-47b1-9a99-c6485d1c8bbf,"She was also referred to as Cheng I Sao and was the inspiration for the semi-fictionalized account in Jorge Luis Borges's short story ""The Widow Ching, Lady Pirate"" [1].",HAGRID,0,0,0,0,0.308960191218111,-1
ood,HAGRID_c5114c0d-3bee-40d0-98eb-ae76219c8c34,"The book won the National Book Award and Pulitzer Prize for fiction, and it was cited prominently when Steinbeck was awarded the Nobel Prize in 1962. [1, 5]",HAGRID,0,1,1,1,0.7038427734784027,-1
ood,HAGRID_678e2fa4-382d-4c2e-b733-d674020f220f,"""Why Use Helium Instead of Hydrogen for Balloons?,"" HowStuffWorks, 24-May-2019. [Online]. Available: https://science.howstuffworks.com/helium-vs-hydrogen-balloons.htm. [Accessed: 9-May-2021].[3]",HAGRID,0,0,0,0,0.2806747735725881,-1
ood,HAGRID_937c91a5-c62b-4e71-bbe2-1036cbd36e47,Tom Clancy's real name is Thomas Leo Clancy Jr. [1],HAGRID,0,1,1,1,0.7930895678330241,-1
ood,HAGRID_afe8eb22-d44b-4f65-bd76-f76723966315,The first plane hit the World Trade Center at 8:46:40 am on September 11 [1][2],HAGRID,0,1,1,1,0.6328874637181752,-1
ood,HAGRID_3a83766f-a6a5-4d6a-bba7-3f8ac16e2ca0,Based on the given contexts [1],HAGRID,0,1,1,1,0.5531659483575466,-1
ood,HAGRID_6535cc57-1c24-4ce3-85f0-ab6f88e404cf,"According to the given context [1],",HAGRID,0,1,1,0,0.4854752110207383,-1
ood,HAGRID_8ddfd788-0e3f-4319-a23a-514e85909b24,The Super Sentai Series originated in Japan. [1],HAGRID,0,1,1,1,0.7979319847083074,-1
ood,HAGRID_661752a6-2e75-476a-9ad5-e348b32077ee,"P. Schmitt Pantel, A History of Women in the West: Volume I, pp. 201-202, Harvard University Press, 1992.[3]",HAGRID,0,0,0,0,0.43170275313140555,-1
ood,HAGRID_7813f063-0e8c-47ea-899c-578a638081b3,"Turkey's total area is ""land:"" (769,632 sq km)",HAGRID,0,0,0,0,0.3044813120492117,-1
ood,HAGRID_10a7c2f5-3a02-4496-bbd3-af0bf53cb1b6,"However, as of 2019, there were 10,234 state park units in the United States [2].",HAGRID,0,0,0,0,0.3115528398451654,-1
ood,HAGRID_c2e056fc-477f-49a9-b859-4900665c8a04,"Yes, highways were part of the New Deal. The Public Works Administration (PWA), which was a New Deal agency, built highways along with other public facilities [2].",HAGRID,0,1,1,1,0.759207253997486,-1
ood,HAGRID_1bbb9f1e-ba3e-4f36-b28a-824a8eabebff,"The introduction of SSRI drugs, including Prozac, revolutionized the treatment of depression as they had fewer adverse effects, simpler dosing strategies, and a greater margin of safety in overdoses. [1]",HAGRID,0,1,1,1,0.7725504918070585,-1
ood,HAGRID_5ca2fb8e-6e59-41cb-9fdf-55849a2fbae8,"When the First Modern Olympic Games held in Athens in 1896, Greco-Roman wrestling was introduced as an Olympic discipline.- [3]",HAGRID,0,0,0,0,0.4196112688151052,-1
ood,HAGRID_bd295922-4a95-4e4b-897a-07466694f1a7,"The film ""Nausicaä of the Valley of the Wind"" was adapted from Hayao Miyazaki's manga series ""Nausicaä of the Valley of the Wind"" [4, 5, 6].",HAGRID,0,1,1,1,0.7936201147809777,-1
ood,HAGRID_a57885bf-bc18-4973-8b1d-e98179f3e64e,"it is important to note that the figures reported by the Lagos State Government may be based on their own ""parallel census"" and thus may not be considered reliable by other agencies and groups worldwide. References:[2]",HAGRID,0,0,0,0,0.3366164991313491,-1
ood,HAGRID_82de1515-77fc-47af-9f44-6d9bd58645b0,"""The Sino-Japanese War at Sea 1894,"" IMDb, 2012. [Online]. Available: https://www.imdb.com/title/tt5481966/. [Accessed: 02-Jun-2021].[3]",HAGRID,0,0,0,0,0.30142789354478683,-1
ood,HAGRID_e44efacb-e87f-4346-b819-d3f326fae1b6,USS Lexington (CV-2) was built from 1921 to 1927 [1][3],HAGRID,0,1,1,1,0.7257420558752258,-1
ood,HAGRID_879d50f5-2f07-4595-9453-8619b6b692c1,": J. Lynch, ""The Spanish American Revolutions, 1808-1826, 2nd Edition,"" W. W. Norton & Company, Dec 1986.[4]",HAGRID,0,0,0,0,0.4259913073214756,-1
ood,HAGRID_cdfb0969-18d5-4152-98ee-40c107f835da,"J. T. Kirby, Hannibal's Army, Osprey Publishing, 1998.[2]",HAGRID,0,0,0,0,0.33281830622058794,-1
ood,HAGRID_81adb301-14f6-4750-a00d-8c7768e4abcd,The protagonist in Boogiepop Phantom is Boogiepop [1].,HAGRID,0,0,0,0,0.46162887915954254,-1
ood,HAGRID_01386e6d-64e7-4219-b130-a12d7c9b3fe0,"""Human behaviour genetics"", Wikipedia.[2]",HAGRID,0,0,0,0,0.44606330464470645,-1
ood,HAGRID_ef6701e7-186f-400b-85f8-22df61874720,". It has no stable isotopes and has only been synthesized in laboratory experiments. Most of its isotopes predominantly decay through alpha decay, and its most stable isotope, hassium-277, has a half-life of approximately 10 seconds [2].",HAGRID,0,0,0,0,0.44059199405314414,-1
ood,HAGRID_efe83ce2-47a6-49dd-ad63-945441f76f2a,"J. A. Rusk and Y.-H. Lee, ""The Causes and Consequences of the First Sino-Japanese War, 1894–1895,"" in The Korean Journal of International Studies, vol. 13, no. 2, pp. 309-332, December 2015.[4]",HAGRID,0,0,0,0,0.4535945519436963,-1
ood,HAGRID_71dbee78-c772-4d0e-a5f9-469b043ea025,"Population of Lagos 2021, World Population Review. [Online]. Available: https://worldpopulationreview.com/world-cities/lagos-population. [Accessed: 22-Oct-2021].[5]",HAGRID,0,0,0,0,0.29063936700797305,-1
ood,HAGRID_c07a23f7-7632-44e4-b559-11eb628d3a21,"His title ""Maharajadhiraja"" suggests that he was the first emperor of the dynasty. Although it is not certain how he turned his small ancestral kingdom into an empire, a widely-accepted theory among modern historians is that his marriage to the Lichchhavi princess Kumaradevi helped him extend his political power [2].",HAGRID,0,0,0,0,0.30828049215514336,-1
ood,HAGRID_21c3ed22-d82c-439b-852b-20378e6d8841,it can be concluded that magnesium melts at 652 °C [2].,HAGRID,0,0,0,0,0.27935822018822537,0
ood,HAGRID_031e90ac-30a7-466a-a9c9-ade248b308a4,"Richard Wagner composed Tristan und Isolde between 1857 and 1859. It premiered on June 10, 1865, at the Königliches Hof- und Nationaltheater in Munich. [1]",HAGRID,0,1,1,1,0.7692317950908942,-1
ood,HAGRID_001cc7e4-9af6-49e6-9e2b-2372536880ee,"The magnetic force of the Earth is the magnetic field that extends from the Earth's interior out into space, where it meets the solar wind, a stream of charged particles emanating from the Sun. Its magnitude at the Earth's surface ranges from 25 to 65 microteslas (0.25 to 0.65 gauss).",HAGRID,0,0,0,0,0.3916782036512771,-1
ood,HAGRID_4d26ccb5-10bb-4348-97ee-4e1290902ee7,"""The color brightness specification Color Light Output measures red, green, and blue each on a nine-point grid, using the same approach as that used to measure brightness.""[2]",HAGRID,0,0,0,0,0.2911672061647572,-1
ood,HAGRID_76333952-5861-4a39-a700-93c43f88780a,"The term ""caveman"" is often associated with the Stone Age, but humans did not necessarily live in caves during this time [2].",HAGRID,0,1,1,1,0.7782329937128905,-1
ood,HAGRID_ab15a9a6-35d1-4e99-8994-3f2d8addc87d,"The character of Leslie Knope in ""Parks and Recreation"" is played by Amy Poehler. [1][2][3][4]",HAGRID,0,1,1,1,0.7857799138538214,-1
ood,HAGRID_ce66d856-dd8e-4f7c-92ca-055b0cc5cd90,"The first Atlantic hurricane of 2000 was Hurricane Alberto. It developed from a well-organized tropical wave on August 3, 2000, and strengthened into Tropical Storm Alberto early on August 4. While briefly turning westward on August 6, Alberto reached hurricane status. (contexts [1],",HAGRID,0,0,0,0,0.4873073608979672,-1
ood,HAGRID_36fcecb4-46cf-45c6-9311-50caee6c4f5b,"He is often hit by a line drive back through the box on the same ball he pitched, resulting in him being stripped of all his clothes with the exception of his shorts, a literal example of being ""undressed"" by a hard hit ball [3].",HAGRID,0,1,0,0,0.36427998471991246,-1
ood,HAGRID_c0226bb4-5e4a-4efa-aaa5-d9ebff8bb814,"However, there is no information provided about the salinity or nature of the water in the Caspian Sea. Reference: [1]",HAGRID,0,0,0,0,0.4052530899716292,-1
ood,HAGRID_fa0e552f-80db-416c-896f-be9907bd0cab,"""Healy v. Larsson"" (1974),",HAGRID,0,0,0,0,0.3535586592533005,-1
ood,HAGRID_632ea201-d652-42f6-b5bc-7b93c1164317,"Scotland became part of the Commonwealth in February 1652 [1][2][3][5]. In October 1651, the English Parliament issued the ""Declaration of the Parliament of the Commonwealth of England, concerning the Settlement of Scotland"" which stated that ""Scotland shall, and may be incorporated into, and become one Commonwealth with this England"" [5]. After negotiations and ratifications, the representatives of the shires and Royal burghs of Scotland agreed to the terms of incorporation by taking an oath by 30 April 1652 [5]. The union did not become the subject of an Act until 1657, and Scotland became part of the Commonwealth between the proclamation and the last of the shires to agree to the terms [1][2][3]",HAGRID,0,0,0,0,0.4237497541116873,-1
ood,HAGRID_4a547a87-0b97-4a61-98e8-bf107307c0eb,"Donaldson, C., & Tooker, L. (2012).",HAGRID,0,1,1,1,0.5589918790716384,-1
ood,HAGRID_c08d2f14-ef83-4052-a322-792b953a7b61,Institution of Mechanical Engineers. (2017).,HAGRID,0,0,0,0,0.38922862341050546,-1
ood,HAGRID_f799654d-fda8-4a2d-af6b-ecf39cf44546,"Therefore, the safety of sperm donation depends on various factors, including the reliability of the sperm bank, the screening process for potential donors, and the medical history of both the donor and the recipient. It is recommended that individuals considering sperm donation or using donor sperm seek advice from medical professionals (03)",HAGRID,0,1,1,1,0.7005516340611234,-1
ood,HAGRID_65b10763-6f1c-43c0-99d5-bb382210b154,"Furthermore, individuals with autism have been found to have close friendships with one person rather than having groups of friends, and are more likely to have friends with disabilities. Parental attachment can also aid in the quality of friendships in children with autism spectrum disorders [5]",HAGRID,0,0,0,0,0.2847846331715216,-1
ood,HAGRID_a0c0bf87-c579-44dc-a20f-2ce4086e524b,"P. J. Lee, ""Reactive Hypoglycemia,"" Endotext, MDText.com, Inc, 2020. [Online]. Available: https://www.ncbi.nlm.nih.gov/books/NBK279083/. [Accessed: 01-Aug-2021].[2]",HAGRID,0,0,0,0,0.3387816434903347,-1
ood,HAGRID_a1001b1c-957d-4bb1-9cc5-6999d76daa59,"The Smoke Monster in Lost is a mysterious entity, consisting of a black mass accompanied by mechanical-like sounds and electrical activity within that is also referred to as the Monster. It is established as an antagonist in ""Lost"" from the very first episode, ""Pilot"". The initial plan of the producers was for the monster to represent the id, in a manner similar to the ""id monster"" from the 1956 film ""Forbidden Planet"". However, this idea was changed by the end of season one, when the character Danielle Rousseau describes the monster as a ""security system"" for the Island. According to Rousseau's husband, Robert, the monster is a security system that guards the island's temple. In season six, the final, the Man in Black, who is the main antagonist of the series, is revealed to be the Smoke Monster. The Man in Black, the human alter-ego of the Smoke Monster, seeks to escape the island and forces a final war between the forces of good and evil. [1-4]",HAGRID,0,0,0,0,0.40454992446218535,-1
ood,HAGRID_20eda6d8-a83a-4675-b737-b79c1af8bc5c,"It is a Japanese superhero team metaseries of TV series produced by Toei Company, Toei Agency and Bandai, and aired by TV Asahi. [2]",HAGRID,0,0,1,0,0.4880707019461738,-1
ood,HAGRID_b4a07154-0841-445b-9e3d-e2f9a14adab5,". It particularly aims to target small groups of enemy personnel and resources to gradually erode the opposing force while minimizing their losses. Guerrilla strategy emphasizes mobility, secrecy, and surprise and takes advantage of terrain that larger units cannot use. It owes its origin to irregular combat tactics in Spain and Portugal during the Napoleonic War [1].",HAGRID,0,1,1,1,0.6898437067637582,-1
ood,HAGRID_ed14afb4-18b5-41f4-89e2-45f2822ab392,Zeus led a ten-year war against Cronus and the Titans and imprisoned them in Tartarus after winning the war [1].,HAGRID,0,0,0,0,0.3245197250832536,-1
ood,HAGRID_f785c961-530f-4af2-92bc-02769a694774,"Therefore, as of 2021, they have been in the National Football League for 53 years. Additionally, based on the information provided in context 3, the 2004 season was the Bengals' 35th year in the NFL [3].",HAGRID,0,1,1,1,0.6481720142527369,-1
ood,HAGRID_7189b16b-3691-416b-ab3e-aa5711bbefef,The African bush elephant is the heaviest living land mammal and can weigh up to 12 tonnes [2].,HAGRID,0,0,0,0,0.2878883429854832,-1
ood,HAGRID_47096f75-4365-4f65-a4cb-ac1d2120c29b,"Based on the given contexts, the Christian population of Israel is estimated to be around 2% of the general population, approximately 169,000 Israeli citizens. Out of this, 117,000 or more are Christian Arabs, which comprise about 9% of the Arab population in Israel [1]. The largest Christian community in Israel is the Melkite Greek Catholic Church, to which about 60% of Israeli Christians belong. The Greek Orthodox Church of Jerusalem has around 30% of Israeli Christians [1][2][3]. The majority of Arab Christians in Israel belong to the Greek Orthodox Church, with a sizable minority belonging to the Greek Catholic (Melkite) and Latin Churches. Other denominations are the Anglicans, Baptists, and smaller minorities of Maronites, Arameans, Copts, and Protestants [2][3]",HAGRID,0,1,1,1,0.7941038753053022,-1
ood,HAGRID_fb9a9c4d-82e4-40ab-bf35-37662a911277,The party leader is Theresa May [2].,HAGRID,0,0,0,0,0.2869843625985735,-1
ood,HAGRID_69f7be43-b892-4e30-b339-8caf369e6675,The Eurasian eagle-owl can grow up to a total length of 75 cm (30 in),HAGRID,0,0,0,0,0.2875592615257869,-1
ood,HAGRID_84095985-6b2f-4b0e-bf4d-3dc2182e9d6b,"Federal taxation in Puerto Rico, En.wikipedia.org, 2021. [Online]. Available: https://en.wikipedia.org/wiki/Federal_taxation_in_Puerto_Rico. [Accessed: 14- May- 2021].[7]",HAGRID,0,0,0,0,0.30093411338003817,-1
ood,HAGRID_6e4a8fab-5d96-4908-a23c-8706919dfc33,"Yes, humans lived during the Stone Age. Evidence has been found that humans lived near water springs in present-day Bonchurch during the Stone Age, as indicated by the discovery of burial mounds and prehistoric remains. Moreover, archaeological excavation in Quảng Bình province has unearthed many artifacts such as ceramic vases, stone tools, and china from the Stone Age [3, 4].",HAGRID,0,1,1,1,0.806040413178795,-1
ood,HAGRID_b95a602d-6831-4c5b-b1bc-7b8339965e25,.- Most Polish citizens who perished in the war were civilian victims of the war crimes and crimes against humanity during the occupation by Nazi Germany and the Soviet Union [2][3][4],HAGRID,0,0,1,0,0.46774635425161265,-1
ood,HAGRID_e1a40b30-5ee1-4aaf-8091-41df57558865,DiscoverNavajo.com reports that 66% of Navajo tribe members live on Navajo Nation and 96% of the Navajo Nation is American Indian [1],HAGRID,0,0,0,0,0.2698533325974844,0
ood,HAGRID_64f0a0f7-1eeb-4e51-a023-06facea8ff49,"Feijoada's taste is strong, moderately salty but not spicy, dominated by the flavors of black beans and meat stew [2].",HAGRID,0,0,0,0,0.3021248636436804,-1
ood,HAGRID_919aa90f-a73c-4270-826f-9d02d90b616c,"Unlike humans, horses and other animals do not naturally produce antibodies against red blood cell antigens that they do not possess; this only occurs if they are exposed to a different blood type, such as through blood transfusion or transplacental hemorrhage during parturition [1]",HAGRID,0,1,1,1,0.561140308973206,-1
ood,HAGRID_339d35e5-4e1b-47c5-8302-06e9bd2be103,"He drew inspiration from his enthusiasm for MMORPGs such as Ultima Online, EverQuest, Dark Age of Camelot, World of Warcraft, Warhammer Online, Rift, Star Wars: The Old Republic and Guild Wars 2 [1].",HAGRID,0,0,0,0,0.27915876769850684,0
ood,HAGRID_99262e2d-a176-4ccf-84b1-a9996e0c45e4,It is a non-venomous constrictor found in South Asia and Southeast Asia (20 ft 10 in),HAGRID,0,0,0,0,0.3810381735354265,-1
ood,HAGRID_c61c3dd9-9117-44b1-a194-fde2d64875b9,"Additionally, the use of wooden duckboards to cover the muddy, wet, cold ground of the trenches and troop rotation helped decrease instances of trench foot. [3]",HAGRID,0,0,0,0,0.2865807297724611,-1
ood,HAGRID_cce61a57-25df-4b1b-a740-33bca78fe498,"""Hydrogen,"" Lenntech, [Online]. Available: https://www.lenntech.com/periodic/elements/h.htm. [Accessed: 9-May-2021].[4]",HAGRID,0,0,0,0,0.4063608816947388,-1
ood,HAGRID_1e1aeb37-4681-482b-a5b9-4ae3dc00a724,"""Investments in Machinery Industry in the EU"" by E. Gornig and S. Edler, 2013.[5]",HAGRID,0,0,0,0,0.2891467004119869,-1
ood,HAGRID_1a4ab96d-3c44-4f67-9d91-eb9f9023099c,"Residents of Puerto Rico pay into Social Security and are eligible for Social Security benefits upon retirement, but they are excluded from the Supplemental Security Income [3, 5, 7].",HAGRID,0,0,0,0,0.2944299254488129,-1
ood,HAGRID_c4c09be3-61a0-45e0-a1ca-7edce0f9d312,"List of 8-Bit Theater Characters. Wikipedia, Wikimedia Foundation, 6 Aug. 2021, https://en.wikipedia.org/wiki/List_of_8-Bit_Theater_characters#Dragoon.[2]",HAGRID,0,0,0,0,0.3420777777510409,-1
ood,HAGRID_81dbea50-2353-4933-92b1-6816e2e59dfc,The current CEO of Ram is Robert Hegbloom [1].,HAGRID,0,0,0,0,0.43619961298145943,-1
ood,HAGRID_cf439b68-17e3-4c79-9d88-2a3090fcd970,"that India and Indonesia are few democracies in the Asian region, which can be projected as a real democracy, indicating that Indonesia is currently considered a democracy. Therefore, yes, Indonesia is a democracy. Reference: [5]",HAGRID,0,1,1,1,0.6854351623422194,-1
ood,HAGRID_e7f61373-e695-489e-a0d0-9c00d1c2ee2d,"However, the political opposition does not recognize the results of the referendum and the international community criticizes the lack of transparency and inclusiveness in its organization [8].",HAGRID,0,0,0,0,0.2926672086924674,-1
ood,HAGRID_6b44697b-3992-4e83-b0b2-c56fe46799fa,"Based on the given contexts, Mac OS was first developed in 1999 as Mac OS X Server 1.0 [1].",HAGRID,0,1,1,1,0.7340716166369009,-1
ood,HAGRID_d59c7539-aee6-49bc-8454-daae2fb8be84,Tom Clancy's real name was Thomas Leo Clancy Jr. [1],HAGRID,0,1,1,1,0.7947659707210912,-1
ood,HAGRID_ba7ea6e8-3ad3-4427-87f3-272a60b7d710,"it is important to note that the figures reported by the Lagos State Government may be based on their own ""parallel census"" and thus may not be considered reliable by other agencies and groups worldwide. References:[1]",HAGRID,0,0,0,0,0.30205589695423835,-1
ood,HAGRID_13b7c482-af39-43ac-aa8c-b9db5eff8856,"(""Spanish American wars of independence,"" Wikipedia, 2021).[4]",HAGRID,0,0,0,0,0.4529406081967061,-1
ood,HAGRID_29a7f7f4-7879-4bad-bc46-8ad3e4ce6b3f,The party leader is Theresa May [4].,HAGRID,0,0,0,0,0.28788977578359753,-1
ood,HAGRID_bc24f30f-ee88-4b4c-aa40-655050e3b82c,Approximately 6.9 million people visit the Eiffel Tower each year. [1][2][5][6],HAGRID,0,1,1,1,0.7934473696166837,-1
ood,HAGRID_0198e7d5-7608-4f7b-8b00-8f6e24d864e4,This behavior is adaptive and genetic. Male lions that are successful in reproducing pass on the instinctual cub-killing behavior to their offspring while non-killing behavior may have died out [1].,HAGRID,0,1,1,1,0.7987937210408323,-1
ood,HAGRID_7d711b44-f303-4168-b278-d136df34e7c1,"The brown bear species, including the Kodiak subspecies, is listed as Lower Risk or Least Concern [2].",HAGRID,0,1,1,1,0.787141147759674,-1
ood,HAGRID_2eee76d4-544b-4f30-b980-df38a79da36d,The female lead in The Last House on the Left (1972),HAGRID,0,0,0,0,0.2884497071387486,-1
ood,HAGRID_7a7009b2-f1e4-42ec-89f2-ec2f4461b653,"Iain Norman Macleod died on July 20, 1970. [1][3]",HAGRID,0,1,1,1,0.7792211638140822,-1
ood,HAGRID_ae5141e6-076f-44a5-9b5d-e708557f5a74,"It is followed by 60-65% of the population, while Sunni Islam is followed by 32-37% of people [2].",HAGRID,0,0,0,0,0.422696121910306,-1
ood,HAGRID_ca2ef7c0-db89-40bc-b572-41cd7ab456c8,"The most used language in Europe, counting only native speakers, is Russian with approximately 150 million people speaking it on a daily basis. [2] However, if we consider the number of speakers as well as the geography of usage, there is no single language that can claim to be the most used language in Europe due to the diversity of indigenous languages spoken across the continent. [1][2]",HAGRID,0,1,1,1,0.5846462208352383,-1
ood,HAGRID_caab3d3d-26be-476f-baa8-abade9ae5e8b,"Therefore, while a degree may not be required in all cases, it depends on the specific country and job title for engineering technologists. Reference: [2]",HAGRID,0,0,0,0,0.3491937361402193,-1
ood,HAGRID_f7664962-1ffa-4847-919a-2326458e459b,The use of copper in tools and the development of saws are characteristics of the Copper Age. [2],HAGRID,0,0,0,0,0.28650623490475424,-1
ood,HAGRID_7caf159a-b2f7-4cc4-b0d8-6595d3db74e5,"(""Junta (political organization),"" Wikipedia, 2021).[2]",HAGRID,0,0,0,0,0.43532055551090587,-1
ood,HAGRID_bf6f416a-2321-440d-bfe4-8511644de392,"Although there are many different units of measure for photometric measurements, lumens is the unit commonly used for measuring brightness [4].",HAGRID,0,0,0,0,0.2880227882304906,-1
ood,HAGRID_e11be8ac-0012-4903-94b4-b5e8df4ecf77,"The Great Sejm of the Polish-Lithuanian Commonwealth was not mentioned in the given contexts. However, it is mentioned that the Sejm of the Polish-Lithuanian Commonwealth was established by the Union of Lublin in 1569 from the merger of the Sejm of the Kingdom of Poland and the Seimas of Grand Duchy of Lithuania [1].",HAGRID,0,0,0,0,0.47657234094371975,-1
ood,HAGRID_92ef543c-8124-4c89-a76b-55b0b38f8461,"that India and Indonesia are few democracies in the Asian region, which can be projected as a real democracy, indicating that Indonesia is currently considered a democracy. Therefore, yes, Indonesia is a democracy. Reference: [3]",HAGRID,0,1,1,1,0.7268029084679297,-1
ood,HAGRID_14c0b93d-2c77-4035-97cf-26885c4a4ae0,"Arabic is the official language of Egypt, which came to Egypt in the 7th century [4].",HAGRID,0,0,0,0,0.34684925605455885,-1
ood,HAGRID_79accf5f-9bf7-419a-b7c7-04d8efdf7061,"Puerto Rico and the US Government: How Did We Get Here?, Medium, 2019. [Online]. Available: https://medium.com/@Hunter_Paine/puerto-rico-and-the-us-government-how-did-we-get-here-fc8ba5f5d114. [Accessed: 14- May- 2021].[3]",HAGRID,0,0,0,0,0.29081039515727164,-1
ood,HAGRID_83fe64a2-7af4-4eaa-9009-e516c052ddf3,"The number of soldiers currently in the US Army is 476,000; however, this number is subject to change due to downsizing and expansion plans [3, 4].",HAGRID,0,0,1,0,0.4840886707895111,-1
ood,HAGRID_7ecf8fed-0556-43b1-87fd-b41f6abbce4f,"Some ways to keep yourself motivated include finding something to motivate yourself every week, processing motivational elements before making decisions, practicing self-persuasion, obtaining satisfaction from learning experiences, and practicing self-enhancement which involves a preference for positive over negative self-views [1-6].",HAGRID,0,0,0,0,0.3177491224760541,-1
ood,HAGRID_0009bcda-5c7c-4bea-9732-a213d242c259,Black smoke indicates a failed ballot [7].,HAGRID,0,0,0,0,0.43675273725644115,-1
ood,HAGRID_b2c1917d-2a6d-4b9f-bfa8-a34b0cff7d05,The purpose of this change was to make sure there was always a 29-day period between Election Day and the first Wednesday in December when the electors were required to meet [7],HAGRID,0,0,0,0,0.3091759299940623,-1
ood,HAGRID_940376d5-c557-4dd5-a966-5dca19495996,and it is developed to provide highly performant and scalable web applications. It also offers soft real-time communication through websockets or long polling using its language-agnostic channels feature [2].,HAGRID,0,0,0,0,0.2838421812700528,-1
ood,HAGRID_915ab87c-48f8-473d-b5f1-242c51c6f0ac,The given context does not provide information about the current president of Malaysia. Reference: [1],HAGRID,0,1,1,1,0.8064554238543081,-1
ood,HAGRID_1f61fcde-a50c-42f3-ba0f-ab833569e8d8,"The Christian population of Israel is approximately 2% of the general population, which means approximately 169,000 Israeli citizens practice Christianity. The majority, about 80% of the Christians, are of Arabic roots, with smaller Christian communities of ethnic Russians, Greeks, Armenians, Maronites, Ukrainians, Assyrians and others [2][3]. There are 117,000 or more Christian Arabs in Israel, and 60% of Israeli Christians belong to the Melkite Greek Catholic Church [1][3]",HAGRID,0,1,1,1,0.7518335282056118,-1
ood,HAGRID_c0a01a98-3baa-4784-af44-9d030c9f5521,The P.H. Hanes Knitting Company merged with Hanes Hosiery in 1965 [2 and 4].,HAGRID,0,0,0,0,0.286817684879529,-1
ood,HAGRID_a8727484-306e-43af-b136-cf521a9c396e,The American Motors Corporation was founded by a person named George W. Mason [1].,HAGRID,0,1,1,1,0.8075580707707604,-1
ood,HAGRID_b1a4d1be-e6e7-4bc0-b6ca-0e44014dd1b3,"However, it is established that Newton had started his work several years prior to Leibniz and had already developed a theory of tangents by the time Leibniz became interested in the question [3].",HAGRID,0,1,1,1,0.7439906515538594,-1
ood,HAGRID_b9186d9a-9c7b-491d-b289-8379dcc67a29,Most of the growth in Christianity has occurred in non-Western countries and the fastest-growing religion worldwide is the Pentecostalism movement according to a paper submitted to a meeting of the American Political Science Association [1].,HAGRID,0,0,0,0,0.3853249868483235,-1
ood,HAGRID_918b6c96-e766-4209-b5aa-858fe8edc8df,"Section 5.3, p. 233, Eq. 2-12, p. 50. [3]",HAGRID,0,0,0,0,0.43042241249340074,-1
ood,HAGRID_c11d7c83-598d-47f8-bdee-0225e271417b,"Its independence was recognized on December 26, 1991, after the Soviet Union ceased to exist [5, 7].",HAGRID,0,0,0,0,0.4507331769174055,-1
ood,HAGRID_8156ee62-dbd2-4767-bdae-39383da3f054,"Dragoon. Dictionary.com, Dictionary.com, https://www.dictionary.com/browse/dragoon.[3]",HAGRID,0,0,0,0,0.3171022695105194,-1
ood,HAGRID_da6a9155-402e-48b5-8f0b-a4fb3a00dd6b,"""Mississippi Medical Center v. Hughes"" (2000),",HAGRID,0,0,0,0,0.4282278091002344,-1
ood,HAGRID_4f5ba6b6-b0c1-4adf-a676-3179f661e4b2,The largest producer of rye grain in the world is unclear from the given context.Explanation: The given context [1],HAGRID,0,0,0,0,0.44835530567764753,-1
ood,HAGRID_cf88fecd-9a9e-498b-a1ab-9c98cdc2ec1d,"On 2 May 1611, the Bible was published and it soon took the Bishops' Bible's place as the ""de facto"" standard of the Church of England [4].",HAGRID,0,0,0,0,0.2845920333696303,-1
ood,HAGRID_a42f6ef9-632f-4b00-9c93-c453bce7293c,"However, as of 2019, there were 10,234 state park units in the United States [1].",HAGRID,0,0,0,0,0.28923897316678143,-1
ood,HAGRID_d8614600-0f32-4643-90c8-8e99c5459f8b,"According to the given context [1],",HAGRID,0,1,1,1,0.5807562029399477,-1
ood,HAGRID_3ea6f4c6-30dc-418f-a44c-396d8d039673,The aim of the Ukrainization policy was to solidify the union of the peasantry with the working class and to boost overall support of the Soviet system among Ukrainians [2].,HAGRID,0,0,0,0,0.3005447866760363,-1
ood,HAGRID_7d68a9d5-b97a-43e7-9eba-7a98863498cd,"""The Machine Industry"" by D. Shaw, D. D. Gray, and J. T. Simpson, 2017.[3]",HAGRID,0,0,0,0,0.43858209329067094,-1
ood,HAGRID_c004758d-64aa-48f8-a2dc-fc4a6d4dd7d9,"but the Kaisyuan and Jin-Zuan Night Markets have since grown larger. Shilin Night Market in Taipei is also quite famous and large, but not the biggest [5].",HAGRID,0,0,0,0,0.28957770532832905,-1
ood,HAGRID_f9a51e39-4d34-4b58-be48-ddb069506b2d,"However, it was later acquired by Google in September 2009. Luis von Ahn was the originator of the reCAPTCHA program [2]",HAGRID,0,1,1,1,0.8082268106478078,-1
ood,HAGRID_38122e4e-aef7-4fa5-9dba-ef6770052c0a,"The first instrument used to measure time was the sundial, as mentioned in [1].",HAGRID,0,1,1,1,0.7814629788714955,-1
ood,HAGRID_0fde725e-3223-48dc-95c5-63f4dedaeba4,"Konstantin Dmitriyevich Balmont was born on May 15, 1867. [1]",HAGRID,0,0,0,0,0.39626567393589024,-1
ood,HAGRID_20f019dd-5b1c-4109-a4f8-ace0c05b6de1,"Lericolais, G., Schneider, J. L., Morigi, C., & Tribovillard, N. (2003).",HAGRID,0,0,1,1,0.5090318915747075,-1
ood,HAGRID_1de80b9b-bfec-49b4-89f2-db24213e909f,"The first film directed by Penelope Spheeris was ""The Decline of Western Civilization"" (1981),",HAGRID,0,0,0,0,0.2866620565927677,-1
ood,HAGRID_f904179e-aded-4872-847f-b8f5884b87d6,"It is an antibiotic that belongs to the second-generation fluoroquinolone with a broad spectrum of activity that usually results in the death of the bacteria. It is used to treat a number of bacterial infections, which includes bone and joint infections, intra abdominal infections, certain types of infectious diarrhea, respiratory tract infections, skin infections, typhoid fever, and urinary tract infections, among others. Cipro (formerly ""Cipro–Musei Vaticani"") is an underground station on Line A of the Rome Metro, inaugurated in 1999 [1].",HAGRID,0,1,1,1,0.6050724353136396,-1
ood,HAGRID_4b1eea4c-df96-4a09-9ada-e3949c41b2cd,"Based on the information given in the provided contexts, it is not possible to provide an exact number of state parks in the United States [1].",HAGRID,0,1,1,1,0.8090738286086403,-1
ood,HAGRID_86f3f439-9260-4a9e-bbaa-8600223731ad,"The car was first invented in 1885 by Karl Benz in Mannheim, Germany, with his first ""Motorwagen"" powered by an internal combustion engine [1].",HAGRID,0,0,0,0,0.4681126489580451,-1
ood,HAGRID_a5a51bf2-91f8-4105-bbdb-9beb2ed36cdf,"""Los Angeles Rams History."" Los Angeles Rams, www.therams.com/team/history.html.[2]",HAGRID,0,0,0,0,0.38772944596850606,-1
ood,HAGRID_554bfed7-3c75-4a73-88a1-61a33a3e9c40,"It is difficult to provide an exact number of Polish people who died during World War II as estimates vary and records are incomplete. According to the Polish Institute of National Remembrance (IPN), total deaths under German occupation ranged from 5,470,000 to 5,670,000, including 2,770,000 ethnic Poles and 2.7 to 2.9 million Polish Jews. About one fifth of the pre-war Polish population, which was about 24,388,000, perished during the war. [1][2][3][4]",HAGRID,0,0,0,0,0.35805788675943623,-1
ood,HAGRID_81e26a63-c00e-4ed1-aa30-38ea1a894ce9,"The national dish of Brazil is feijoada, which is a type of stew made with black beans and various pork and beef products, such as trimmings, sausage, and ribs. Some regions of Brazil also add vegetables to the stew. Feijoada has been described as a national dish, especially in Rio de Janeiro, despite some controversies about its origins, where scholars argue that it traces back to Brazil's cultivation of black beans [1][2][3]",HAGRID,0,1,1,1,0.7952734763035377,-1
ood,HAGRID_8a6dcc6d-a4bc-4f7c-9327-9dbf28f53fb4,"Therefore, New Zealand was a self-governing colony within the British Empire that was initially established as a British colony [1, 2, 3, 4].",HAGRID,0,1,1,1,0.6508851965459796,-1
ood,HAGRID_9ef49063-bcd9-4762-852a-f0b7a288e3a6,"that India and Indonesia are few democracies in the Asian region, which can be projected as a real democracy, indicating that Indonesia is currently considered a democracy. Therefore, yes, Indonesia is a democracy. Reference: [2]",HAGRID,0,1,1,1,0.697984027047334,-1
ood,HAGRID_972aae09-c53d-4daf-aa05-6a04201834b8,"Yes, hassium is radioactive [1][2]",HAGRID,0,1,1,1,0.8088632780029097,-1
ood,HAGRID_05a065c9-398d-4789-bb11-51713b58d8f5,"A United States president can have a maximum of two terms in office, each of four years duration [1, 2, 5, 6].",HAGRID,0,0,1,1,0.6817156351103617,-1
ood,HAGRID_9c4f2ce9-4dbd-46b3-9e5e-c693e7cd3c38,"Donald Malcolm Campbell was born at Canbury House, Kingston upon Thames, Surrey [1].",HAGRID,0,1,1,1,0.7988051910462018,-1
ood,HAGRID_6c9e2f4d-e755-4a14-808f-1d0b74fbec64,It happens when transport processes such as diffusion and advection redistribute strain about as fast as it accumulates [3].,HAGRID,0,0,0,0,0.2930730788116507,-1
ood,HAGRID_d175bbd1-203d-42aa-aacb-89f1132de286,The character Leslie Knope in Parks and Recreation is played by Amy Poehler. [1][2][3][4],HAGRID,0,1,1,1,0.8038101757032392,-1
ood,HAGRID_85e3da2b-bdda-4cbe-8f36-7f16deb2b1a0,"Based on the given context, Reginald Aubrey Fessenden's first patented invention cannot be determined. The context only mentions his important inventions and improvements in existing devices and his great contributions in the field of radio, particularly the invention of radio-telephony [1].",HAGRID,0,0,0,0,0.28815162975875647,-1
ood,HAGRID_6fcc7d81-b1f5-4d95-aff2-3a377a3e8ea6,"They have been accidentally introduced to numerous other areas, and have become an invasive species in many countries worldwide [2].",HAGRID,0,0,0,0,0.2868889151434012,-1
ood,HAGRID_fa8da0a7-d995-4e6e-af10-739e9bd056bb,The Taiga is the world's second-largest land biome after deserts and xeric shrublands [2].,HAGRID,0,0,0,0,0.2904071089881182,-1
ood,HAGRID_ea116ed9-ec7a-4579-8528-82d0b7453656,"The Andes mints were created by Andrew Kanelos in 1921 in his small candy store in Chicago, Illinois, which was later named ""Andes Candies."" [1]",HAGRID,0,0,0,0,0.30362899604003135,-1
ood,HAGRID_4078ed48-298d-4bc3-88c1-d081831a4e92,The Cincinnati Bengals were established in 1968 [1].,HAGRID,0,0,0,0,0.28650408607462613,-1
ood,HAGRID_00a3e72d-569d-46dc-a94a-6347bc256a0e,It is recommended to consider the possibility of melioidosis in patients with a history of traveling to endemic areas (2019).,HAGRID,0,0,0,0,0.28729393577074286,-1
ood,HAGRID_5a5fb930-0dbc-42e7-ac3a-c4577d2e40f7,"Yes, human breast milk generally has higher protein content than cow milk. As per the given context [1],",HAGRID,0,1,1,1,0.6066479936625204,-1
ood,HAGRID_9306d39f-1db4-47dc-b35a-ff6ca2bd7f8f,The largest international backgammon organization is the World Backgammon Association (WBA) [1].,HAGRID,0,0,0,0,0.28820887129118933,-1
ood,HAGRID_4ebd1d1f-cf16-4831-a8aa-685e52f95c65,"The first movie to be considered blaxploitation was ""Sweet Sweetback’s Baadasssss Song"" (1971),",HAGRID,0,0,0,0,0.2866753955088455,-1
ood,HAGRID_7679c383-7082-4f05-8574-ef64705da61f,"""Common Law Legal Systems"". WorldLii. [4]",HAGRID,0,0,0,0,0.3916875113944865,-1
ood,HAGRID_c3d962dc-264f-4130-bd7a-5d689ba81f0a,"The Eiffel Tower. Société d'Exploitation de la Tour Eiffel. [Online]. Available: http://www.toureiffel.paris/en/the-monument/origin-and-history.html. [Accessed May 20, 2021].[2]",HAGRID,0,0,0,0,0.303762885722112,-1
ood,HAGRID_2a460d40-e577-46e3-802b-7fae6aeeb88a,"Some Italian wines also use larger barrels such as hogshead barrel, particularly in Barolo and southern France [1],",HAGRID,0,0,0,0,0.2868458246847716,-1
ood,HAGRID_ae8b62eb-455e-4582-993c-dad1e9f810bb,"S. K. Singh and K. Singh, ""Machines for Olive Harvesting,"" in Encyclopedia of Agricultural Science, pp. 169-187, 2018.[2]",HAGRID,0,0,0,0,0.45634567948682603,-1
ood,HAGRID_504f6ba2-642f-4998-bd20-c0911d7e3249,wide or more. The widest tornado on record was approximately wide. [1],HAGRID,0,1,1,1,0.7954830101226339,-1
ood,HAGRID_4bde11c1-344e-454f-991c-ae2dcb940a60,"G.I. Joe's arch-nemesis is Cobra or Cobra Command [1, 3].",HAGRID,0,1,1,1,0.8020061822476092,-1
ood,HAGRID_2e47f9db-6de4-4f79-97ce-e153bd0c35cf,"Reference: ""In November 2012, the government passed a new law that allowed Argentines between the ages of 16-18 to vote optionally.""[5]",HAGRID,0,0,0,0,0.36535356711888906,-1
ood,HAGRID_6f2b7013-c4de-42a9-8128-e253481d2dae,"However, Jang Yeong-sil made a spherical device called ""Honcheonui"" in 1433 that could rotate using a waterwheel to indicate time by positioning the sun, moon, and stars [2].",HAGRID,0,1,1,1,0.7549223867234266,-1
ood,HAGRID_ca9ccdef-34bb-4523-83b7-61c634fb90f9,"""Bruner v. Petersen"" (1997),",HAGRID,0,0,0,0,0.4459251352385717,-1
ood,HAGRID_51022354-0964-4f18-b3cc-869bc2bce2c4,"""Gondolas Across History"". (Website) Available: https://tourscanner.com/blog/gondolas-across-history/.[10]",HAGRID,0,0,0,0,0.35733137657125863,-1
ood,HAGRID_09d075b7-df58-4fac-b34f-898ad62ed27e,"L. Rawlings, Hannibal, Routledge, 2013.[4]",HAGRID,0,0,0,0,0.42910956634925684,-1
ood,HAGRID_ca75a27a-6291-412a-9707-1ecc5c0d3039,Fancy Bear is a group of hackers and their leader's identity is unknown [1].,HAGRID,0,1,1,1,0.5171563788264871,-1
ood,HAGRID_6f738587-560c-4d70-8542-2016d4b41ee4,"Puerto Ricans in the United States, En.wikipedia.org, 2021. [Online]. Available: https://en.wikipedia.org/wiki/Puerto_Ricans_in_the_United_States. [Accessed: 14- May- 2021].[6]",HAGRID,0,0,0,0,0.3588186715357344,-1
ood,HAGRID_a156c143-43a3-4cfd-b9e3-0885f57d5f38,"Additionally, the use of wooden duckboards to cover the muddy, wet, cold ground of the trenches and troop rotation helped decrease instances of trench foot. [2]",HAGRID,0,0,0,0,0.2866675524600859,-1
ood,HAGRID_cc107743-5e33-45f8-9e51-e3bfb2611dd7,"However, it is important to note that Ciprofloxacin and Cipro (formerly ""Cipro-Musei Vaticani"") are two different things - Cipro is an underground station on Line A of the Rome Metro, which was inaugurated in 1999 [1].",HAGRID,0,1,1,1,0.7339372042065773,-1
ood,HAGRID_edf1d66c-c1e7-431c-ad0e-f986d71a6d51,"However, it is not explicitly mentioned how many of those named storms developed into hurricanes or major hurricanes in this context. As per the early June 1990 forecast from Colorado State University (CSU), there were 11 named storms, of which seven were predicted to intensify into hurricanes and three further into major hurricanes [1].",HAGRID,0,1,1,1,0.7993413599743037,-1
ood,HAGRID_5da708b7-0fc9-4b57-bc73-627d237ece78,It is also the administrative seat of the local government area of the City of Campbelltown. [2],HAGRID,0,1,1,1,0.5512515712816296,-1
ood,HAGRID_2d70a541-d0ec-4e84-97a6-c8075ade9990,"A 1991 survey found that 18 percent of preschoolers in the Navajo Reservation Head Start program spoke only Navajo. However, in the past, efforts were made to acculturate Native American children into English and Christianity, and some children were punished for speaking Navajo [1].",HAGRID,0,1,1,1,0.7596378225097316,-1
ood,HAGRID_a8bad365-e96a-4c23-ad8d-d09f9226fd98,"discovered exoplanets using the transit detection method [4],",HAGRID,0,0,0,0,0.31160349273899784,-1
ood,HAGRID_d85ad6eb-a0b7-4e54-9cae-15fb4e94294d,"The Navajo Nation is the largest Native American tribe and 96% of this group is comprised of American Indians, with 66% living on Navajo Nation [1].",HAGRID,0,0,0,0,0.26964633240142194,0
ood,HAGRID_c0aefb53-d859-45e3-b771-4aa63e2f71f4,"Porsches are manufactured in different countries such as Finland, Austria, and Germany. [1]",HAGRID,0,1,1,1,0.797096830787277,-1
ood,HAGRID_2466df9d-e140-4cbe-af86-1679da220e8d,"Engels did not support the use of the term ""Marxism"" to describe either Marx's or his views [1]",HAGRID,0,1,1,1,0.6816001881157918,-1
ood,HAGRID_9ebbd822-52ac-4f81-bce8-8849b029ad3c,"The first executive producer of EastEnders was Mike Gibbon, who was replaced by Michael Ferguson in the latter part of 1989. [1][2][3][4][5]",HAGRID,0,1,1,1,0.7799002585858178,-1
ood,HAGRID_82695615-423d-4d0c-a9af-ff0fc7beefa6,They defeated the Virginia Tech Hokies with a score of 46-29 [1].,HAGRID,0,0,0,0,0.4638515686265674,-1
ood,HAGRID_28509593-5af1-42f8-a475-9c8a00f731be,"Additionally, several government agencies and non-governmental organizations work on in-situ conservation of giraffes [4].",HAGRID,0,0,0,0,0.2866707709993828,-1
ood,HAGRID_63a8857e-9d24-44ad-8e3e-937f6f332dfd,"The series debuted on CBS on October 4, 1957, and moved to ABC in the following season, where it continued until its conclusion on June 20, 1963 (1961–63)",HAGRID,0,1,1,1,0.619859397623451,-1
ood,HAGRID_76156999-cf52-473a-a1c8-b047a027fd20,"There are two contexts that mention the last Queen of Sweden, but they provide different information. Although context [2]",HAGRID,0,0,1,0,0.44386374237278026,-1
ood,HAGRID_13bace43-c20e-44d9-b996-c65fbc4dce08,"Shia Islam is the main version of Islam practiced in Iraq with 60-65% of the population following it [1]. Iraq is home to many religious cities important for both Shia and Sunni Muslims, but Shiites have greater prominence in Iraq due to the vast majority of the population being Shiites. Cities such as Najaf, Karbala, Baghdad, and Samarra have a great significance for Shia Muslims as they are pilgrimage centers and the burial places of many Shia Imams and relatives of Prophet Muhammad [1][2]",HAGRID,0,1,1,1,0.5201882196558861,-1
ood,HAGRID_c7805cfe-3189-475c-8a2a-af3e558e3a9f,"The first Nintendo video game was not explicitly mentioned in the given contexts. However, based on the information provided in context [1],",HAGRID,0,1,1,1,0.8050359453791907,-1
ood,HAGRID_2e7ca9c3-af2c-4b69-aa8f-01ed51103732,The Isle of Man Railway started running in 1873. [1][2],HAGRID,0,1,1,1,0.7275931543136112,-1
ood,HAGRID_7f2bce32-6eac-4f8e-bf2f-e3b674b4ef94,"in the United States, with the state of Alaska having the largest state park system, encompassing over 100 sites. Various states have different designations beyond ""state park"" in their park systems, such as state recreation areas, state beaches, and state nature reserves [2].",HAGRID,0,1,1,1,0.5138337930377552,-1
ood,HAGRID_1f48ae32-dbab-450e-b01c-da215e12cb3a,"The animated movie ""Cinderella"" was first released on February 15, 1950 [1][3][6][7][9]",HAGRID,0,0,0,0,0.4912830554473996,-1
ood,HAGRID_29347f1b-00bf-4832-a282-550336d216c2,The first machine gun was invented by Hiram Stevens Maxim in 1884 [1][2][3][4],HAGRID,0,1,1,1,0.7918726245075212,-1
ood,HAGRID_24e1388d-5116-4277-a57e-cc404c7c19e2,"Syngman Rhee became Head of State of the Provisional Government of the Republic of Korea for the first and last time. He also became the first President of the newly declared Republic of Korea on August 15, 1948. [1,5,6]",HAGRID,0,1,1,1,0.7267606878559271,-1
ood,HAGRID_c7f0c0aa-ffa1-4345-9757-672a91ab4944,"Yes, highways were part of the New Deal. The New Deal program helped build highways as well as other public works like schools and hospitals [2].",HAGRID,0,1,1,1,0.7572262305913892,-1
ood,HAGRID_72794822-2c24-4f0a-9722-82490aa6a617,"Although there were other older motor races, such as the Paris-Rouen race in 1894, those were not solely car races, but a mix of various vehicles including automobiles [2].",HAGRID,0,1,1,1,0.7703144504359098,-1
ood,HAGRID_c4f436a5-abf0-496e-991d-57cceb74ef2a,"""Stream Permanence,"" Encyclopedia of Earth. [Online]. Available: https://editors.eol.org/eoearth/wiki/Stream_permanence. [Accessed: 15-Apr-2021].[3]",HAGRID,0,0,0,0,0.3186355098672946,-1
ood,HAGRID_77f3091d-6a73-4e04-9afe-a678375e08a5,". Although civil law is also considered as one of the most widespread legal systems in the world, including in France and Germany [1].",HAGRID,0,0,0,0,0.3416281362761653,-1
ood,HAGRID_6ff523bc-763c-4748-9ef5-1e248d30405c,Black smoke indicates a failed ballot [5].,HAGRID,0,1,1,1,0.7417973977438065,-1
ood,HAGRID_b51fd61a-5939-4414-8b15-f8bf591ef22c,"The term ""mellitus"" was added by the Briton John Rolle in the late 1700s to separate the condition from diabetes insipidus [1,2,3].",HAGRID,0,1,1,1,0.6067938849397907,-1
ood,HAGRID_f8aa58ca-5247-4606-8125-586c7da05bc6,"A. M. A. Elshennawy and W. G. Sullivan, Engineering Management: Challenges in the New Millennium. Wiley, 2001.[3]",HAGRID,0,1,1,1,0.5069719241979924,-1
ood,HAGRID_95178527-83f4-4ff9-96d2-7dd51e7cebc9,"Reginald Aubrey Fessenden's first patented invention was not mentioned in the given context. Therefore, there is not enough information to provide a brief answer to the question. [1]",HAGRID,0,0,0,0,0.29152131762936745,-1
ood,HAGRID_35b37ed0-9ac9-46d1-9e4d-72d7b3f41c24,"It is also the administrative seat of the local government area of the City of Campbelltown. (40.278200, -76.584149)",HAGRID,0,1,1,1,0.6081641565549809,-1
ood,HAGRID_399f7e2a-e5d4-45da-9bd0-d0e378fc5aa1,"It is a Japanese superhero team metaseries of TV series produced by Toei Company, Toei Agency and Bandai, and aired by TV Asahi. [5]",HAGRID,0,0,0,1,0.5244422885895829,-1
ood,HAGRID_64aec05c-48d3-477a-b475-19968f770e4e,"The Enhanced Fujita Scale classifies tornado strength from weakest, an EF0 tornado, to strongest, an EF5 tornado. An EF5 tornado has winds over 200 MPH (322 KPH)",HAGRID,0,0,0,0,0.36583760936549575,-1
ood,HAGRID_6039f648-80c1-4036-95ac-c7437b5a812d,"Yes, the Chinese helped build the railroads in the United States. Many Chinese laborers were recruited by the Central Pacific Railroad to work on the First Transcontinental Railroad [2][3][4]",HAGRID,0,1,1,1,0.8071615752369726,-1
ood,HAGRID_ee65b85b-3fd8-4902-8e13-ee67eabeb67f,The Sporthotel Pontresina was designed by architect Jakob Ragaz [2].,HAGRID,0,1,1,1,0.6319964711242759,-1
ood,HAGRID_a93c626f-fa2a-4988-bfef-46a8f9bbafb6,"""Tuscany"", Encyclopædia Britannica, July 08, 2021. https://www.britannica.com/place/Tuscany[2]",HAGRID,0,0,0,0,0.2959045223348923,-1
ood,HAGRID_6e6b441f-468d-4f64-ad10-2859fb84d691,"The African bush elephant can weigh up to 12,000 pounds and measures approximately 13 feet [2].",HAGRID,0,0,0,0,0.2854049558930902,-1
ood,HAGRID_73275119-3fea-4a97-b4f4-ccf6eefaccb8,"""Grand Duchy of Tuscany"", Wikipedia, July 06, 2021. https://en.wikipedia.org/wiki/Grand_Duchy_of_Tuscany[4]",HAGRID,0,0,0,0,0.29217863969861435,-1
ood,HAGRID_d6cf99d8-e942-47af-bf07-50895c93ac07,"The song ""Hold Up"" is from Beyoncé's sixth studio album, ""Lemonade"" (2016)",HAGRID,0,0,0,0,0.32086833880546295,-1
ood,HAGRID_14e4f21e-0592-4342-8a85-f5812976df93,"No, the German forces did not win in their attack on Vimy Ridge in 1916 [4].",HAGRID,0,0,1,0,0.48708120644530645,-1
ood,HAGRID_cff9826d-26a3-4720-9803-f99f08054bfb,"it is important to note that the figures reported by the Lagos State Government may be based on their own ""parallel census"" and thus may not be considered reliable by other agencies and groups worldwide. References:[5]",HAGRID,0,1,1,1,0.5153526920418822,-1
ood,HAGRID_a7de91fc-f6b0-4101-b964-ebf5b313518c,The success of German forces' attack paved the way for the much larger attack by the Canadian Corps at the Battle of Vimy Ridge (9–12 April 1917),HAGRID,0,0,0,0,0.2865927652715005,-1
ood,HAGRID_d3dfc45f-aba9-4e4d-a6e2-ae3ef26555a9,"liberals stand at 23%. Similarly, the New York Times and CBS News survey [6]",HAGRID,0,0,0,0,0.46340043265701175,-1
ood,HAGRID_470ab330-ecad-4607-a54c-c4763ce4af45,"Arabic is the official language of Egypt, which came to Egypt in the 7th century [3].",HAGRID,0,0,0,0,0.28569859574960266,-1
ood,HAGRID_7b00d927-f010-47a7-bc4e-fb9d0809f853,and the demographic studies of wild giraffes suggest that survival rates for both adult giraffes outside protected areas and calf giraffes inside protected areas are low [4].,HAGRID,0,0,0,0,0.3775230969349573,-1
ood,HAGRID_03426fb4-2e6d-4075-9973-07f91c8c87ea,"According to context [4],",HAGRID,0,1,1,1,0.7814261217140843,-1
ood,HAGRID_7fc6a093-fb0e-416a-889d-87e3cdba9151,"Specialty drugs were not designated in a particular year. The term ""specialty drugs"" is a recent designation used for pharmaceuticals that are classified as high cost, high complexity, and/or high touch [1].",HAGRID,0,0,0,0,0.4701420600622073,-1
ood,HAGRID_ccc67f82-a460-4f4c-86de-a1d02046e18d,"If the President and Vice President of the USA die, the next in line for the Presidency would be the Speaker of the House of Representatives (Pelosi, 2021) [no. reference provided in the contexts]. However, in the case that the Speaker is also unable to serve as President, the line of succession would continue with the President pro tempore of the Senate, followed by the Secretary of State, and so on (CNN, 2021) [no. reference provided in the contexts]. Reference:CNN. (2021, January 20).",HAGRID,0,0,0,0,0.3029486841980699,-1
ood,HAGRID_201708d7-34aa-4332-bd4f-8a943629f0d5,"Approximately 23% of Americans identify as liberal. [5][6] However, it should be noted that the percentage of self-identified liberals varies slightly depending on the poll, with some polls putting it as low as 19% and others as high as 27%. [2][4][6]",HAGRID,0,0,0,0,0.45247947235474784,-1
ood,HAGRID_15775760-87c5-4b67-867e-b4abd932d18b,"Lagos State, Wikipedia. [Online]. Available: https://en.wikipedia.org/wiki/Lagos_State. [Accessed: 22-Oct-2021].[3]",HAGRID,0,0,0,0,0.31721772108375174,-1
ood,HAGRID_3267aed0-e72b-4855-9950-a34ac073f44c,"P. David, B. Longhurst and K. Smith, “The Czech Republic's Machinery and Transportation Equipment Industries: Recent Restructuring,” Post-Communist Economies, vol. 13, no. 2, pp. 215-233, 2001.[2]",HAGRID,0,0,0,0,0.4599739646673309,-1
ood,HAGRID_b4355a90-6bab-4edf-b926-70bcd5e61d66,"discovered exoplanets using the transit detection method [1],",HAGRID,0,1,1,1,0.531733738923829,-1
ood,HAGRID_69bfd65a-fdec-494c-9ba1-b806c8a6d45e,"The first Mac OS was developed in 1999 as Mac OS X Server 1.0, followed by a client version in March 2001 [1].",HAGRID,0,0,0,0,0.4736035515824386,-1
ood,HAGRID_64a0be5a-04fc-4cee-9004-cc46ef66cc73,"Lucha Libre originated in Mexico, specifically when Salvador Lutteroth witnessed a professional wrestling show during a trip to El Paso, Texas, and later founded the first Mexican-owned wrestling promotion in Mexico in 1933 called Empresa Mexicana de Lucha Libre (EMLL). This event is considered the ""birth of Lucha Libre,"" and it has since developed into a unique form of professional wrestling characterized by colorful masks, rapid sequences of holds and maneuvers, as well as ""high-flying"" maneuvers [1][2]",HAGRID,0,1,1,1,0.7902157351945198,-1
ood,HAGRID_f402b5ab-4c0e-47da-a331-d4252bf78037,": C. B. Larson, ""The Rise and Fall of Military Regimes,"" The Journal of Conflict Resolution, vol. 46, no. 3, June 2002, pp. 427-447.[2]",HAGRID,0,0,0,0,0.4318825342926947,-1
ood,HAGRID_16d8aec5-abe9-4c7d-ae69-9bcb54f65bba,.- Most Polish citizens who perished in the war were civilian victims of the war crimes and crimes against humanity during the occupation by Nazi Germany and the Soviet Union [4].,HAGRID,0,0,0,0,0.365024622675925,-1
ood,HAGRID_ff102eb9-4104-4dd2-93f4-243152a8d061,"Puerto Rico Profile - Social Security Administration, Ssa.gov, 2021. [Online]. Available: https://www.ssa.gov/policy/docs/progdesc/sspus/pr.pdf. [Accessed: 14- May- 2021].[4]",HAGRID,0,0,0,0,0.4093365240513699,-1
ood,HAGRID_345e6aad-a04b-45e0-ae46-3d175a8d0200,"that India and Indonesia are few democracies in the Asian region, which can be projected as a real democracy, indicating that Indonesia is currently considered a democracy. Therefore, yes, Indonesia is a democracy. Reference: [6]",HAGRID,0,1,1,1,0.7322370669829146,-1
ood,HAGRID_8a384e99-547c-4035-a4da-1f18e44d9d00,"(""Juntas (Spanish America),"" Wikipedia, 2021).[3]",HAGRID,0,0,0,0,0.3231680912208329,-1
ood,HAGRID_baadcb32-e625-44ee-ac7a-d67b6a513bdc,"is played by Sandra Peabody, who portrays the character of Mari Collingwood [2][3]",HAGRID,0,1,0,1,0.5483999158000251,-1
ood,HAGRID_17b6aa2e-5a09-4772-b557-66094e7dea13,"Later, the movement split into several organizations after Russell's death in 1916, and one of them led by his successor, Joseph ""Judge"" Rutherford, became Jehovah's Witnesses. [1]",HAGRID,0,0,0,0,0.28680866561341145,-1
ood,HAGRID_91fbaf14-38c0-44a4-9604-881eb14ef480,"Reference: ""In November 2012, the government passed a new law that allowed Argentines between the ages of 16-18 to vote optionally.""[3]",HAGRID,0,0,0,0,0.45750158399635954,-1
ood,HAGRID_9bc9fbf8-440c-44bb-8509-5b9bf1649d73,The Isle of Man Railway started running in the year 1873 as the first line opened three years after the formation of Isle of Man Railway Company [1].,HAGRID,0,1,1,1,0.699130909885433,-1
ood,HAGRID_c58cc0dc-012e-4e6b-a2d3-725214a3b462,"suggest that between 18% and 27% of American adults identify as liberal, versus moderate or conservative. It is also noteworthy that resistance to the label ""liberal"" is observed due to the denigration of the term and the connotation that the word carries as per Eric Alterman's observation [2].",HAGRID,0,1,1,1,0.8019905364238957,-1
ood,HAGRID_45210ad1-9777-47cb-a15c-4e07808dd557,The purpose of this change was to make sure there was always a 29-day period between Election Day and the first Wednesday in December when the electors were required to meet [4],HAGRID,0,0,1,1,0.5869906195982579,-1
ood,HAGRID_24ee02d5-182a-4aed-b2b5-3ea71cedbce0,"However, the host country is responsible for providing physical protection and security within the refugee camps [2].",HAGRID,0,0,0,0,0.27116537012077707,0
ood,HAGRID_2eb6cc81-ec4f-4c19-84f9-579ed6a9593b,"Megan Fox's first film role was in the teen comedy ""Confessions of a Teenage Drama Queen"" in 2004, in which she played the supporting role of Carla Santini [1][2]",HAGRID,0,0,0,0,0.4647781946778239,-1
ood,HAGRID_7bd5836d-80db-4d4c-a94b-e47e38ad9fe5,"Therefore, the safety of sperm donation depends on various factors, including the reliability of the sperm bank, the screening process for potential donors, and the medical history of both the donor and the recipient. It is recommended that individuals considering sperm donation or using donor sperm seek advice from medical professionals [1].",HAGRID,0,1,1,1,0.7110782433929086,-1
ood,HAGRID_6c48c274-1526-4fcb-815e-348ba5c3aa49,"""Peak lumens is a measure of light output normally used with CRT video projectors...The light output is measured just in this center area.""[4]",HAGRID,0,0,0,0,0.2881693574758127,-1
ood,HAGRID_9d351139-2a46-4eda-9cbf-95ad7497f1c5,"Menopausal symptoms can be induced by changes in hormonal patterns during the early and late transition periods, also known as perimenopause and postmenopause [1].",HAGRID,0,0,0,0,0.29809097861568734,-1
ood,HAGRID_e91b2e26-14d8-44fb-a502-82d1ac8565de,Asbestos is a mineral that was used in various materials due to its durability and heat-resistant properties. [1],HAGRID,0,0,0,0,0.45406486818185077,-1
ood,HAGRID_465cee85-1752-4c95-babc-2dc67ba6a615,The reason voting day is on a Tuesday is due to practical reasons dating back to the 19th century when farmers needed a whole day to travel from rural areas to the county seat/parish seat to cast their vote [1][5][3],HAGRID,0,1,1,1,0.780555838061922,-1
ood,HAGRID_8ab46eb3-568f-4ad8-899f-07441dd65906,"On the other hand, Austria has set a general speed limit of 130 km/h [2].",HAGRID,0,0,0,0,0.28585322621165493,-1
ood,HAGRID_32b7f5cb-1632-4914-a861-afd38558104c,": J. E. Rodríguez O., ""The Independence of Spanish America,"" Cambridge University Press, Oct 1998.[5]",HAGRID,0,0,0,0,0.46483387170223034,-1
ood,HAGRID_13137741-30fe-4871-a6dd-2d34cfa06327,"The city of Bangkok, Thailand was founded at an earlier date than 1915, which is the year when Bangkok Noi was established as an amphoe [1].",HAGRID,0,0,1,1,0.5429511753935784,-1
ood,HAGRID_107230b2-a6cd-4439-853d-272221fa1739,"""Gondola"". (Website) Available: https://en.wikipedia.org/wiki/Gondola.[3]",HAGRID,0,1,1,1,0.5727249710482335,-1
ood,HAGRID_889ca5be-b025-4d8f-b2eb-1362a55292f3,The magnetic force of the Earth is called the geomagnetic field and ranges from 25 to 65 microteslas (0.25 to 0.65 gauss),HAGRID,0,0,0,0,0.3847826653600878,-1
ood,HAGRID_3f872c67-9401-4f34-87e8-173fb720a9dc,.- Most Polish citizens who perished in the war were civilian victims of the war crimes and crimes against humanity during the occupation by Nazi Germany and the Soviet Union [1][2],HAGRID,0,0,0,0,0.2932078768352708,-1
ood,HAGRID_a2f43997-f25d-4c78-968e-e5c840c8e6bb,The War of the Spanish Succession lasted over a decade and was concluded by the treaties of Utrecht (1713),HAGRID,0,0,0,0,0.2866160587709359,-1
ood,HAGRID_bec6aea2-f9da-40fa-a3e0-038c1e7daef5,"that India and Indonesia are few democracies in the Asian region, which can be projected as a real democracy, indicating that Indonesia is currently considered a democracy. Therefore, yes, Indonesia is a democracy. Reference: [4]",HAGRID,0,1,1,1,0.6920342339253135,-1
ood,HAGRID_dfb96ddc-d868-42b8-ab38-381bd9e5f324,The Northern Kingdom or the Kingdom of Israel was comprised of several houses [1].,HAGRID,0,0,0,0,0.32465358612503115,-1
ood,HAGRID_8bcbd7eb-971f-4073-8002-9d41f7ff237b,"King James I commissioned and chartered a new translation of the Bible which would eventually become the most famous version of the Bible in the history of the English language. Originally known as the ""Authorized Version"" to be read in churches, the new Bible would come to bear his name as the so-called King James Bible or King James Version (KJV) [3].",HAGRID,0,0,0,0,0.2995530442232997,-1
ood,HAGRID_4630efd3-0428-48c0-bcdf-41f46c286f73,Feijoada Recipe. Brasil By Bus Tours. [4],HAGRID,0,0,0,0,0.3579710528765217,-1
ood,HAGRID_060e4c6c-3801-4246-9b03-bf8833fa8013,"The first machine gun was invented by Hiram Stevens Maxim, an American inventor who created the Maxim gun in 1884. [1, 2, 3, 4]",HAGRID,0,1,1,1,0.7987974652842625,-1
ood,HAGRID_65112c32-bca6-4a1b-8b60-00c3fd3bf3da,"Based on the given context, it can be inferred that Shantou University does offer a graduate program. The context mentions that the university has established academic ties with universities in different countries and has also launched exchange programs for graduate students [1].",HAGRID,0,1,1,1,0.8093609092841103,-1
ood,HAGRID_01dca1c1-ccb8-4853-81c9-d4c879876f4b,"During their undergraduate years, neuroscientists typically take physical and life science courses to gain a foundation in the field of research. Typical undergraduate majors include biology, behavioral neuroscience, and cognitive neuroscience. [1][3]",HAGRID,0,1,1,0,0.4322192121529995,-1
ood,HAGRID_d868fc34-6aa3-4983-beaa-8e9b279c2560,"Konstantin Dmitriyevich Balmont was born on January 15, 1867. [1]",HAGRID,0,0,0,0,0.45099681848285894,-1
ood,HAGRID_fdef0bb2-a544-40b0-a8b7-d5b0f1f265ff,"Syngman Rhee became Head of State of the Provisional Government of the Republic of Korea in August 1948 [1, 5, 6].",HAGRID,0,1,1,1,0.7933591684204223,-1
ood,HAGRID_3595ce9f-011e-49e3-bc65-1fd3ec4251a6,"Additionally, Silicon Knights was sued by Epic Games for copyright infringement, breach of contract, and misappropriation of trade secrets. Epic Games won the counter-suit against Silicon Knights and received an injury award of $4.45 million [1, 4, 7].",HAGRID,0,1,1,1,0.7043023222809044,-1
ood,HAGRID_ac2c5f46-db06-4999-90df-9467c91c452c,"London is made up of more than 40% public green space, which includes 3,000 parks and totals 35,000 acres. [1,2]",HAGRID,0,0,0,0,0.49718121034412516,-1
ood,HAGRID_00f5d734-6e2d-4048-a1cb-5edafbd6c174,"Pars Province. (2021, August 3).",HAGRID,0,0,0,0,0.39972931693465463,-1
ood,HAGRID_243b59d7-84fb-482c-8251-3a451e401d0d,"The size of the habitable zone in the Solar System varies depending on the factors considered. If only carbon dioxide and water vapor are considered as greenhouse gases, the habitable zone is assumed to be at a distance from the Sun where the temperature is suitable for liquid water to exist on a planet's surface [1].",HAGRID,0,1,1,1,0.7674072530334851,-1
ood,HAGRID_3e12dd5f-b4ef-4e79-8a58-402a97368c2d,"They were awarded the 2010 Nobel Prize in Physics ""for groundbreaking experiments regarding the two-dimensional material graphene"". [4]",HAGRID,0,1,1,1,0.5448380180911828,-1
ood,HAGRID_87d02c45-841d-4a06-912a-40a05df5983c,The USS Lexington (CV-2) was built in 1921 [1].,HAGRID,0,1,1,1,0.6163602441814061,-1
ood,HAGRID_63f6efe1-3f8e-4e1e-83fc-5611956b2bf7,"The molecular weight of water is not a fixed value, rather it ranges between 18.010 564 6863(15)",HAGRID,0,0,0,0,0.32023548214486264,-1
ood,HAGRID_c60edb41-cecb-417d-b663-49454c04093a,"New Zealand was a Crown colony that gained self-government in 1852 [1, 2, 5].",HAGRID,0,0,0,0,0.47772136164802753,-1
ood,HAGRID_2808c371-2efa-49af-9ad3-cd5048a2df61,"Some Italian wines also use larger barrels such as hogshead barrel, particularly in Barolo and southern France [5].",HAGRID,0,0,0,0,0.2871076701883709,-1
ood,HAGRID_1f4320e3-c612-4e98-84ac-04a19eea7eef,"Based on the given contexts, 37 US soldiers were killed during the Battle of Kyongju [1].",HAGRID,0,1,1,1,0.7950502842932118,-1
ood,HAGRID_17636fd3-f5cf-40d5-b3c6-59470a5b4461,"The United States president can have a maximum of two terms in office, each term being four years [1, 2, 5, 6].",HAGRID,0,1,1,1,0.7443950543702527,-1
ood,HAGRID_16540db5-839e-4f1e-944c-aba6f7de7b01,"Westen, Drew. The Political Brain. PublicAffairs, 2007.[5]",HAGRID,0,0,0,0,0.4134799587977681,-1
ood,HAGRID_ede90c0c-4bf5-4c14-95bb-ac7665d67f14,Tornadoes can vary greatly in size. Weak tornadoes can be as narrow as a few feet or couple meters across [1].,HAGRID,0,1,1,1,0.8088919495808881,-1
ood,HAGRID_80e4b503-d018-447c-8b43-f765e196f9b9,"Yes, hemp does contain THC, but the amount is very low. The THC content of ""drug-type"" hemp essential oil does not exceed 0.08% and non-psychoactive hemp contains a ∆-9 tetrahydrocannabinol concentration of no more than 0.3% on a dry-weight basis. [1][2][3]",HAGRID,0,1,1,1,0.7480939386577103,-1
ood,HAGRID_b20a446c-a782-4ba5-ac28-b3562dec1b95,"Christianity in Israel. Wikipedia, Wikimedia Foundation, 19 Oct. 2021, en.wikipedia.org/wiki/Christianity_in_Israel. [3]",HAGRID,0,0,0,0,0.28988029479091243,-1
ood,HAGRID_fb050168-ed99-4281-94a8-174f2d642015,Black smoke indicates a failed ballot [3].,HAGRID,0,1,1,1,0.789780866449293,-1
ood,HAGRID_76d86c89-081b-4413-89bc-e0eb7fa89ed3,"Yes, the American Indian Model Schools system has a high school. The system includes three schools as of 2017, and one of them is American Indian Public High School (AIPHS), a high school (9-12).",HAGRID,0,0,0,0,0.28697048026712857,-1
ood,HAGRID_5ed37647-2cfe-4147-9c02-27abbd85188f,"Yes, Falls Road is in the Maryland Scenic Byways system as the Falls Road Scenic Byway [1][4]",HAGRID,0,1,1,1,0.7973548320499177,-1
ood,HAGRID_887e40d7-640f-454e-b24d-feb952d64e8f,about a male prostitute who fights against white oppression and spanned a new type of film genre that evolved all the way to what is now the urban blaxploitation horror films of the 21st century [2].,HAGRID,0,0,0,0,0.3038456897635452,-1
ood,HAGRID_6986d18f-e392-4748-b85e-888841ed95d0,The party leader is Theresa May [3].,HAGRID,0,0,0,0,0.29090325114390864,-1
ood,HAGRID_6510b654-ffa8-48ca-9ae1-dbc8c63e9f9f,"On the other hand, Austria has set a general speed limit of 130 km/h (87 mph)",HAGRID,0,0,0,0,0.2929831826172619,-1
ood,HAGRID_2a08aec1-beeb-438d-979e-f8a3b342a509,"Yes, the Chinese helped build the railroads in the United States, including the First Transcontinental Railroad [2][3][4]",HAGRID,0,1,1,1,0.8075845252736447,-1
ood,HAGRID_006818f3-11bd-412c-84a2-87bac4226aa7,"Black smoke indicates a failed ballot [1,4,6].",HAGRID,0,1,1,1,0.7810108349191958,-1
ood,HAGRID_513ddb9d-2353-42c3-8351-05548e5c0651,"The car was first invented in 1885 by Karl Benz in Mannheim, Germany, and he received the patent for its invention in 1886. [1]",HAGRID,0,0,0,0,0.46626799443565253,-1
ood,HAGRID_9869a422-5ddd-472d-b084-5da32588be1f,"The Northern Kingdom of Israel was comprised of several houses, but the exact number is not provided in the given context.Reference: [1]",HAGRID,0,0,0,0,0.2958533359881388,-1
ood,HAGRID_b6461966-2728-43ea-9e8d-ebd633f61011,"It is a non-venomous constrictor found in South Asia and Southeast Asia [1],",HAGRID,0,0,0,0,0.28664791635280046,-1
ood,HAGRID_af73b681-3bd5-43b1-9d27-c627a4aff337,"as of 2015, the population of Lagos city was approximately 16 million, making it the most populous city in Nigeria as a whole and one of the most populous in the world. However, [2]",HAGRID,0,0,0,0,0.26763790925541636,0
ood,HAGRID_c18d3e10-d2e5-4d1e-a1fa-acd6c2de8f17,"The significant difference between the two is their series run length, as telenovelas are significantly shorter containing usually about 100 to 200 episodes, compared to soap operas which are much longer than a telenovela [3-5].",HAGRID,0,0,0,0,0.2870604667609422,-1
ood,HAGRID_26cc20bc-0394-4d19-96c5-6d6d999f589d,It is also the administrative seat of the local government area of the City of Campbelltown. [3],HAGRID,0,1,1,0,0.48771579281709015,-1
ood,HAGRID_086014c0-92e3-4372-905b-42c3465a5db5,"The song American Pie was first recorded in May and June of 1971, and was released on the album of the same name in October of that year. [1, 3]",HAGRID,0,1,1,1,0.8043552667876049,-1
ood,HAGRID_f6564ad7-5470-4149-9cef-fb3724ce24f4,"The Korean War ended on July 27, 1953 [2][3][6][7]. However, the two Koreas are technically still at war, engaged in a frozen conflict [2]. The country remains divided into two at the 38th parallel [1][3][5]. The armistice created the Korean Demilitarized Zone to separate North and South Korea and allowed the return of prisoners [2][6][7]",HAGRID,0,0,0,0,0.4511271300896423,-1
ood,HAGRID_b547aa70-4e82-48d6-8e74-3cd469e646a9,"However, the European Grand Prix title was not awarded as a separate championship until 1938 and was not used again until 1947- the latter time without awarding the European championship title [3].",HAGRID,0,0,0,0,0.3676228681178572,-1
ood,HAGRID_204170aa-39ec-4c4e-8a54-c1ebca06389a,"The 3rd Division had been selected as the assault formation to make the first landing. F Troop of 92nd (Loyals), which was trained for a special role, was the only divisional LAA unit to land that day. RHQ and the rest of 318 Bty would land on D +1, while 317 and 319 Btys would arrive in the following weeks. [3]",HAGRID,0,0,0,0,0.2814871263866231,-1
ood,HAGRID_274f8b95-366d-43ef-b426-bf26c6f8f078,"The first episode of Big Brother Australia aired on May 25, 2001, on Channel 4. [2]",HAGRID,0,1,1,1,0.7997988254523759,-1
ood,HAGRID_74522f49-3279-4f42-811b-6aaeb63c2599,It is also known as postprandial hypoglycemia or sugar crash. This term is not a diagnosis as it requires assessment to determine the root cause of the hypoglycemia [2].,HAGRID,0,0,0,0,0.2982500033457288,-1
ood,HAGRID_bd709173-008b-4d18-ba30-11e203f2bbe3,It is a non-venomous constrictor found in South Asia and Southeast Asia [4].,HAGRID,0,0,0,0,0.29877318804204883,-1
ood,HAGRID_0bb32140-3483-42ee-b658-e6c41a4a3aef,"Nevertheless, gondolas remain an iconic symbol of Venice and an essential tourist attraction [1].",HAGRID,0,0,0,0,0.28903802784771215,-1
ood,HAGRID_be96ba7c-d134-4bbd-b49f-ca7932f952ab,"Do Puerto Ricans Pay Federal Income Tax? | H&R Block, H&R Block, 2021. [Online]. Available: https://www.hrblock.com/tax-center/irs/tax-reform/puerto-ricans-pay-federal-income-tax/. [Accessed: 14- May- 2021].[2]",HAGRID,0,1,1,0,0.4931011691958998,-1
ood,HAGRID_fbea589c-a919-41bd-af24-dcefbab5901b,"Eiffel Tower. Wikipedia. Wikimedia Foundation, [Online]. Available: https://en.wikipedia.org/wiki/Eiffel_Tower. [Accessed May 20, 2021].[6]",HAGRID,0,0,0,0,0.2775197629827549,0
ood,HAGRID_275048a1-7dc3-431a-9173-112979bb60b2,"It is recommended to consider the possibility of melioidosis in patients with a history of traveling to endemic areas (2),",HAGRID,0,0,0,0,0.29201090901894494,-1
ood,HAGRID_bf7dfe31-640e-45be-a6ee-38aafec23fcb,"""Ideological Identification"". Gallup.com. N.p., 2021. Web. 25 Jul. 2021.(2014)",HAGRID,0,0,0,0,0.4759142723305489,-1
ood,HAGRID_23494ff5-792b-4fff-912a-72db00c6d997,"J. J. Buchanan, ""The Sino-Japanese War of 1894–1895 and Its Place in the History of War,"" in Journal of Military History, vol. 62, no. 3, pp. 637-655, July 1998.[2]",HAGRID,0,0,0,0,0.37771562422115096,-1
ood,HAGRID_512d3032-1c9a-48ae-b2bb-77788a1ab475,The American Motors Corporation was founded by George W. Mason [1].,HAGRID,0,1,1,1,0.7946051391549951,-1
ood,HAGRID_3e55dce4-8126-4c79-9e83-c79e8f817719,which is deeper than any other natural trench in the world [2].,HAGRID,0,1,1,1,0.8065650727245246,-1
ood,HAGRID_6637a94c-3ae2-4745-b709-8c26fa0c5dfc,"currently experiencing a population increase of about 275,000 persons per annum. Furthermore, [4]",HAGRID,0,0,0,0,0.2869429260743655,-1
ood,HAGRID_fc94006d-9253-49d4-a56b-9eb6425e76dd,"In Materials Science, ductile or plastic deformation occurs when the temperature of a system is high enough so that a significant fraction of the material microstates are unbound [1].",HAGRID,0,1,1,1,0.5633835564251647,-1
ood,HAGRID_5e339883-becc-46eb-ab0b-9f57bc6b193f,": J. R. Fisher, ""The Susceptibility of American Colonial Institutions to Imperial Change: The Organization of New Granada, 1750-1800,"" The Hispanic American Historical Review, vol. 46, no. 3, August 1966, pp. 351-375.[3]",HAGRID,0,0,0,0,0.2886479594225289,-1
ood,HAGRID_e0c66dbd-4979-451a-832e-0cb3aaaf66b2,", and they played a significant role in laying the steel rails [2].",HAGRID,0,1,1,1,0.5871909793485987,-1
ood,HAGRID_067c68fa-ec8c-4efc-9341-7b579cc7f94a,"""March of Tuscany"", Encyclopædia Britannica, October 25, 2017. https://www.britannica.com/place/March-of-Tuscany[3]",HAGRID,0,0,0,0,0.4276810525104503,-1
ood,HAGRID_07452f23-f59a-44b4-9c6c-eb18367de816,An open world refers to a virtual world in video games where the player can explore and approach objectives freely without any linear gameplay. The open world design allows for freedom and creativity in gameplay [1].,HAGRID,0,0,1,0,0.42666162533737934,-1
ood,HAGRID_d2bc5e4c-485c-4b15-a3b5-bb4474bfd910,"Yes, the Stackhouse books got made into a show called ""True Blood"" [1].",HAGRID,0,1,1,1,0.7973610384060046,-1
ood,HAGRID_56c36ac3-d0b1-4bb5-a513-4ef02385d284,"Some Italian wines also use larger barrels such as hogshead barrel, particularly in Barolo and southern France [8].",HAGRID,0,0,0,0,0.28323715142769385,-1
ood,HAGRID_2b470d3d-fe17-48d1-a321-c24ad6980df2,"The Umayyad caliphate was ruled by the Umayyad dynasty, hailing from Mecca and were the sons of Umayya [1].",HAGRID,0,0,1,0,0.49462692907223,-1
ood,HAGRID_a1d495b2-6546-441f-ae5a-f42b572e97f8,"Fitzgerald, Tom. ""From Rams To Angels."" Baseball America, 20 May 2009, www.baseballamerica.com/stories/from-rams-to-angels/.[3]",HAGRID,0,0,0,0,0.4194514345679019,-1
ood,HAGRID_9a552fd7-889b-440a-9087-6c3d66f16f44,"The building known as Ruddle's corner was erected in 1901 by William Ruddle, the Royal George owner and licensee, to accommodate different tenancies, including the Commercial Banking Company of Sydney [1].",HAGRID,0,0,0,0,0.35193898935966256,-1
ood,BEGIN_ctrl_wow_20efad8f-f2a9-4e2a-b905-b1953cb0d95e,"they do, so they may motivate sports teams or entertain the audience.",BEGIN,1,1,1,1,0.7891878500261823,-1
ood,BEGIN_ctrl_wow_c1f49e13-415c-4dc9-a73b-43f053866aad,"they are defined as any meat that has more myoglobin than white meat, white meat being defined as non-dark meat from chicken (excluding leg or thigh), or fish.",BEGIN,1,1,1,1,0.8026629701748593,-1
ood,BEGIN_ctrl_wow_d5c8b5ce-6835-489d-9b84-8cbd4ba23c9a,"although modern skiing has evolved from beginnings in scandinavia, it may have been practiced more than 100 centuries ago in what is now china, according to an interpretation of ancient paintings.",BEGIN,1,1,1,1,0.7029544719314157,-1
ood,BEGIN_ctrl_wow_a8de3153-c4c3-4827-b9b3-9c0057ada898,"his music career began there in 1954, recording at sun records",BEGIN,1,1,1,1,0.7927812706619606,-1
ood,BEGIN_t5_cmu_f204e158-22f7-4a58-930a-ad0bf6d597f1,the movie is wolf of wall street,BEGIN,1,1,1,1,0.8022618512969802,-1
ood,BEGIN_doha_wow_a13f4212-3ef9-49f8-a0a3-2839f77cf269,Auto racing is a motorsport involving the racing of automobiles for competition .,BEGIN,1,1,1,1,0.7914173232159937,-1
ood,BEGIN_ctrl_tc_993fc5ab-19e7-48ef-b105-c781a8a332d9,"yeah. it's his best selling "" athlete's bible "" and lifestyle brand.",BEGIN,1,1,1,1,0.7938646199693398,-1
ood,BEGIN_ctrl_wow_7780d345-b982-44ef-996e-8177b2da9ca9,portrait of an army doctor was painted by the french artist albert gleizes in 1914-15.,BEGIN,1,1,1,1,0.805742417467106,-1
ood,BEGIN_ctrl_tc_dc05ded9-d8ad-4b9d-9ae7-ad7828858bb4,"yes, it was 222 - 0.",BEGIN,1,1,1,1,0.8019978992804497,-1
ood,BEGIN_ctrl_wow_e5ffabe5-7561-4e8d-97db-2641a65a5e93,"many types of competitive skiing events are recognized by the international olympic committee (ioc), and the international ski federation (fis).",BEGIN,1,1,1,1,0.6940671749731578,-1
ood,BEGIN_ctrl_tc_83f86a5a-a05c-46be-b943-87e110f9259a,that is interesting. espn won an emmy for the superimposed yellow line.,BEGIN,1,0,0,0,0.29846817982224627,-1
ood,BEGIN_ctrl_tc_501b3459-cb3e-4185-84e1-dab2350c1a44,yes. the average nfl game only has 11 minutes of live gameplay.,BEGIN,1,1,1,1,0.749819101263217,-1
ood,BEGIN_t5_tc_84dd9d6b-13f6-4bcf-99ce-500b860908d4,i think it's 222 - 0.,BEGIN,1,1,0,0,0.31696400829027954,-1
ood,BEGIN_ctrl_tc_324b6f54-0f98-4207-9216-5ff8d13466d2,"it is. in canada, they play 40 % canadian music",BEGIN,1,0,1,1,0.7485042980542526,-1
ood,BEGIN_ctrl_cmu_fd369758-bd75-4620-9e27-0087defbe204,it is the red circle,BEGIN,1,1,1,1,0.7996483537989736,-1
ood,BEGIN_ctrl_wow_10125616-8cdd-4473-a41a-6895451922d6,a zombie apocalypse is a general assault on civilization.,BEGIN,1,1,1,1,0.7305855758667771,-1
ood,BEGIN_t5_wow_34777406-76e2-4e1f-9216-6f30ca52783c,in the middle ages green was the color commonly associated with merchants,BEGIN,1,1,1,1,0.8093815639680461,-1
ood,BEGIN_ctrl_wow_a2fb5ff5-a7f1-4238-9fde-485e2334aa2d,"yes, but the independent game industry has seen a substantial rise in recent years",BEGIN,1,1,1,1,0.8052939797211203,-1
ood,BEGIN_t5_wow_be7af021-9d1d-4401-84b7-5972387fe45a,"they also sell some 7,000 candies from around the world.",BEGIN,1,0,0,0,0.2894621000645256,-1
ood,BEGIN_ctrl_tc_7dd4002c-51e2-4687-aeea-f7eb614c860b,"yes, the nfl uses tracking chips in the shoulder pads to record players every move on the field.",BEGIN,1,1,1,1,0.7954018899298931,-1
ood,BEGIN_ctrl_wow_78de8cbb-0c09-4bff-ad3a-4168e907670c,coco chanel is credited with popularizing cardigans for women,BEGIN,1,1,1,1,0.807328057779413,-1
ood,BEGIN_ctrl_cmu_d0e4db53-170e-458e-9eef-6fde4a2e4c2d,it's about a mute custodian at a high - security government laboratory who falls in love with a captured humanoid amphibian creature.,BEGIN,1,0,1,1,0.599638435043878,-1
ood,BEGIN_ctrl_wow_7878a2fa-5962-450e-a101-bd6300ef5d4b,he was a pioneer of rockabilly.,BEGIN,1,1,1,1,0.803151580354105,-1
ood,BEGIN_ctrl_wow_cc70adf7-52ff-4a70-95db-34afd5cf249e,the ohio state buckeyes football team is a college football team.,BEGIN,1,1,1,1,0.7892181745901301,-1
ood,BEGIN_ctrl_tc_71903c72-1751-41a8-929c-84eff078bc57,he is the winningest coach in nfl postseason football with 21 wins.,BEGIN,1,1,1,1,0.8073856071523169,-1
ood,BEGIN_ctrl_cmu_f041f941-5723-4f99-af5f-2f4eebe621ae,he plays a substitute teacher in his French class,BEGIN,1,1,1,1,0.7989870749724653,-1
ood,BEGIN_doha_tc_63bd4af7-5742-4794-ae87-48b24c7597db,"That 's cool . There is a tracking chip that has embedded in players shoulder pads to record velocity , rotation , ball speed and location .",BEGIN,1,1,1,0,0.4485207121887355,-1
ood,BEGIN_ctrl_cmu_edd7fa84-fbe2-4e66-912c-9b0692bea455,he creates an e mail system to answer prayers and respond to them.,BEGIN,1,0,0,0,0.47366951770023086,-1
ood,BEGIN_ctrl_wow_8f6f0e96-4448-4b8f-b83e-fb60b4e1593e,"well, although not all goldendoodles exhibit the non-shedding coat type of the standard poodle, most goldendoodles do have a low to non-shedding coat.",BEGIN,1,1,1,1,0.7908321369221399,-1
ood,BEGIN_ctrl_wow_d51c3432-9a84-4a44-af18-6ee4649587f1,"they can also dance, jump, cheers and stunting.",BEGIN,1,1,1,1,0.8009548928636586,-1
ood,BEGIN_ctrl_cmu_305b5c49-a756-450a-8d00-221198fe098c,it was the first live action movie to feature both of the characters,BEGIN,1,1,1,1,0.7986420810627778,-1
ood,BEGIN_ctrl_wow_578d1773-25c3-4fd7-9e7e-fc93c671f856,"there is a polar bear, they are carnivorous bears",BEGIN,1,1,1,1,0.7985088597399322,-1
ood,BEGIN_doha_wow_948b3d22-4586-4d7e-a4eb-bd1f4146f735,"David Zaslav founded the company , it was originally called The Discovery Channel",BEGIN,1,1,1,1,0.6737222620769879,-1
ood,BEGIN_doha_tc_050bca89-87fe-4dfa-93c0-2e66a3bfbd74,Yes but there is no written rule against them playing,BEGIN,1,1,1,1,0.7400910351039212,-1
ood,BEGIN_ctrl_wow_78c7c52a-75f8-486b-a86e-c68e8ab98ed0,"the word comes from the latin ""arcus"".",BEGIN,1,1,1,1,0.5576677305365655,-1
ood,BEGIN_ctrl_tc_6643263c-152d-4f6a-bf64-79b35f9a6222,the average game has only 11 minutes of live gameplay.,BEGIN,1,1,1,1,0.5252139212146159,-1
ood,BEGIN_ctrl_cmu_d2f5d50b-49da-46b6-bc39-7e6708102950,he is a strong minded interior designer and a wealthy businessman,BEGIN,1,0,0,0,0.4615530968484643,-1
ood,BEGIN_ctrl_wow_5650f87f-e7ac-4519-b8a2-27ca5d88e536,"sometimes when couples break up, one member of the relationship may regress to their former partner for comfort after a period of time.",BEGIN,1,1,1,1,0.7778883396229513,-1
ood,BEGIN_ctrl_wow_c2194cea-6765-4847-87cb-3c1b44a2ccc9,"yea dent corn, flint corn, pod corn, popcorn, flour corn, and sweet corn",BEGIN,1,1,1,1,0.7819074348166383,-1
ood,BEGIN_ctrl_cmu_be24e88f-4f1e-4335-8b28-7d92467210b0,and the mayor says the beaches are safe.,BEGIN,1,1,1,1,0.8001111831963525,-1
ood,BEGIN_ctrl_tc_d96ff129-9cb0-4399-8e2f-687ba87a9a80,it wasn't uncommon for students in the us to be required to read from the bible.,BEGIN,1,1,1,1,0.7680961848858654,-1
ood,BEGIN_ctrl_wow_911e069a-5914-4daa-938a-6eb2d6d3ab1f,it's a small team of young people who like music. it's also called i like music.,BEGIN,1,1,1,1,0.8043411741854526,-1
ood,BEGIN_ctrl_wow_c93de5fe-f688-40fd-83f0-01239bd0af96,"by installing bicycle racks on the front of buses, transit agencies can significantly increase the areas they can serve.",BEGIN,1,1,1,1,0.7959135616275554,-1
ood,BEGIN_ctrl_wow_f5bcbade-9c46-44b6-86ac-c083346998d7,genghis khan died in 1227 after defeating the western xia,BEGIN,1,1,1,1,0.7798923190393512,-1
ood,BEGIN_t5_wow_7e583b81-fb8d-4fe8-9fa5-3dd4a0d4cafd,green is the color between blue and yellow on the visible spectrum,BEGIN,1,1,1,1,0.7743340416873676,-1
ood,BEGIN_ctrl_wow_a1597764-5ee9-4eb4-92dd-eb17e44bcb25,the green party of canada was founded in 1983.,BEGIN,1,1,1,1,0.7997039509957581,-1
ood,BEGIN_ctrl_tc_26e955dc-3292-4f1a-941a-760813d325cf,they have either won or lost the super bowl by 3 or 4 points in all 6 tries.,BEGIN,1,1,1,1,0.6678155245045839,-1
ood,BEGIN_ctrl_wow_19c938ea-5d3f-420c-8cc0-d179f694a626,"instagram is a mobile, desktop, and internet-based photo-sharing application and service that allows users to share pictures and videos either publicly, or privately to pre-approved followers.",BEGIN,1,1,1,1,0.595773983129568,-1
ood,BEGIN_ctrl_tc_25c1b269-0ea6-4f1e-952e-3db4a947da67,it was 222 - 0.,BEGIN,1,1,1,1,0.8019191529484107,-1
ood,BEGIN_ctrl_wow_35bb7d4b-1b47-4748-97ec-12c84fe34f8e,"they have ""billboard"" rankings them as the most successful rock group of the decade; their song ""how you remind me"" was listed as the best-selling rock song of the decade",BEGIN,1,1,1,1,0.8070147712074186,-1
ood,BEGIN_doha_tc_7b3b924a-9877-42c6-94cc-d9236e0c400a,It does ! He had a $ 10 million per year deal and it would cost the Giants 26.9 million to buy out Saban 's Alabama contract .,BEGIN,1,1,1,1,0.6565745821355983,-1
ood,BEGIN_ctrl_wow_d1a631e0-9f15-4b10-9906-cdf239621b11,their music has also been called heavy metal.,BEGIN,1,1,1,1,0.8090312024299244,-1
ood,BEGIN_ctrl_cmu_7d084ce6-262e-432a-b1ff-0f2bb2086717,it is a 2008 superhero movie.,BEGIN,1,1,1,1,0.6937466052021297,-1
ood,BEGIN_ctrl_wow_1d393af6-7b10-4816-afd7-a7c69a5914e0,competitive routines typically range from one to three minutes,BEGIN,1,1,1,1,0.8023657431878612,-1
ood,BEGIN_gpt2_tc_9e1a9317-025d-40a7-b48c-20c39ffd749a,Yeah I think so. The NFL has no written rule against female players.,BEGIN,1,1,1,1,0.7344736631799941,-1
ood,BEGIN_gpt2_wow_526833db-e3e1-4358-bfb7-2f725a3edb7d,Heartbreak Hotel was released in 1956 and became a number 1 hit in the US !,BEGIN,1,1,1,1,0.7993767189995628,-1
ood,BEGIN_t5_wow_f2968ca2-260b-42d0-9e4a-0f7df364dec0,they say the first depiction of a skier with two ski poles dates to 1741,BEGIN,1,1,1,1,0.7949832433268773,-1
ood,BEGIN_ctrl_wow_d2212ad8-801f-43c7-ab2f-ac5fe4a25a8d,bowling is a sport or leisure activity in which a player rolls,BEGIN,1,1,1,1,0.8003218033862436,-1
ood,BEGIN_ctrl_cmu_cf4a8034-b36b-4790-b6ea-5c9a0c33decc,he runs away before the interview is over and confronts Leigh Anne about her motives for taking him in.,BEGIN,1,0,0,0,0.3759121541878041,-1
ood,BEGIN_ctrl_tc_63b50925-3a1f-4fbe-8ebd-f912f103c5ee,"yes, he has a plan for his life. good health, joy, peak performance.",BEGIN,1,1,1,1,0.7940437787596011,-1
ood,BEGIN_ctrl_tc_8e710a5d-36d1-4be0-b7fc-45bb57f9dace,"yes, and there are only 16 games in a season.",BEGIN,1,0,0,0,0.4550849336360274,-1
ood,BEGIN_ctrl_wow_32074e5a-2f52-4595-9487-4544ba5b9f32,"the global presentation of cheerleading was led by the 1997 broadcast of espn's international cheerleading competition, and the worldwide release of the 2000 film ""bring it on""",BEGIN,1,1,1,1,0.6922921853960106,-1
ood,BEGIN_doha_tc_ce9d4616-ff31-4665-acdf-8160e49048c4,"Yes and worst , if they are already eating and a player walks in they have to leave",BEGIN,1,1,1,1,0.6757287000598752,-1
ood,BEGIN_ctrl_tc_61ce0435-3ced-4b05-8125-744288549562,"yes, it is mainly about the apocrypha.",BEGIN,1,1,1,1,0.7790313298045132,-1
ood,BEGIN_ctrl_wow_bbb92ab7-55fe-4ad0-81f2-dd5ca32ed64d,"accounting can be divided into several fields including financial accounting, management accounting, external auditing, tax accounting and cost accounting.",BEGIN,1,1,1,1,0.5453364300006245,-1
ood,BEGIN_doha_wow_5a9498f1-58c0-48fd-aa65-d262f42f4815,"Yea , several minerals have the green color including the emerald .",BEGIN,1,1,1,1,0.8071045764649614,-1
ood,BEGIN_gpt2_cmu_3d0ed786-a9fc-441a-bb31-7b1976209358,"That's right! The team takes Fischer and a wounded Saito to a warehouse where Cobb reveals that while dying in the dream would normally wake Saito up, the powerful sedatives needed to stabilize the multi-level dream will instead send a dying dreamer into ' limbo ' , a world of infinite subconscious from which escape is extremely difficult, if not almost impossible , and a dreamer risks forgetting they are in a dream.",BEGIN,1,1,1,1,0.627456414544471,-1
ood,BEGIN_t5_wow_8eb3b1ae-cffa-41d7-b679-713b98575a20,"i think so too, the scope of the role varies widely across the world.",BEGIN,1,0,0,0,0.32773779130443753,-1
ood,BEGIN_ctrl_wow_36db3457-53c4-4ef0-b0a7-a8d0a7d7269c,they were also listed number 7 on the billboard top artist of the decade and had 4 albums,BEGIN,1,1,1,1,0.8013610274926797,-1
ood,BEGIN_t5_tc_673d62b3-4fa9-40c2-966f-2dcf3f7662f2,yes it's interesting the president of indonesia released 3 pop albums while in office,BEGIN,1,1,1,1,0.7580458131006513,-1
ood,BEGIN_ctrl_cmu_6198e294-a8ed-40e1-97b2-3f07686e4f8f,it is a biographical crime film.,BEGIN,1,1,1,1,0.7930318077653639,-1
ood,BEGIN_ctrl_wow_d66a813c-4256-4fae-8ed4-ca1f1e08e734,the first depiction of a skier with two ski poles dates to 1741.,BEGIN,1,1,1,1,0.7126921260164775,-1
ood,BEGIN_ctrl_tc_a7e4c1ec-850f-49fd-8c71-cca96fd30486,"yes, the nfl uses tracking chips in players shoulder pads to record a players every move on the field.",BEGIN,1,1,1,1,0.78760958957017,-1
ood,BEGIN_ctrl_tc_50225fb9-196e-49d9-9d66-9758a7961d7a,he was charged with several offenses including eluding police and obstruction of law.,BEGIN,1,1,1,1,0.8033322799225523,-1
ood,BEGIN_ctrl_wow_3105d0b5-2f2d-40c2-aa79-d44f90d8d2c3,some strains of corn are known as zea mays.,BEGIN,1,1,1,1,0.8078021310911083,-1
ood,BEGIN_doha_tc_facb2ba4-c172-4f40-9bc4-8fae1a6dff31,There are cafes in Japan where people pay hourly to play with cats and have drinks ! when a cat reaches 15 years old it usually spent 10 years sleeping .,BEGIN,1,1,1,1,0.7956589441546771,-1
ood,BEGIN_ctrl_wow_db0bb8af-96f9-4742-9678-2ba13e0c1e0a,"different variations of coffee cocktails pre-date the now-classic irish coffee by at least 100 years, before joe sheridan, a head chef at the restaurant and coffee shop in the foynes airbase flying boat terminal building, county limerick played his part",BEGIN,1,1,1,1,0.6658095007394569,-1
ood,BEGIN_gpt2_wow_ad80b982-90dd-4482-b4f8-8e6a40f6e4d7,Yeah ! He 's a bestselling author .,BEGIN,1,1,1,1,0.7846144239483769,-1
ood,BEGIN_ctrl_cmu_1ea07498-8f77-4a5c-a1e6-2a6a1bd905ce,it's a sports drama.,BEGIN,1,1,1,1,0.8009563966062174,-1
ood,BEGIN_ctrl_wow_66cd340d-3ac8-4166-8a28-867e215fd6ac,it is. accounting is called the language of business.,BEGIN,1,1,1,1,0.7999403010265798,-1
ood,BEGIN_ctrl_tc_b6d40722-9245-4d95-82f6-dac8a70c510b,he was a working aeronautical engineer who graduated from rpi.,BEGIN,1,1,1,1,0.8084007944343273,-1
ood,BEGIN_ctrl_tc_6b81ebbd-de88-4900-b8bd-d0ebb0f31e05,"yes it is, they won an emmy for it",BEGIN,1,1,1,1,0.7996387041228561,-1
ood,BEGIN_t5_wow_29aa0387-78c2-4517-a5fd-4502a8ab27de,i think they were formed in the lehigh valley.,BEGIN,1,1,1,1,0.8027067611530194,-1
ood,BEGIN_doha_tc_3f6f68d2-5310-437a-96d5-8cdfad8f4322,Yes ! ! The NFL even uses chips embedded in players shoulder pads to record every move on the field !,BEGIN,1,1,1,1,0.6418527491143754,-1
ood,BEGIN_ctrl_tc_1235784b-38d5-4e78-a3af-10f6268a490f,it means both apple and evil.,BEGIN,1,1,1,1,0.8075272154580033,-1
ood,BEGIN_ctrl_wow_b57fd8f3-4fa8-450e-a1d7-033fa6aec472,nickelback is a canadian rock band,BEGIN,1,1,1,1,0.7950055797768448,-1
ood,BEGIN_doha_wow_0e0922a5-5f18-4741-a90a-8679522d7560,"Many of the shades are created by a combination of blue and yellow , or cyan .",BEGIN,1,1,1,1,0.7557771297083266,-1
ood,BEGIN_ctrl_tc_729afe43-968b-4fd9-9329-601ec1e255d9,it is legal in south africa to equip your car with flame throwers to prevent carjacking.,BEGIN,1,0,0,0,0.4020021286570303,-1
ood,BEGIN_doha_wow_e08c27a3-c91d-4c4b-a9fb-65f90b5ad137,"Well people often call him the king of rock and roll or simply "" the king "" .",BEGIN,1,1,1,1,0.8005403682564411,-1
ood,BEGIN_ctrl_tc_7c3712c8-f84e-4c0c-ab15-339a516434b0,yes and they are considering if they want to bid on the deal that has been divvied up between cbs and nbc the past two seasons,BEGIN,1,1,1,1,0.7125500332829539,-1
ood,BEGIN_ctrl_wow_2a809559-83fa-4dd0-a4e5-064b3c9bd1e7,"if the tackled player is on the ground, the ball must be released. it then allows players to pick it up and play continues",BEGIN,1,1,1,1,0.7983096544142219,-1
ood,BEGIN_ctrl_wow_282942d6-4291-4337-99ca-f198fc213581,it's a cheese-based sauce with tortilla chips.,BEGIN,1,1,1,1,0.7903020608448719,-1
ood,BEGIN_ctrl_cmu_d57d992a-9cf6-42ad-b5d9-14983e343308,it was directed by Byron Howard,BEGIN,1,1,1,1,0.7998305034308889,-1
ood,BEGIN_ctrl_tc_a48f932c-7d74-4517-9f5e-0c29245287f1,that is cool. disney owns and operates the abc broadcast network.,BEGIN,1,1,1,1,0.8004030237547871,-1
ood,BEGIN_t5_wow_79cee793-94db-41ff-b392-5622cd87c5cd,"i agree. he started his music career in 1954, recording at sun records with producer sam phillips",BEGIN,1,1,1,1,0.756279483862961,-1
ood,BEGIN_t5_wow_dbbee0ae-5191-4c24-a990-139fa74fb7f2,"well, red or orange pills are generally used as stimulants",BEGIN,1,1,1,1,0.7861997310192403,-1
ood,BEGIN_ctrl_cmu_dfcb8161-9b89-4770-8542-faa17916ebc9,the wormhole above stark tower,BEGIN,1,1,1,1,0.8023923403928589,-1
ood,BEGIN_ctrl_cmu_45b92f30-380f-4c7c-b644-97531e9d3f15,the creature is a humanoid amphibian.,BEGIN,1,1,1,1,0.8084443375538981,-1
ood,BEGIN_ctrl_wow_ad77dd69-99ff-412b-ac0d-877bbe85b95d,"he was a pioneer of rockabilly, an uptempo, backbeat-driven fusion of country music and rhythm and blues",BEGIN,1,1,1,1,0.803088581756439,-1
ood,BEGIN_ctrl_wow_b5504305-b316-4c27-9722-1b7f6ebeeeaa,winter is the coldest season of the year in polar and temperate zones.,BEGIN,1,1,1,1,0.7990921288470598,-1
ood,BEGIN_gpt2_wow_8a38161c-6031-44d8-83d7-fc665d2213e0,"The Nordic World Ski Championships 2011 took place on 23 February 2011 in Oslo , Norway ,",BEGIN,1,1,1,1,0.7545712831197003,-1
ood,BEGIN_ctrl_tc_adceb784-4bcf-4b76-b000-014f5b99f22f,the ottoman empire was still in existence the last time the cubs won the world series.,BEGIN,1,0,1,1,0.7422956608513432,-1
ood,BEGIN_t5_cmu_072efa4f-fbc7-48e7-b4c5-a08816be2248,it's based on the marvel comics character iron man.,BEGIN,1,1,1,1,0.7265209167678021,-1
ood,BEGIN_ctrl_tc_5e775155-06fe-4fe6-9dae-a2addb45ef37,yes. in the 1960s top bowlers made twice as much as top football stars.,BEGIN,1,1,1,1,0.7988890460285764,-1
ood,BEGIN_ctrl_cmu_5a22c164-e8dc-43ec-b28a-5634fd3c3c3f,it's an interesting story about a man who conned millions of dollars.,BEGIN,1,1,1,1,0.5220794410387243,-1
ood,BEGIN_ctrl_wow_592a2d07-4e5e-4892-a2fc-cbd061fe7143,much of the creatures are adapted to green environments. they have adapted to take on green hues themselves.,BEGIN,1,1,1,1,0.8029010592610193,-1
ood,BEGIN_ctrl_tc_18bdd27a-f7b5-4302-bd19-17b42e8d9c2f,they even use tracking chips in the shoulder pads of the players,BEGIN,1,1,1,1,0.7181657849881976,-1
ood,BEGIN_ctrl_tc_e82e2f79-1a48-4970-a38e-fb10414b807d,the bible is considered to be the most influential and best selling book of all time.,BEGIN,1,1,1,1,0.7831085008843501,-1
ood,BEGIN_ctrl_wow_f40876d3-da33-47f2-b3ef-55278bc5fe75,it's published in 1960.,BEGIN,1,1,1,1,0.805125521951563,-1
ood,BEGIN_ctrl_wow_60b0496b-e9b1-4e3d-83d6-31e6c10d0d02,yeah and the target is usually to knock over pins at the end of a lane.,BEGIN,1,1,1,1,0.7708593073508996,-1
ood,BEGIN_t5_tc_fdc5b642-9a89-44c8-8979-f6e9613d1752,true. the average game only has 11 minutes of live gameplay.,BEGIN,1,1,0,0,0.38441162230446957,-1
ood,BEGIN_ctrl_tc_1ac8c6aa-c8ee-44ca-aaec-565a6e119a07,rodgers has a contract extension with the green bay packers worth $ 134 million.,BEGIN,1,1,1,1,0.7983065987017413,-1
ood,BEGIN_ctrl_cmu_093efd4a-ba49-4844-89e1-bfc5f72211ba,and when he misses the play,BEGIN,1,1,1,1,0.7443807831307533,-1
ood,BEGIN_ctrl_cmu_ba9d3eaf-4093-48e2-8940-3ceaf74c5945,they work their way up to the scarer team,BEGIN,1,1,1,1,0.7799707886257576,-1
ood,BEGIN_gpt2_wow_a5f1f2c8-e87b-4bf6-8fe5-f9def1269ae3,No Australian Idol was an Australian singing competition which began its first season in July 2003 and ended it in November 2009 .,BEGIN,1,0,0,0,0.47253307040409187,-1
ood,BEGIN_doha_wow_65b0bc1d-0c13-47dd-a608-508000d19f71,College football is considered the second tier of American football which is the step below high school and professional competition .,BEGIN,1,0,1,1,0.5180797826138455,-1
ood,BEGIN_ctrl_wow_006db6f8-6c41-4297-b8cc-858014a8143e,"he was an american singer, musician, and actor",BEGIN,1,1,1,1,0.8008336051358165,-1
ood,BEGIN_ctrl_wow_a0bb8f01-27b5-49f1-8878-5c6c049cbf89,yeah and the atlantic cod is one of the most common ingredients in fish and chips.,BEGIN,1,1,1,1,0.799111011192687,-1
ood,BEGIN_ctrl_wow_914ac134-2a47-4367-ad2b-93d5912b760c,the republic of ireland.,BEGIN,1,1,1,1,0.7916830203430569,-1
ood,BEGIN_ctrl_tc_31c37236-771a-462a-a842-413989344616,"yes, they also track velocity, rotation, ball speed and location.",BEGIN,1,1,1,1,0.8019083038520971,-1
ood,BEGIN_ctrl_tc_da772089-daad-4818-8af1-b35e60a967d1,"yeah, it is the most influential book of all time.",BEGIN,1,1,1,1,0.7986429217125974,-1
ood,BEGIN_ctrl_tc_4f4076b5-a6ca-4eef-af8d-15c04df9fd6e,"yeah, the nfl uses tracking chips embedded in players shoulder pads to record players every move on the field.",BEGIN,1,1,1,1,0.7518204031786374,-1
ood,BEGIN_t5_wow_8729010f-e55c-49bf-87d1-50c706f7e2c2,"it is a form of skiing where skiers rely on their own locomotion to move across snow-covered terrain, rather than using ski lifts or other forms of assistance.",BEGIN,1,1,1,1,0.80650570540024,-1
ood,BEGIN_t5_wow_9e582b02-ef47-4a64-8793-e570bee15fed,green is the color between blue and yellow on the visible spectrum.,BEGIN,1,1,1,1,0.7759912494465114,-1
ood,BEGIN_ctrl_cmu_c0fdf5f9-77aa-4a99-b5b2-19d12c5676f9,"yeah, he was dumped by his girlfriend",BEGIN,1,1,1,1,0.7757373653200069,-1
ood,BEGIN_doha_wow_f89d9dee-96f8-4b2b-8ab3-04edd5bc397a,It 's quite nice . It was first released in 2011 .,BEGIN,1,0,1,0,0.465415500674663,-1
ood,BEGIN_doha_wow_025a80e1-9d2b-498a-81f1-3c98f4830494,It 's also known as gridiron football .,BEGIN,1,1,1,1,0.800486596909504,-1
ood,BEGIN_ctrl_wow_f73fc21e-25af-4082-92d2-755fb295f592,"yes, itunes was an internet radio service by apple inc. that lets users listen to automatically generated playlists based on direct input",BEGIN,1,1,1,1,0.8057119459214344,-1
ood,BEGIN_t5_wow_f5e539cb-401b-472e-82ea-ac03e1ef4470,yes the offense is the team controlling the oval-shaped football.,BEGIN,1,1,1,1,0.8094134193237545,-1
ood,BEGIN_ctrl_cmu_a7dc8b8b-beb4-48d4-ac67-efda6717227d,it's a black comedy.,BEGIN,1,1,1,1,0.8013628364497356,-1
ood,BEGIN_ctrl_wow_ae8eabaa-45bf-4d16-bb20-a5bbba171b83,the first depiction of skiers with two ski poles dates back to 1741.,BEGIN,1,0,0,0,0.36035986867017433,-1
ood,BEGIN_ctrl_wow_77eda640-dce9-495a-9f69-48a02c9e7ae9,it's usually intended to get the ball as close to a mark as possible.,BEGIN,1,1,1,1,0.8040636725868405,-1
ood,BEGIN_ctrl_wow_ee4201bb-7e60-4bf1-b053-05591e1d1257,"instagram is a mobile, desktop, and internet-based photo-sharing application and service that allows users to share pictures and videos either publicly, or privately to pre-approved followers",BEGIN,1,1,1,0,0.4916312224354562,-1
ood,BEGIN_doha_wow_4bff40a1-4476-45ef-904b-7fc52857030c,It is one of the major forms of throwing sports .,BEGIN,1,1,1,1,0.7855277014292317,-1
ood,BEGIN_gpt2_cmu_b3a15390-6544-4c90-85da-82ee7553914a,"Leonardo DiCaprio, Jonah Hill, Margot Robbie",BEGIN,1,1,1,1,0.7986752116437548,-1
ood,BEGIN_ctrl_wow_67bb87d4-1e1e-43a5-8c02-7bfc58e88511,axl rose and lead guitarist slash.,BEGIN,1,1,1,1,0.8013558176271314,-1
ood,BEGIN_ctrl_cmu_a860f735-f44f-40c9-b1f6-8783bb6ce5bd,he runs away before the interview is over and confronts Leigh Anne about her motives for taking him in.,BEGIN,1,0,0,0,0.37622893458247614,-1
ood,BEGIN_ctrl_wow_a459f43f-0e55-45a5-b7a4-1ef26febba23,many shades of green have been named after plants or are related to plants.,BEGIN,1,1,1,1,0.7786538573301822,-1
ood,BEGIN_t5_wow_5824d234-01e1-4352-abea-e8e8ce747b71,"they are the six major types of corn: dent, flint, pod, popcorn, flour corn and sweet corn.",BEGIN,1,1,1,1,0.7910071882744212,-1
ood,BEGIN_t5_wow_6e2c801a-a9a7-4473-a75a-dbeae19779e8,"that is true, but the first match was played between two college teams, rutgers and princeton, based on the association football rules of the time",BEGIN,1,1,1,1,0.7957716276902044,-1
ood,BEGIN_ctrl_tc_c4c28524-f650-49f2-b93f-c928179ae313,the highest score ever was 222 - 0 in 1916,BEGIN,1,1,1,1,0.806851713329526,-1
ood,BEGIN_doha_wow_04e74772-c2c5-4f59-8387-f55173c034b3,"His song "" Heartbreak Hotel "" was a number one hit in 1956 .",BEGIN,1,1,1,1,0.7646562204233128,-1
ood,BEGIN_t5_wow_2c5244c2-73cc-4590-b9ac-b7ea46359f1a,yes and they were associated with baseball and the american culture too.,BEGIN,1,1,1,1,0.8088186829561135,-1
ood,BEGIN_ctrl_tc_bf74e4f4-251e-4a9e-ba89-a797ea01e2e0,that is insane. patrick stewart teaches master classes for drama students in the uk.,BEGIN,1,0,1,1,0.7587941093784641,-1
ood,BEGIN_t5_wow_2533877c-e309-4a7c-ac73-380ba727afa6,"yes. they have released 6 studio albums, accumulating sales of more than 100 million records worldwide.",BEGIN,1,1,1,1,0.8015169321720834,-1
ood,BEGIN_ctrl_tc_27c35e1b-12e6-4e42-a7b3-3900452323c0,"they have their own creed, "" in bill we trust "".",BEGIN,1,1,1,1,0.799460504895108,-1
ood,BEGIN_t5_wow_1716fbc4-c425-4fb2-9ede-26f8f51194fe,"the scope of practice of a paramedic will vary across countries, but generally includes autonomous decision making around the emergency care of patients",BEGIN,1,1,1,1,0.7330342702118227,-1
ood,BEGIN_ctrl_wow_3e51e8f1-e92d-4165-a3b1-a0860b4c858e,"the original recipe explicitly uses cream that has not been whipped, though drinks made with whipped cream are often sold as irish coffee",BEGIN,1,1,1,1,0.7707124596593355,-1
ood,BEGIN_doha_wow_2ff1ab99-b4e1-4392-8571-7b728c8f3d9c,"Yes and also if I want to I can add hashtags to my posts , linking the photos up to other content on Instagram featuring the same subject",BEGIN,1,1,1,1,0.7105177519213915,-1
ood,BEGIN_ctrl_tc_8f2c7f45-fbdf-46a4-b566-987a180108ef,yes. the average lifetime earnings of an engineer is higher than the average lifetime earnings of an nfl player and an average mlb player.,BEGIN,1,1,1,1,0.8074547339281357,-1
ood,BEGIN_t5_cmu_d3f5a3fb-8b24-4f41-a9f3-c3eef9bf2012,yeah there is also a homeless guy holding a sign with philosophical messages that bruce previously ran into and finally revealed himself to be god,BEGIN,1,1,1,1,0.7776963309118726,-1
ood,BEGIN_ctrl_cmu_9fdabf5f-e1c6-4917-97d6-ee4b959c1ec4,the Avengers is the sixth film in the marvel Cinematic Universe,BEGIN,1,1,1,1,0.7983486620266279,-1
ood,BEGIN_doha_wow_1e28fcaa-8ec4-4183-93d4-5f1700053299,"I can agree with that ! There are many minerals that have a green color , like the emerald !",BEGIN,1,1,1,1,0.7411082250802701,-1
ood,BEGIN_doha_wow_c047e12e-70d3-4f5f-a6b7-eb73d5bfecb3,when we suffer from emotional pain that is severe it causes broken heart syndrome,BEGIN,1,1,1,1,0.6928814292586993,-1
ood,BEGIN_ctrl_cmu_786a9611-aa5a-4eb6-a788-bda4fae0cd51,"yes, it's a 3d computer animated comedy",BEGIN,1,1,1,1,0.799727231389248,-1
ood,BEGIN_doha_wow_bbfb4d86-e312-4045-8afd-39c523aa8458,Body building has grown a lot in the 1970 's and 1980 's,BEGIN,1,1,1,1,0.7665327515426449,-1
ood,BEGIN_ctrl_tc_287f9e28-cd73-4322-b33b-ee0b93439575,bob ryan is a columnist for the boston globe.,BEGIN,1,1,1,1,0.8049209820259362,-1
ood,BEGIN_t5_wow_d9559023-7ebf-4d8c-b8dc-221c56752790,yes that is true. hunting is also used as a means of pest control,BEGIN,1,1,1,1,0.7927741763784243,-1
ood,BEGIN_ctrl_wow_243c2a1f-4b5d-4282-98fa-ece967e3837e,"khan was the founder of the mongol empire, which became the largest contiguous empire in history after his death.",BEGIN,1,1,1,1,0.8005679665334186,-1
ood,BEGIN_ctrl_wow_8b104770-0b7a-4053-8367-5b6cfe375eec,cheerleading began during the 18th century with the rebellion of male students.,BEGIN,1,1,1,1,0.7647600731446431,-1
ood,BEGIN_ctrl_wow_2bce4168-fe72-4aae-a035-f730145ffe55,"people will find the same products of interest by visiting the website of the retailer directly or by searching among alternative vendors using a shopping search engine, which displays the same product's availability and pricing at different e-retailers",BEGIN,1,0,0,0,0.3768753158545248,-1
ood,BEGIN_t5_wow_1df03b46-6605-4c4a-a3d2-18211b9bee4c,"they have released 6 studio albums, selling over 100 million records worldwide, including 45 million in the us",BEGIN,1,1,1,1,0.8004191994978086,-1
ood,BEGIN_ctrl_wow_60356941-128a-4dcd-a31c-29af7e058e0e,"relish is cooked and pickled product made of chopped vegetables, fruits or herbs",BEGIN,1,1,1,1,0.7317302662124165,-1
ood,BEGIN_t5_wow_dc01974f-7bd2-494d-877c-154f6dab3281,"i like to make use of accounting to measure the economic activities and convey it to a variety of users, such as investors, creditors, management, and regulators.",BEGIN,1,0,0,0,0.29405843685191785,-1
ood,BEGIN_ctrl_wow_b2178505-eeb6-46f4-a689-70ea543b07f8,the most common undergraduate degree is the bachelor's degree,BEGIN,1,1,1,1,0.8089613837286763,-1
ood,BEGIN_doha_wow_73696524-a9db-4041-8b48-6466ba27880b,"Coco Chanel is credited with popularizing cardigans for women because ""she hated how tight - necked men’s sweaters messed up her hair",BEGIN,1,1,1,1,0.6129279371249464,-1
ood,BEGIN_doha_wow_92af4d2e-514b-404e-b84f-7014dce8329a,"yes there are , The kernel ruptures and forcefully expands , allowing the contents to expand",BEGIN,1,1,1,1,0.7902408275132755,-1
ood,BEGIN_doha_wow_e6c650c3-8936-40ec-876f-7e1f8b5db766,Currently three best known are the National Football League (NFL ) and the Arena Football League .,BEGIN,1,1,1,1,0.7834678616834192,-1
ood,BEGIN_gpt2_cmu_b96f43c2-6188-4ee1-a77c-63e57331935a,"Hi, it's Bruce Almighty.",BEGIN,1,1,1,1,0.7914986901603962,-1
ood,BEGIN_doha_wow_a984b45d-7533-459f-a8e6-1b3a9f4f5532,he became the leading figure of the newly popular sound of rock and roll .,BEGIN,1,1,1,1,0.799865379431063,-1
ood,BEGIN_ctrl_tc_783900c0-0860-40b9-b527-bcea81efffe8,his bible and lifestyle brand are all part of his devotion to the game,BEGIN,1,1,1,1,0.8025580796203835,-1
ood,BEGIN_ctrl_tc_032aa7a5-5a23-4d98-a246-110d7cdfee14,"yeah, they have to meet the requirements to play",BEGIN,1,1,1,1,0.8077808518440356,-1
ood,BEGIN_ctrl_wow_f77c9414-c848-4b55-940d-a536fee52418,the study of exchange relationships,BEGIN,1,1,1,1,0.8070504847723103,-1
ood,BEGIN_ctrl_tc_ca9c3a96-cefa-40b8-aad7-6ea8c79a6eff,the highest score ever in a football game was 222 - 0.,BEGIN,1,1,1,1,0.7917603574855158,-1
ood,BEGIN_ctrl_cmu_7d0f84b3-7329-411d-977c-7853b39a8b0a,and the fight between the two caused them to break the cherished Scream Can.,BEGIN,1,1,1,1,0.7889485255286869,-1
ood,BEGIN_doha_wow_105dad2c-2ef4-4182-9fbe-138993f47b75,"The novels chronicle the life of a young wizard , Harry Potter , and his friends Hermione Granger and Ron Weasley , all are students at Hogwarts School of Witchcraft and Wizardry .",BEGIN,1,1,1,1,0.7962532253081096,-1
ood,BEGIN_gpt2_wow_867305f8-848a-47d1-844c-57c002875c7f,"Guns N' Roses , often abbreviated as GNR , is an American hard rock band from LA , California",BEGIN,1,1,1,1,0.782504108476868,-1
ood,BEGIN_ctrl_wow_bab8c907-ec75-498c-9ff4-8c4f6b4638d6,"yeah! the most common ethical objection to meat-eating is that, for most people living in the developed world, it is not necessary for survival",BEGIN,1,1,1,1,0.7922867436321607,-1
ood,BEGIN_ctrl_cmu_b633a10e-6fe5-40e8-9cd1-bff1772664a2,it is a scare program,BEGIN,1,1,1,1,0.8064809117201422,-1
ood,BEGIN_gpt2_wow_55bf7c05-b7ee-44d5-892d-7769d4f8a698,the Salvation Army is a Protestant Christian denomination and an international charitable organisation,BEGIN,1,1,1,1,0.802922063587948,-1
ood,BEGIN_ctrl_wow_d6e225e1-6319-45aa-87ad-7adf86c258cf,duckpin bowling is actually a variation of 10 pin bowling.,BEGIN,1,1,1,1,0.7938795527247284,-1
ood,BEGIN_ctrl_cmu_0d6eebc5-ec21-4167-a542-be3f56dff23a,"it's a comedy, adventure, animation movie",BEGIN,1,1,1,1,0.7987910178473209,-1
ood,BEGIN_ctrl_tc_ad05ed0d-fcdd-41bd-a592-0ce30ec81705,yes. the average game only has 11 minutes of live gameplay.,BEGIN,1,1,1,1,0.7991270829444894,-1
ood,BEGIN_ctrl_tc_c3cf09a4-3e1f-4d07-b580-9192c3d82917,that's true. espn won an emmy for the superimposed yellow line representing the first down line for american football games.,BEGIN,1,0,0,0,0.2707556113181628,0
ood,BEGIN_ctrl_wow_102cdc5b-7fc5-4de9-b709-d169fefef2a3,he started recording at sun records in 1954,BEGIN,1,1,1,1,0.8089427141079839,-1
ood,BEGIN_ctrl_wow_582d5ceb-e75c-4e7a-885c-1553a9526726,pop is the ninth studio album by irish rock band u2,BEGIN,1,1,1,1,0.7498360274226433,-1
ood,BEGIN_ctrl_cmu_4c8b50a9-b28f-4cff-8ccb-3bc8ed85cf1d,it is a high concept comedy,BEGIN,1,1,1,1,0.7996693633983711,-1
ood,BEGIN_ctrl_wow_4b45b096-d574-4c8e-ba8b-008985948bff,the books have sold more than 500 million copies worldwide,BEGIN,1,1,1,1,0.8070460606690171,-1
ood,BEGIN_ctrl_wow_10811575-eb99-42e8-9b05-4e92571745f0,the team with the most points at the end of a game wins.,BEGIN,1,1,1,1,0.7720186878366754,-1
ood,BEGIN_ctrl_cmu_1382ea6e-1211-42e6-a06a-ec4af9a67357,the movie is toy story,BEGIN,1,1,1,1,0.7991521099078857,-1
ood,BEGIN_doha_wow_25528deb-9f48-45fd-8527-99bbe26b5180,The modern field was established by the Italian mathematician Luca Pacioli in 1494,BEGIN,1,1,1,1,0.7869031570948561,-1
ood,BEGIN_ctrl_tc_860313c3-787f-453d-aa02-4d5cc9c3e9d0,he is on a spiritual quest.,BEGIN,1,1,1,1,0.8094144711648131,-1
ood,BEGIN_ctrl_wow_b6a22d32-e0a9-479e-9683-75f4dfdaf2a1,it is all green pigments in algae and plants.,BEGIN,1,1,1,1,0.6324193747853403,-1
ood,BEGIN_ctrl_wow_62bb0daa-30ab-4391-b315-16b9b34ced38,harry potter is a series of fantasy novels written by british author j. k. rowling.,BEGIN,1,1,1,1,0.7621106073475995,-1
ood,BEGIN_ctrl_cmu_4a44ebaa-31c0-4664-b38a-509224b78104,"yeah, the winklevoss twins claim that Zuckerberg stole their idea.",BEGIN,1,1,1,1,0.7964072007018252,-1
ood,BEGIN_ctrl_cmu_e7e35aa7-5696-4963-8b30-ffcfe48b7126,it was co - written and directed by baz luhrmann,BEGIN,1,1,1,1,0.7971886950959229,-1
ood,BEGIN_ctrl_wow_a1beb08a-c7e3-4530-a2a4-bd975f11f722,they are often used as windbreaks to improve conditions for adjacent crops.,BEGIN,1,1,1,1,0.8078325823463649,-1
ood,BEGIN_doha_tc_87916ff4-24de-433e-9847-301548101709,It is but if you look at an average lifetime earnings of an NFL player it is higher than an engineer and an average MLB player .,BEGIN,1,1,1,1,0.7432387561267698,-1
ood,BEGIN_ctrl_cmu_a8a35eb5-182d-45bf-b117-f436f5b0a305,he made a harness and prosthetic fin.,BEGIN,1,1,1,1,0.8055101160675606,-1
ood,BEGIN_ctrl_wow_da658882-741f-40b4-907e-efbce0f14c51,it's a color mixed with red and blue.,BEGIN,1,1,1,1,0.8082749099044516,-1
ood,BEGIN_ctrl_cmu_f13af164-ece6-4d4c-95fd-c03ca3e1556e,it was a 1990 comedy,BEGIN,1,1,1,1,0.8009167348043559,-1
ood,BEGIN_ctrl_wow_ce6946b3-fca5-4a3e-875c-f577e8be90dc,he came to power by uniting many of the nomadic tribes of northeast asia.,BEGIN,1,1,1,1,0.7635627128517647,-1
ood,BEGIN_ctrl_wow_bba87c23-3cbd-42a4-a48f-fef920475c11,no. or animal trapping is the use of a device to remotely catch an animal.,BEGIN,1,0,1,1,0.5402496343607566,-1
ood,BEGIN_ctrl_cmu_098ae00e-8160-4dc3-8c97-20d15714d4da,it was directed by mark waters,BEGIN,1,1,1,1,0.7991434091073552,-1
ood,BEGIN_ctrl_tc_b696772c-5a83-465e-abe4-4ced96ccba14,nfl uses tracking chips embedded in players shoulder pads to record a players every move on the field.,BEGIN,1,1,1,1,0.6673966916224193,-1
ood,BEGIN_ctrl_cmu_304b6292-8a9c-4496-a7d5-dd2e1524ce32,it is a black comedy based on a book by the same name.,BEGIN,1,1,1,1,0.7995338279229801,-1
ood,BEGIN_ctrl_wow_c7edfc92-c528-45b1-a90f-82ee76ac9b3d,he was a pioneer of rockabilly. it was a backbeat-driven fusion of country and blues,BEGIN,1,1,1,1,0.8050723290356261,-1
ood,BEGIN_ctrl_wow_ae05cf4b-8829-4daa-8490-3e07364002bb,the main story arc concerns harry's struggle against lord voldemort,BEGIN,1,1,1,1,0.744679850711408,-1
ood,BEGIN_gpt2_wow_37b6efcf-9019-4289-9000-1f8823c2faab,Yeah . They even recreationally in the sport of skiing .,BEGIN,1,1,1,1,0.802820892812006,-1
ood,BEGIN_ctrl_cmu_163c6363-e008-410d-ae46-ba303db79b73,it is a 2008 superhero film based on the marvel comics character.,BEGIN,1,1,1,1,0.63255920568623,-1
ood,BEGIN_ctrl_tc_850b8956-0ce1-40aa-a978-1bdf981fdc43,"yeah, they are also located inside footballs to track velocity, rotation, ball speed and location.",BEGIN,1,1,1,1,0.7610302151245433,-1
ood,BEGIN_ctrl_tc_4fcdf8f0-00b1-49ed-9f0a-7df9ac611871,"yes, it was a christian tradition that the bible was considered the most influential book of all time.",BEGIN,1,0,1,1,0.7269520132436722,-1
ood,BEGIN_ctrl_cmu_44c3e078-6230-4398-bd26-72a5de4f1a51,the creature's health starts deteriorating.,BEGIN,1,1,1,1,0.8042347574018758,-1
ood,BEGIN_ctrl_wow_db9c43b9-9995-4d69-86c4-071e33fc8803,"he is american bestselling writer, lawyer, politician, and activist.",BEGIN,1,1,1,1,0.8051687386649833,-1
ood,BEGIN_ctrl_tc_2d2b59dd-8199-40bd-97e1-c0e794e9ddd6,the first cars to be accessible to the masses was the model t,BEGIN,1,1,1,1,0.746232664768908,-1
ood,BEGIN_ctrl_wow_83ba63bf-cdd8-4e03-b340-8adaf84f627f,facebook bought it.,BEGIN,1,1,1,1,0.7985959509494845,-1
ood,BEGIN_gpt2_wow_57025f31-9e87-4c80-8aff-4d966589431b,"I can tell you that Kurt Cobain was an American singer , songwriter , and musician",BEGIN,1,1,1,1,0.7887130169140272,-1
ood,BEGIN_t5_wow_ff92405b-8e2c-423e-97e4-08dad10a737f,"it was a continuation of the wizarding world from the ""harry potter"" movie series and it was also inspired by the 2001 book.",BEGIN,1,1,1,1,0.8078782346963627,-1
ood,BEGIN_doha_cmu_04bae3e9-cfc6-4dec-9506-3e920a0d98a5,it is more like gently subconscious suggestions. in the dream world the person generating the suggestion wants to inherit his fortune. so he manipulates a machine of some kind to get it back.,BEGIN,0,1,0,0,0.31178362976911245,-1
ood,BEGIN_t5_tc_719e79de-1554-4fe6-aa54-56785730d4ac,i guess that does not work in the nfl though. did you hear about that rule in the nfl when a women can play?,BEGIN,0,1,1,1,0.6383130406467571,-1
ood,BEGIN_t5_wow_dae709a3-030a-4a5b-9dc3-8cbeae135c68,you will be able to see much of the island's vegetation! you'll see lots of different plants.,BEGIN,0,0,0,0,0.34984034457983354,-1
ood,BEGIN_t5_tc_36e0715f-b400-4d0c-a427-37d2d10413d3,i agree with you!,BEGIN,0,0,0,0,0.2993160728359869,-1
ood,BEGIN_doha_wow_683e9738-1483-4ce2-a043-779b7f8d5772,"My children are not very old , but they love video games so that 's what keeps me going ! What platform do you use to play them on ?",BEGIN,0,0,0,0,0.32165780098138314,-1
ood,BEGIN_doha_cmu_562ee4ed-3afc-4930-9a1c-8d2a42fe6f77,the critical response to it was very positive. i think i would really enjoy seeing this movie.,BEGIN,0,0,0,0,0.29822752717399664,-1
ood,BEGIN_doha_wow_8e5372e7-962f-44d2-9289-6f403bb89e10,He was an icon . He began in 1954 with producer Sam Phillips .,BEGIN,0,0,0,0,0.3326613053928286,-1
ood,BEGIN_gpt2_tc_d55403b1-24b5-4c86-a982-a8f548d0b1d7,"I know right? I wonder how they would track all that stuff, must be a lot of time spent watching football on tv.",BEGIN,0,0,0,0,0.29585688714154434,-1
ood,BEGIN_t5_wow_68e11249-0a88-4d71-b76c-15e687b3cc2a,what about bowling? i don't like to bowl as a hobby.,BEGIN,0,0,0,0,0.28354340107604653,-1
ood,BEGIN_t5_wow_bea33002-f953-4246-9deb-70f154c96992,it started in britain in the 19th century in the uk!,BEGIN,0,1,1,1,0.735535222703901,-1
ood,BEGIN_ctrl_wow_fe4bb7ab-60a2-42c7-b615-7beff317db03,a lot of people use the same words to describe physical pain and feelings associated with relationship loss,BEGIN,0,1,1,1,0.7933393076683093,-1
ood,BEGIN_gpt2_tc_dc30f93f-9957-428f-a359-3b787fc2a760,I am. I am not a big fan but it's a good way to live.,BEGIN,0,0,0,0,0.28478786215738877,-1
ood,BEGIN_doha_cmu_f20de583-8aea-49f3-875f-3e24cb36de60,Leonardo is it?,BEGIN,0,0,0,0,0.4671795838869825,-1
ood,BEGIN_gpt2_tc_7f4f87bb-668c-475b-8540-747064f221f6,"Oh, I've heard.  I know a little, like I just got off the phone with my mom.",BEGIN,0,1,1,0,0.41965762680928925,-1
ood,BEGIN_t5_tc_d2600bd6-880c-4477-940d-a2c9cc092cb8,"yeah, it seems pretty interesting that there are 32 teams.",BEGIN,0,1,1,1,0.8064470160237716,-1
ood,BEGIN_doha_cmu_299db75a-f38c-4801-a6ea-a263823f68e3,what was your favorite part?,BEGIN,0,1,1,1,0.6538837363441402,-1
ood,BEGIN_ctrl_cmu_c8a54a8b-d993-4422-bb0c-d9053ced904a,the creature gets a chance to grow back and heals,BEGIN,0,1,1,1,0.781697932536965,-1
ood,BEGIN_gpt2_tc_74cfee4b-aede-4817-8ac0-0bb39395149d,That's very interesting.  Did you know dolphins can speak over the phone and know who they are talking to?,BEGIN,0,1,1,1,0.7965300018541129,-1
ood,BEGIN_ctrl_wow_92ba9177-c838-42de-94f2-ea186a3569b6,yea in 2011 ireland had 6.6 million people,BEGIN,0,1,1,1,0.8050422058748582,-1
ood,BEGIN_doha_tc_9f51cfac-3fd7-49e5-957c-ea64658a0c89,"I think he is using some new methods , a new bible , I think its a great idea",BEGIN,0,0,0,0,0.3017064928908333,-1
ood,BEGIN_t5_tc_6e673d8f-3027-42ec-bf17-0ead80432961,"yeah, i would do that too. there are 32 teams in the nfl. it is interesting how the league uses tracking chips on the field to track their players'movements.",BEGIN,0,1,1,1,0.8019020035891568,-1
ood,BEGIN_t5_tc_1f0f48d0-3aae-424b-b16b-f97693d9f390,i think the olympics will. they will probably have a game with the old mascots.,BEGIN,0,0,0,0,0.31019607343950084,-1
ood,BEGIN_t5_wow_b2f5a229-d42d-4192-bf85-8ce6c97b72f5,well they are actually located on 60th street and 3rd avenue.,BEGIN,0,1,1,1,0.7437823697853325,-1
ood,BEGIN_t5_cmu_2d52e190-78ae-4979-8f9c-03026642495c,it was released in 2011,BEGIN,0,0,0,0,0.2880287424328125,-1
ood,BEGIN_doha_cmu_9f646f8e-4e29-4ce7-8a75-f04c13f6233d,Billy Crystal played as micheal wazowski in this one. i didn't realize she was in it.,BEGIN,0,1,1,1,0.7951940156214136,-1
ood,BEGIN_doha_cmu_23d432a9-85a1-4514-b073-27f2c5b94736,he played a private in the movie,BEGIN,0,1,1,1,0.6353172816628314,-1
ood,BEGIN_doha_tc_466cd932-74e5-4133-9895-22a416e34122,I 've been a Brett Favre fan since he was a kid .,BEGIN,0,0,0,0,0.28614253479155255,-1
ood,BEGIN_doha_wow_2ca8f542-5b5e-4f3c-a3a5-857e48cdb5f2,"His first album was called "" Bleach "" and came out in 1989 .",BEGIN,0,1,1,1,0.7997057894743228,-1
ood,BEGIN_doha_tc_f8230fdf-398b-46af-8a04-10f53d25c7fc,"Bears , sorry , but to be honest I 'm not that surprised Tom Brady has n't been in the Superbowl since he was with the Patriots . I did n't even know they were still in the game .",BEGIN,0,0,0,0,0.44915836974930384,-1
ood,BEGIN_t5_cmu_6fb66e7f-adeb-492b-be0a-3889b72fd34d,have you seen it?,BEGIN,0,1,1,1,0.7763484391529097,-1
ood,BEGIN_doha_tc_1f989a52-7283-4cd1-92f9-47681257338a,"Not that much anymore , but I did enjoy watching it in the 1960s .",BEGIN,0,0,0,0,0.2657097285036563,0
ood,BEGIN_t5_cmu_3586c611-1717-4dbd-9e77-568b5b988bed,did you like the movie?,BEGIN,0,0,0,0,0.35716812852585395,-1
ood,BEGIN_t5_wow_60dfab7d-7981-409e-82c6-f19371c8e57e,the sport of archery is mostly a competition sport.,BEGIN,0,0,0,0,0.29670281142312394,-1
ood,BEGIN_doha_cmu_26c7608a-18e1-421e-bb0f-fe50807ce708,"well, he found that even after streamlining the system, he was getting too many emails so he created an auto response system, granting everyone their prayers.",BEGIN,0,0,0,0,0.36329129911587194,-1
ood,BEGIN_doha_cmu_6c6c4956-0bd5-4834-93f8-bfbd7baa58f3,that's very interesting. it's supposed to be an action movie. is there any drama or is it a comedy?,BEGIN,0,1,1,1,0.7757295164957156,-1
ood,BEGIN_gpt2_cmu_7bcb420c-f279-45eb-aac3-174ca5f7a897,"Yes, I think they are",BEGIN,0,1,1,1,0.5338043549152833,-1
ood,BEGIN_ctrl_cmu_d45cbe86-d099-43cf-9f3e-da52af98f626,it's a movie with a rotten tomatoes score of 89 %,BEGIN,0,0,0,0,0.3207956860521319,-1
ood,BEGIN_doha_tc_a198336b-e9c4-4cd0-977b-ff2603a1b396,Did you know that the NFL uses tracking chips embedded in players shoulder pads to record their every move on the field ? I think they should have used them on the cheerleaders as well !,BEGIN,0,0,0,0,0.31412472802018865,-1
ood,BEGIN_gpt2_wow_91b69cd2-b7b3-4b8d-a99a-ce08d864cf7b,I actually am a bodybuilder . I have to say I like Beef Juice the way that Earle Liederman advocated for it .,BEGIN,0,0,0,0,0.31125777527177534,-1
ood,BEGIN_gpt2_tc_81fe0590-4e5d-4339-bca2-224d146aa4d6,I am a little familiar with the model T. It is the first car available to the masses!,BEGIN,0,0,0,0,0.44750996766618817,-1
ood,BEGIN_gpt2_wow_d1c7ada6-7b5b-47d2-8646-588b7206417f,Also weather will be bad in December,BEGIN,0,0,0,0,0.28672422282598825,-1
ood,BEGIN_gpt2_tc_2ad64b47-b17b-4954-b07b-759c7cea85f9,I am a big fan. I have a Pokemon Go fan base.,BEGIN,0,0,0,0,0.28862945587265004,-1
ood,BEGIN_ctrl_wow_c2d92757-43c3-4f99-ab36-43a3324dba9a,"yes! it is an invasive species, which is a plant, fungus, or animal species that is not native to a specific location",BEGIN,0,1,1,1,0.7758689078468193,-1
ood,BEGIN_ctrl_wow_1275fc4e-9027-4241-a9e9-79cc883c9df7,"yes, it's a very complex field. the segmentation of advisory services varies widely across organizations and countries.",BEGIN,0,0,0,0,0.28214694473818674,-1
ood,BEGIN_doha_tc_58944ece-4d01-4092-89f9-0231afe1a3cd,Yea that is not good . Did you know that they are rewriting their constitution ?,BEGIN,0,0,0,0,0.4089812896094765,-1
ood,BEGIN_doha_tc_06c16a1c-834d-4f9c-a668-56947dbb89a0,"No , it was a TV show . I saw it once but never read it .",BEGIN,0,0,0,0,0.4295081385070385,-1
ood,BEGIN_gpt2_tc_2a103681-05d4-49ab-b9a0-138541415419,"Yeah I think the NFL is great. It has a lot of talent. Theres a high school football stadium in texas that seats 18,000 and costs $60 mil to build.",BEGIN,0,1,1,1,0.6459034037812934,-1
ood,BEGIN_doha_wow_85b09e64-290c-421e-9272-20fa96571990,I like the UK because its a developed island country .,BEGIN,0,0,0,0,0.288419689406487,-1
ood,BEGIN_t5_cmu_13841680-4fa0-41dc-abe3-3802cbf41554,yeah i think that the first one. i liked steven spielberg as the director,BEGIN,0,0,0,0,0.2846784014108216,-1
ood,BEGIN_doha_tc_7ab3d3aa-89a3-481c-9dda-93aaf66f2b6c,I do sometimes . Do you know why they are called dramas ?,BEGIN,0,1,1,1,0.6198215465074627,-1
ood,BEGIN_t5_cmu_e1b18373-c0ef-4d48-a888-bcde86e4ac5c,what were your thoughts about the creature?,BEGIN,0,1,1,1,0.807895519749831,-1
ood,BEGIN_ctrl_tc_8aed1c1b-e643-4dae-9654-9316e4507b2a,yeah. did you know the cat in the opening scene was a stray that was found on set?,BEGIN,0,1,1,1,0.7155994587784821,-1
ood,BEGIN_t5_tc_9509bf3a-17ae-4fb4-adb6-857fc9345cda,"yeah he was the most popular player ever, it would make sense then,",BEGIN,0,1,1,0,0.45211751062404637,-1
ood,BEGIN_gpt2_tc_0021d14b-0a9b-47f8-837a-d175094c9a70,It really is. I did not know that Jon Stewart was a soccer player in college and represented the US!,BEGIN,0,0,0,0,0.4446035975194559,-1
ood,BEGIN_gpt2_tc_6f657730-eb10-4304-82a2-c1b9b0d03c2f,Good morning!  Did you watch that game?,BEGIN,0,1,0,0,0.40826720074985073,-1
ood,BEGIN_doha_cmu_261df00f-cf55-4bf0-b5a5-ba02c9404ba4,i would agree. i think the reviews by cinemascore and rotten tomatoes were very accurate.,BEGIN,0,1,0,0,0.3427029170476651,-1
ood,BEGIN_t5_tc_ac74d924-29e0-4e05-b518-855a191e891a,"yeah i've heard of it, too bad we still have it. do you know which team plays in the game?",BEGIN,0,0,0,0,0.4611939053000389,-1
ood,BEGIN_doha_tc_a049d8e0-e0de-4ed4-9f6a-e1811edd3d88,"That is amazing , running back are the most important players in football teams so I can see why , he must have been very good",BEGIN,0,0,0,0,0.3028918484943982,-1
ood,BEGIN_t5_tc_b323e370-c742-4dc6-b661-dab60b74cccd,"yes, i've heard about that. do you know how they won?",BEGIN,0,1,1,1,0.5363421681998454,-1
ood,BEGIN_t5_cmu_3e0f22c5-77e3-4567-a568-99cb86f4a3f3,did he get a better role?,BEGIN,0,0,0,0,0.2833162679039705,-1
ood,BEGIN_ctrl_wow_cbb5aee9-c290-46f9-8c0e-cdfa8efd36b0,i play on pcs and console games and they are usually funded by a publisher,BEGIN,0,1,1,1,0.5049275013942356,-1
ood,BEGIN_gpt2_cmu_bb917019-2160-4272-a2a2-6eb0ee048160,And that the city isn't that nice.,BEGIN,0,0,0,0,0.3057697881062613,-1
ood,BEGIN_ctrl_cmu_1479aaa0-a463-48e9-939e-0cff7bba1afb,"yes. the first level is a rainy, rainy, los angeles.",BEGIN,0,1,1,1,0.7155107893841037,-1
ood,BEGIN_t5_tc_7dbdab75-74cb-4ed8-b051-91d1d8b935d5,yeah i guess it makes sense. do you like to watch the nfl?,BEGIN,0,1,1,1,0.7716460442150143,-1
ood,BEGIN_doha_cmu_d1ba3c13-1cbc-4f1e-9b07-9e9632d0e34d,we chat at the end of the movie \,BEGIN,0,0,0,0,0.3271556817786603,-1
ood,BEGIN_gpt2_tc_5c526f2c-146c-4398-b29f-768478d00053,Really? That's really funny. Did you know the Bible is considered the 'supreme art of man'?,BEGIN,0,0,0,0,0.44938608997354607,-1
ood,BEGIN_doha_wow_b4e5c012-e090-45da-9c3e-514c03af4ef0,Yes ! I love it here . And then it 's almost winter solstice ! When the sun is at its farthest below the horizon .,BEGIN,0,0,0,0,0.314912904329771,-1
ood,BEGIN_ctrl_cmu_6bf387a5-a7c4-423b-a58b-635bf331b0dd,the kids were also happy to see him back,BEGIN,0,0,0,0,0.26876289242408063,0
ood,BEGIN_doha_wow_83abf6f2-c0b5-4f56-86e0-fc23a59a087c,It is . I enjoy it when I just want to throw a bowling ball towards a target .,BEGIN,0,0,0,0,0.2846855059278798,-1
ood,BEGIN_doha_wow_223d1ce5-3856-43b1-8ded-1f815440c3a0,I like PC games and Android games the most . I recently learned that applying game design to itself is a current research topic in metadesign .,BEGIN,0,0,0,0,0.29297108311875025,-1
ood,BEGIN_t5_cmu_411cbb5b-11c1-426b-a5f4-bdf2a882c9e5,it is a comedy.,BEGIN,0,0,0,0,0.29133327910044965,-1
ood,BEGIN_t5_tc_4d7cea35-9ce1-4909-a88c-3b68341607d4,"yes, did you know that alex smith received his bachelor's degree in 2 years?",BEGIN,0,1,1,1,0.8053477681081972,-1
ood,BEGIN_doha_tc_ee9b93a3-8558-4630-8a97-c11a4f2ed972,I do too ! Do you listen to the radio ? Jupiter has radio storms so strong that they can be picked up and heard by an AM radio .,BEGIN,0,1,0,0,0.3782875172968282,-1
ood,BEGIN_doha_wow_eeae467e-f9c2-46d4-83c3-42e1ad3f16e6,"Goth style is pretty cool , the hair colors and black clothing are unique to the subculture .",BEGIN,0,0,0,0,0.3174488763990913,-1
ood,BEGIN_gpt2_wow_be72f0d1-1596-4964-be70-6310fb6fb4c3,yes and I 'm so glad Courtney Love is alive,BEGIN,0,1,1,1,0.5744307165511756,-1
ood,BEGIN_gpt2_wow_dc40d0c6-bec2-4f20-a780-976a8a471364,"No , I do n't think so . Kurt Cobain 's suicide note did not fall into the hands of the Seattle Police department . He could have told their story .",BEGIN,0,0,0,0,0.4294978565179993,-1
ood,BEGIN_doha_cmu_a5ea470d-06f1-4ac8-a7c7-419875d37190,sounds like a great plot. thanks for the info.,BEGIN,0,0,0,0,0.3342447906261827,-1
ood,BEGIN_gpt2_cmu_d39afa8b-b74c-4391-8487-85af29e5dcec,Yes it was. I was expecting that since it was an historical film,BEGIN,0,0,0,0,0.2630381715752852,0
ood,BEGIN_gpt2_wow_fff6271c-cf2d-43c9-b9a2-be33e326676e,"No matter what anyone says about him it must be true , he became the star from day one . ""Heartbreak Hotel"" became a number one hit in the United States .",BEGIN,0,1,1,1,0.7533564001234275,-1
ood,BEGIN_t5_cmu_b102776f-dc4b-44f7-84d0-7def449af3dd,i do nt know if this is an actual movie or not,BEGIN,0,0,1,1,0.6117810538408682,-1
ood,BEGIN_gpt2_cmu_3c04ac79-f44b-444d-afdf-e39469291089,"The movie was directed by Stephen Speilberg as the godfather of ""God"" and is based on a 1956 Bram Stoker film called ""Carrel.""",BEGIN,0,0,0,0,0.47605355177160313,-1
ood,BEGIN_t5_tc_561ac768-bace-4148-8f19-f811ebd993e1,"yes, in the 60s bowlers made more than football players",BEGIN,0,1,1,1,0.8095587066420447,-1
ood,BEGIN_doha_wow_9d4605f8-9be7-4b55-891d-0e3988e4ff43,I bike to work every day . There 's one billion bikes worldwide,BEGIN,0,0,0,0,0.2916308225946463,-1
ood,BEGIN_doha_tc_ba243dac-1d0c-478b-87ed-2edd562f49b7,"I know , that would be a nightmare . But I am not sure how anyone would pull it off . I also read that the president of Indonesia has released 3 pop albums while in office .",BEGIN,0,0,0,0,0.27773705149072364,0
ood,BEGIN_ctrl_cmu_275b30d9-44ad-4044-94a4-6c5a1f863566,the RC car is nice.,BEGIN,0,0,0,0,0.28631629236515027,-1
ood,BEGIN_gpt2_tc_7758eb77-880a-47ba-9f25-a4b948ecf8be,"Hello,  did not hear about that.  I dont even really know how that would work.  lol",BEGIN,0,0,0,0,0.42566508838555533,-1
ood,BEGIN_gpt2_wow_f552bbe7-2cc2-44db-bf8e-59c1fd8bdf72,"it is a highly ranked game .. I enjoy it a lot . I would love to try a 10 - pin bowling which is played in Canada , especially if you do n't mind the pain",BEGIN,0,0,0,0,0.28664970564523595,-1
ood,BEGIN_doha_wow_fa373a2c-4707-4f50-8ca5-f410f17a9e25,"No , it 's a worldwide phenomenon . For several decades , medical billing was done almost entirely on paper .",BEGIN,0,0,0,0,0.31838822055565225,-1
ood,BEGIN_t5_tc_193de3cb-33f6-4184-b7e8-78cfb20d378b,"yeah, i do think so, i wonder who owned the land?",BEGIN,0,1,1,1,0.7905411047625657,-1
ood,BEGIN_ctrl_cmu_5b862fa4-07fa-470f-9f8a-4c8ce0af3d35,it was a great song,BEGIN,0,0,0,0,0.28657914984523464,-1
ood,BEGIN_gpt2_tc_51a79bfe-e48a-4952-b1ed-5ef62aad43aa,I'm pretty sure I would have to agree with you there. Do you watch much football?,BEGIN,0,0,0,0,0.32791309490865284,-1
ood,BEGIN_ctrl_cmu_877aa3bb-b1a4-4c34-b380-4eeab4c800ad,he's enslaved,BEGIN,0,1,1,0,0.47444654295588834,-1
ood,BEGIN_t5_tc_19f89f68-4010-44ef-bc12-65ce38d46643,i did nt know that. but they were allowed to play if they met the eligibility requirements!,BEGIN,0,1,1,1,0.6454590363360212,-1
ood,BEGIN_t5_tc_3488cee5-e797-46be-bfb7-00f5199a0d4a,"yes, i'm not sure either. i wonder how much they do now to make?",BEGIN,0,1,0,0,0.30448511451332616,-1
ood,BEGIN_gpt2_wow_7fb352bd-f14f-47d7-9f8b-6342fe8fc755,"Yes , I have actually . Yellowstone National Park is a park in Wyoming ! I hope you like it . I would love to visit there someday , though !",BEGIN,0,0,0,0,0.2879002481524636,-1
ood,BEGIN_doha_cmu_7b6e0404-d524-4e7a-98c5-55f5d260783b,yes.,BEGIN,0,1,1,1,0.6093199534278827,-1
ood,BEGIN_doha_tc_230e7e7a-7b1e-4f7e-aa5b-a8ec4b6fc074,"I know right , like how did that even happen lol , and I bet the losing team is still embarrassed about it after the fact",BEGIN,0,0,0,0,0.29581144608069887,-1
ood,BEGIN_doha_cmu_5daec344-2645-4fda-9c8b-1c21809fa3c2,it's the one that teaches people to work together how can i forget the part about the avengers,BEGIN,0,0,0,0,0.4629894497972198,-1
ood,BEGIN_gpt2_tc_fd996b77-e888-4a7f-85c1-330b7a5a6f9d,"Good for them, I guess. I wonder if they can track them like they do with their shoulder pads?",BEGIN,0,0,0,0,0.3662282405531365,-1
ood,BEGIN_doha_cmu_1d941bed-9dc6-4802-b1e6-fc99e83686b9,"true, and we know that later on his fortune is taken in by the enemy and they attempt to take over his company.",BEGIN,0,1,1,1,0.741530584703115,-1
ood,BEGIN_gpt2_cmu_5fec18f9-23b6-43f6-b870-d11e5e739253,"yes, so it's hard to believe this was a 1990 movie.",BEGIN,0,1,1,1,0.731850332911273,-1
ood,BEGIN_ctrl_wow_8e761ceb-dd4e-4c12-9186-270b06e16df4,tom cruise has won 3 golden globe awards and 3 academy awards!,BEGIN,0,1,1,1,0.7731715765768143,-1
ood,BEGIN_gpt2_wow_8fa87122-14fd-433d-a110-02f6b226758a,"For example , you had a Competition tracksuit with all of the placings on it , your team would go up three levels and try to jump over one wall while screaming at you ! .",BEGIN,0,0,0,0,0.2894651035150769,-1
ood,BEGIN_t5_tc_c8fbb700-71e5-4987-8286-dfc88c5c27f7,"yeah, i have heard that too. do you like football?",BEGIN,0,1,1,1,0.731816946054596,-1
ood,BEGIN_t5_cmu_6139ee67-c668-472d-9378-5c8392b37801,"i haven't seen that movie, but i think it was worth watching.",BEGIN,0,0,0,0,0.2805053187791011,-1
ood,BEGIN_gpt2_wow_b901e224-3451-403f-98fc-63751d2fb2c5,"Oh yes , yes . I love the modern field of accounting since it was established in 1494",BEGIN,0,0,0,0,0.29556694588209054,-1
ood,BEGIN_gpt2_cmu_fce66447-948e-44e3-8e40-d4b4af5b0af9,"the movie is called The Post , i think you will enjoy it",BEGIN,0,0,0,0,0.32042240675525224,-1
ood,BEGIN_gpt2_tc_9713fd8c-a333-4b9a-98e9-0d48a4f08557,"Hi, i have no clue. I am not a football fan though.",BEGIN,0,0,0,0,0.26363220386259856,0
ood,BEGIN_gpt2_tc_f50596e6-c0b3-4044-8add-dfa5d2d2f0d2,I know but I guess when I read it I just assumed it was a swear word for some reason. Did you know it is believed to be the most sold book of all time?,BEGIN,0,0,1,1,0.7286660383572775,-1
ood,BEGIN_gpt2_cmu_e4ab75f9-a0df-4f91-b920-01dc68f12461,"You are right , I haven't seen the regular one so I may have to see that one later",BEGIN,0,0,0,0,0.28610298150310925,-1
ood,BEGIN_gpt2_cmu_7b7dfd70-d537-4fa9-90a1-dbec4d1d3518,I think he probably didn't realize he was doing all this for the right reasons.,BEGIN,0,0,0,0,0.2864133445570226,-1
ood,BEGIN_gpt2_cmu_11cced8f-7aff-4e9f-b7f2-d627329abb40,It's definitely one of Sandra Bullock's best films.,BEGIN,0,0,0,0,0.2896910346057093,-1
ood,BEGIN_t5_tc_2cbe7ee4-4cbb-4206-bdee-0daeddf4df49,yea i know there are some very good players,BEGIN,0,0,0,0,0.2973862767592648,-1
ood,BEGIN_gpt2_cmu_97d3bd12-f10d-42fc-9145-d1b561429ac4,I thought Mark Zuckerberg was a great choice for the lead role of Mark Zuckerberg.,BEGIN,0,1,1,1,0.7161947781929505,-1
ood,BEGIN_doha_wow_1908e332-0d5c-4eea-ab51-bc1564f9fac6,"Yes , i prefer it to gridiron football .",BEGIN,0,0,0,0,0.2770393383296555,0
ood,BEGIN_t5_tc_51c1242a-71ee-469b-993f-2b0e645cf2a9,"no, i don't really like them. the bible is popular among jefferson and roosevelt.",BEGIN,0,0,0,0,0.3736381791461995,-1
ood,BEGIN_gpt2_cmu_e51d9764-5af1-45d6-9778-9ec225cd1fb1,no biggie,BEGIN,0,0,0,0,0.4335182303265449,-1
ood,BEGIN_doha_tc_ec65ad79-5364-436c-9681-38b7ae5a359f,"I 've been trying to learn more about animals in the Netherlands , they are building special bridges to connect habitats and keep animals from being hit by cars . They are working on that .",BEGIN,0,0,0,0,0.2852600401773522,-1
ood,BEGIN_t5_wow_d98cd6bc-77fb-4079-afb0-7da8314a8d26,i do! andrew lincoln is the lead character. he was great!,BEGIN,0,0,0,0,0.2876204844281137,-1
ood,BEGIN_doha_cmu_95eea734-bd08-4fb4-9b6a-b56118e92c14,thanks i might watch it sometime,BEGIN,0,0,0,0,0.2853812231636799,-1
ood,BEGIN_t5_cmu_cdeb2ffd-131d-4d3e-81dd-d693b54f0408,did you like the movie?,BEGIN,0,0,0,0,0.36535551702847074,-1
ood,BEGIN_doha_tc_7bb3454d-551e-4199-bb47-8910adbeed89,I am not surprised that Tom Brady has used it to help his teams prepare for games . The NFL has a lot of media attention around football and I would like to see more of the books on it in other settings like the ancient city of Babel .,BEGIN,0,1,1,1,0.7962610607181659,-1
ood,BEGIN_t5_cmu_2dadb05e-52b8-416e-b559-e58c36bc18bd,it is good that the movie gets a good review,BEGIN,0,0,0,0,0.28154937189521,-1
ood,BEGIN_gpt2_cmu_3d885746-cb83-4487-b891-4d1484c8c734,Yes they did,BEGIN,0,1,1,1,0.7017154361536855,-1
ood,BEGIN_t5_tc_48023da2-b1af-4839-ae7b-0cc2829b58e7,"yea, i've heard that engineers make more than players",BEGIN,0,1,1,1,0.7864683346049044,-1
ood,BEGIN_gpt2_tc_e080b974-090d-4242-a0dd-0164d759d4fd,"Some people think its ok to not read the bible but you cant read from it. I agree, I don't think it should be required to read from the bible",BEGIN,0,0,1,1,0.6918040393979596,-1
ood,BEGIN_gpt2_tc_c22870fa-dd09-4eba-bf45-b6f35b154073,That is a crazy amount of money.,BEGIN,0,0,0,0,0.2934489176298991,-1
ood,BEGIN_t5_tc_1947464b-9c9a-46a2-b1c3-ae5f4fd23c10,yeah i wonder what the chip is in the back of the footballs,BEGIN,0,1,1,1,0.7697474766792011,-1
ood,BEGIN_t5_tc_4fe36bf6-8fe3-41b8-83d1-3511eedfdeae,yes. do you know anything about women in the nfl?,BEGIN,0,0,1,1,0.6281600835292618,-1
ood,BEGIN_t5_cmu_02a0a4c9-d63e-464d-ad13-9898eacb0b93,"yeah, i thought the movie was good. i think that it was an interesting twist to the story and it gave the gang gang in melbourne a much needed boost.",BEGIN,0,0,0,0,0.28897340334175087,-1
ood,BEGIN_doha_wow_ebec2d79-08e9-4332-9352-fec4ed7e1207,"Yeah I know right , I wish I was around when Genghis Khan died so I could see the remains !",BEGIN,0,0,0,0,0.29068989480131224,-1
ood,BEGIN_doha_cmu_ae05bfd6-c33c-4e34-8f85-81aa0fe80867,it seems like the critics really liked it then. do you usually watch movies with such good/bad ratings?,BEGIN,0,1,1,1,0.5109073375612508,-1
ood,BEGIN_ctrl_tc_53c018bd-85e4-4b6a-9f55-f794efe9f49c,did you know that the university of iowa's locker room for visiting football teams is completely painted pink?,BEGIN,0,1,1,1,0.790053033774154,-1
ood,BEGIN_t5_cmu_010168b3-4c3b-4304-a61f-d86fd1d23dc4,do you generally watch movies with good ratings?,BEGIN,0,1,1,0,0.4816376860677335,-1
ood,BEGIN_ctrl_cmu_2df3bb1d-3697-4b01-a08a-0091c4cdeb1f,"kevin's family is a polka band, but she is a traveling polka band",BEGIN,0,0,0,0,0.27161650259024256,0
ood,BEGIN_doha_cmu_51acf07a-ec2e-481f-b284-033d5e79e164,what did you think of the cast?,BEGIN,0,1,1,1,0.679955910418504,-1
ood,BEGIN_t5_wow_cb4b6c98-e4d2-416f-b9c5-c80bfaa05166,oh nice. i didn't know that. most of them are high included so their toughness is classified as poor.,BEGIN,0,1,1,1,0.6009673562026804,-1
ood,BEGIN_doha_wow_c1065b52-a6c8-4c13-b814-d20ae07a5160,HEARTBREAK HOTEL is one of my all time favorites that Elvis Presley recorded .,BEGIN,0,0,0,0,0.311509698250234,-1
ood,BEGIN_t5_cmu_7e6d7559-6743-4015-98ad-7b6ba126c100,what is the main plot of the film,BEGIN,0,1,1,0,0.45568846641230865,-1
ood,BEGIN_t5_tc_7ff554cf-b928-4e24-b2d7-73e157c192fc,"no, but that is good considering the amount of games played.",BEGIN,0,0,0,0,0.34347870575883993,-1
ood,BEGIN_t5_cmu_6c115a0b-a371-461a-b9f0-440fd95b2c32,hi! how are you?,BEGIN,0,1,1,1,0.6307415511452222,-1
ood,BEGIN_gpt2_cmu_48f9c59c-fe0a-4982-875c-3deadde16fa5,"Yeah , it might be cheaper than that",BEGIN,0,0,0,0,0.30000009052048376,-1
ood,BEGIN_gpt2_wow_312ad712-ead7-4ef4-b97f-ddb89e0dc90b,That is pretty cool . I am not sure I understand how organisms can so many species of bees .,BEGIN,0,0,0,0,0.2965134576556805,-1
ood,BEGIN_gpt2_cmu_9fbfebcf-cc03-4736-b059-2d513e9695bd,Yes I did as well as the chase scene. The real life version of the FBI agent was also impressive .,BEGIN,0,0,0,0,0.3063495105422419,-1
ood,BEGIN_gpt2_tc_f5afc13e-c569-4057-b704-0458b62fb994,i think so too.  did you know in the 1960's bowlers made twice as much as top football stars,BEGIN,0,1,1,1,0.6995341262169332,-1
ood,BEGIN_t5_tc_ea49aa84-c006-4847-821e-ba3dbd7a9117,"yeah it is definitely not for a while, i've never heard that before, but it is definitely a good sport.",BEGIN,0,0,0,0,0.2858666005728505,-1
ood,BEGIN_t5_tc_bbb17564-a199-425f-ac71-2b64afb7f435,the real drama. i know that he was a huge football fan,BEGIN,0,0,0,0,0.2836139222048948,-1
ood,BEGIN_gpt2_cmu_c855beb3-ca52-4170-a731-643fc408d6e5,He was the youngest,BEGIN,0,0,0,0,0.28476319974504494,-1
ood,BEGIN_ctrl_tc_a45c3422-5647-47b4-a9df-3cf8bbc875c6,"yes, but he is on a spiritual quest.",BEGIN,0,1,1,1,0.8082522439901361,-1
ood,BEGIN_gpt2_wow_538702de-3698-4406-93a5-0cd88faf8521,Oh that 's cool . do you do cheer for the boys or cheer for yours as well ? I just do n't do it regularly .,BEGIN,0,0,0,0,0.29025864829924103,-1
ood,BEGIN_doha_cmu_5566d947-fb58-4c3b-a7c1-b4c94eec8339,it is! who is your favorite character?,BEGIN,0,0,1,1,0.6109638008094818,-1
ood,BEGIN_doha_tc_47cbd036-9edd-4ff9-a9f7-d94abb0652c3,"Yeah that is crazy and that is just for 11 minutes of gameplay , that seems like so little time",BEGIN,0,1,1,0,0.4754885384906535,-1
ood,BEGIN_gpt2_tc_811e1350-0d4f-4f4d-91d9-c258f03fc213,"I really don't know. It is very interesting that the bible was developed in prehistoric times, I wonder if some people thought it was evil.",BEGIN,0,1,1,1,0.7937372219895408,-1
ood,BEGIN_t5_tc_b6eac232-97ee-4ab4-a85a-49a7b0b6f439,i think the females are more interested in the sport.,BEGIN,0,0,0,0,0.28594271281867534,-1
ood,BEGIN_gpt2_cmu_079eeecb-9f61-461b-891b-8b9d78d9982c,Have you seen this movie before?,BEGIN,0,1,1,1,0.7760585842252956,-1
ood,BEGIN_t5_cmu_82104064-bb11-4482-a49d-92c23d688a1b,yes. i agree.,BEGIN,0,1,1,1,0.6817060431203812,-1
ood,BEGIN_gpt2_tc_2102f665-d546-44c7-8f01-fb996427f47d,I don't think it's really illegal either. How do you feel about the highest score in a football game being 222-0?,BEGIN,0,1,1,1,0.7925664023889156,-1
ood,BEGIN_t5_tc_47294868-8e5c-4ba9-b6f0-4b7cf5552aa2,i have not but i heard brady is a big patriots fan,BEGIN,0,1,1,1,0.7783142200468305,-1
ood,BEGIN_t5_wow_76795b38-8e16-46f5-a33c-4912394439d2,"i do too, i think so because the ""social-attachment system"" uses the ""pain system"" to encourage humans to maintain their close social relationships by causing pain.",BEGIN,0,0,0,0,0.28886827112373437,-1
ood,BEGIN_t5_tc_8d4879b2-e016-466c-b1d6-75890456ebc2,i have. he has a book about it.,BEGIN,0,0,1,1,0.5702322159118407,-1
ood,BEGIN_gpt2_wow_2b7faf35-0cab-40f7-89dd-f7d9648526ed,"In the 19th century , modern day is called the European Group . The modern field was established by the Italian mathematician Luca Pacioli in 1494 .",BEGIN,0,1,1,1,0.7551345754458686,-1
ood,BEGIN_t5_wow_a7ceed98-57fe-4306-b8b2-7fd5c5aa4726,"chad kroeger, chad kroeger, ryan peake, mike kroeger, and drummer daniel adair were awesome members of the band.",BEGIN,0,0,0,0,0.2850915083435041,-1
ood,BEGIN_doha_wow_531f1fbb-01d6-4c6d-904b-f2c8b737f103,"Yes , especially since the emotional pain is part of the survival instinct .",BEGIN,0,1,1,1,0.5826370135476554,-1
ood,BEGIN_gpt2_tc_ecc84f9e-d491-4dbe-8902-cc9cd283832b,"Hi, yeah I do. I used to play the radio a lot but I can't get enough now.",BEGIN,0,0,0,0,0.27865825696051005,0
ood,BEGIN_gpt2_wow_374ff114-5d1e-4f38-8255-4485115cae8d,You mean the American football in the USA and Canada ?,BEGIN,0,1,1,1,0.7413452079683134,-1
ood,BEGIN_t5_cmu_2049db11-dc4c-475f-850f-8d8e6a192251,yes i do! what a great song for me to try to sing. it seems the kid could have started singing a song... lol,BEGIN,0,0,0,0,0.3543852166500728,-1
ood,BEGIN_gpt2_tc_ab8b6985-8415-4ace-bede-d4dd69a8cedd,Football is a fun sport.   Do you like it ?,BEGIN,0,0,0,0,0.2817632264238355,-1
ood,BEGIN_t5_wow_64fd735d-870a-4326-84bb-f6c3d961cd9c,"that is really nice! that is such a hard thing to deal with, when it's all about the physical activity.",BEGIN,0,0,0,0,0.3382764740644371,-1
ood,BEGIN_gpt2_cmu_72d3045c-aa14-4513-9c82-6cda24325163,Hello!,BEGIN,0,0,0,1,0.5179020042812021,-1
ood,BEGIN_t5_tc_2507bc64-1f5b-4ba6-a875-debbc41ec460,"yep. i wonder if they have a real team like columbia or canada, or american football.",BEGIN,0,0,0,0,0.4415344960367238,-1
ood,BEGIN_ctrl_tc_2a6eed83-fbb6-45a2-869c-340e36664aa9,yeah. do you listen to the radio?,BEGIN,0,1,1,1,0.6021816890999817,-1
ood,BEGIN_doha_tc_81b915dc-115e-4242-9153-bd4ec443612b,"Yea , it 's so cool . Do you know engineers make higher earnings than football players ?",BEGIN,0,1,1,1,0.801785448600691,-1
ood,BEGIN_ctrl_tc_a3088817-dbdb-40ef-91d2-c1c853a91e19,did you know that the tower of babel was probably based on a real building?,BEGIN,0,1,1,1,0.7966315759840146,-1
ood,BEGIN_doha_wow_be7ea336-d403-45ee-a1c7-f28beac72bc9,I can only imagine ! I think I 'd love to try a cheesecake from the bakery at Barnes & Noble !,BEGIN,0,0,0,0,0.29066729547897974,-1
ood,BEGIN_gpt2_tc_2399e9e2-ca71-4451-8703-348a3ab8f9ed,Yes that would be very hilarious!,BEGIN,0,0,0,0,0.316719257689904,-1
ood,BEGIN_gpt2_wow_f936a33d-1e89-4efa-8467-e65cc9e32713,That 's my favorite ! Hard rock bands are also considered heavy metal !,BEGIN,0,1,1,1,0.5106099591330757,-1
ood,BEGIN_gpt2_cmu_eecd1dab-f1e6-43cb-8cbd-9718bb7e9578,yeah,BEGIN,0,1,1,1,0.6549694836903865,-1
ood,BEGIN_gpt2_cmu_d347a6c5-7046-4fc5-86e4-f49d973968aa,"yes, family movie is the main role of the movie",BEGIN,0,0,0,0,0.2808133980600214,-1
ood,BEGIN_t5_wow_ce32b061-c84b-4eb9-bfaf-09f808c70ce9,yes i think thats why she was called a cheerleader in 1997,BEGIN,0,0,1,0,0.417713279505687,-1
ood,BEGIN_doha_cmu_f702e2f5-6837-45bd-8318-19e78779881b,"i had often wondered that same thing myself. plus i don't know why she chose him to be with them, but he seemed so sweet, and it's easy to see how he'd be protective of his siblings.",BEGIN,0,0,0,0,0.2838754703730577,-1
ood,BEGIN_doha_cmu_17d94e1f-683e-4880-9f89-f80f1e973e60,hi have you seen the movie,BEGIN,0,1,1,1,0.7022643259409934,-1
ood,BEGIN_gpt2_wow_0b1ee91e-1e2b-4422-a18e-fc6b737ecf18,"Well accountancy has gotten better over time because it processes , calensks , and describes information . It 's different from many other areas . What about your budget and transactions ?",BEGIN,0,0,0,0,0.2885490914465506,-1
ood,BEGIN_doha_cmu_af31b060-4b30-4b85-88b4-f9cf1f564204,yes for sure!,BEGIN,0,0,1,1,0.5767679775527674,-1
ood,BEGIN_doha_tc_d7ab172d-d5d8-4046-ad44-c6f71b04831c,Yes there is no written rule against them playing if they meet the eligibility requirements,BEGIN,0,1,1,1,0.798336879833797,-1
ood,BEGIN_doha_tc_19f9c1fb-bec1-4724-9afe-37f1a23be494,It might . It 's crazy that they 're around today . New York 's area code is 212 because it was the fastest number to dial on a rotary phone .,BEGIN,0,0,0,0,0.28717525626070733,-1
ood,BEGIN_doha_wow_5d98b776-cf13-45de-83dd-914a70093c99,"Do you remember the Glee episode "" Grill Cheesus "" ? It 's my favorite .",BEGIN,0,0,0,0,0.28500456701934995,-1
ood,BEGIN_gpt2_tc_ec53f182-cad1-4918-b2d6-856d8336c0e2,"Hello, did you know the only President to do so was President Carter?",BEGIN,0,0,0,0,0.46287959371950754,-1
ood,BEGIN_doha_tc_d0176814-44cd-494e-9128-c38a74058244,What do you think of the first president of Zimbabwe being called President Banana ?,BEGIN,0,1,1,1,0.8012650988454544,-1
ood,BEGIN_doha_tc_bb39c31b-38a9-454c-b69a-1d6fd37c9e95,I think that is odd . Maybe they should study from the Hebrew Bible .,BEGIN,0,1,1,1,0.796651551221889,-1
ood,BEGIN_doha_wow_f5aae935-4217-4410-b3b0-54057fa6d90f,No but I will definitely look into it . I know the medical school can provide a theoretical grounding to students entering the medical billing field .,BEGIN,0,0,0,0,0.41024472349792573,-1
ood,BEGIN_gpt2_cmu_4c00aa3e-577e-4532-9cab-c6c86e556536,yeah there is a great deal of fear in that movie . even if you consider that as scientific it does scare some of the people in it,BEGIN,0,1,1,1,0.7626585415807444,-1
ood,BEGIN_ctrl_cmu_47c22674-71ed-4db1-beb6-0f8de6abd2a9,it's based on a true story.,BEGIN,0,1,1,0,0.48708912765358814,-1
ood,BEGIN_t5_tc_0d686c32-c7d9-47b6-b4d9-5afd698c29f6,"yeah, i know he was the 6th round draft pick, i wonder if it could happen?",BEGIN,0,1,1,1,0.7982549757192124,-1
ood,BEGIN_gpt2_cmu_da978734-9171-41be-9d81-a04a2fd65967,I think there was a lot of misinformation,BEGIN,0,0,0,0,0.2887204870659254,-1
ood,BEGIN_gpt2_cmu_b20a9d71-9fd6-4b27-959c-c65ef3e5e1e1,Hi,BEGIN,0,1,1,0,0.4557278372244731,-1
ood,BEGIN_gpt2_wow_d230946d-eec7-4d2e-907b-33c5bb086a8f,"No , not like I used to when I was younger . I have n't tried gymnastics but I thought its good . A lot of guys do it . The rule 's about balance and flexibility",BEGIN,0,0,0,0,0.287474989432351,-1
ood,BEGIN_gpt2_wow_04fbc68d-c160-492d-816e-4f70a9fa6b7c,I am always surprised by how many children there are every day . You ca n't beat the fact that only 31 December marks the day of the celebration .,BEGIN,0,0,0,0,0.26649756936209495,0
ood,BEGIN_gpt2_cmu_4ce8a938-d9f3-4875-aa86-e93903b280a9,i dont know much about them . I think that I have the next one coming out,BEGIN,0,0,0,0,0.40167074600547964,-1
ood,BEGIN_t5_cmu_60f9209b-9a15-41f3-babd-19cf8bc887e2,so it looks like it gets a score.,BEGIN,0,0,0,0,0.30109404009830837,-1
ood,BEGIN_gpt2_cmu_2e0ebf7f-928d-4fd6-970e-588a7ecf270a,I thought thor was quite a hero in the end,BEGIN,0,1,1,1,0.7888894440243911,-1
ood,BEGIN_ctrl_tc_a700869b-b902-49db-8b8c-a2ef0d20d31e,yes. tom brady has a plan for your life.,BEGIN,0,1,1,1,0.8071131040985818,-1
ood,BEGIN_ctrl_cmu_de7e1a40-2e2a-435d-8174-8367981d4e56,he is the one who plays the main character.,BEGIN,0,1,1,1,0.7980392089466266,-1
ood,BEGIN_doha_wow_1600da1c-3dd7-4b26-8776-ca79b87a188f,I have always wanted to study J. Lee Nicholson the American accountant and educator .,BEGIN,0,0,0,0,0.28593998644248353,-1
ood,BEGIN_gpt2_tc_c7fbd078-73b4-4d7a-8f44-91d157fed208,Good health! I hope he can get a good chunk of that off of his diet!,BEGIN,0,0,0,0,0.2964907133537377,-1
ood,BEGIN_doha_tc_31024b1b-97c7-4300-aad7-9d44294f89aa,"I agree , it 's probably a bit different than real life . I wonder if Jann was trying to become a pro racer or maybe he thought he 'd become a professional actor after playing the video game , but if he became pro , it would be because he won the video games LOL",BEGIN,0,1,0,0,0.29341673289634235,-1
ood,BEGIN_gpt2_cmu_4b8a7bea-7e53-4ce0-ac4f-861c443f2a3e,I think vigilantes are a great element of the story.,BEGIN,0,1,1,1,0.8063066494182494,-1
ood,BEGIN_gpt2_cmu_b17ef3ec-ceba-4c1f-9be5-101d9387acd7,I dont think it is original at all but it is a good example of how Facebook has evolved and become such a powerful force .,BEGIN,0,1,1,1,0.7912676955991785,-1
ood,BEGIN_doha_cmu_eaf1a47c-1504-4597-81e1-1f7077065eb2,for sure,BEGIN,0,1,0,0,0.3794524541358116,-1
ood,BEGIN_doha_tc_dd3a139c-121f-4c83-af2c-b8208e8c7dee,What do you think about the fact that players are not allowed to eat at the same restaurant as the players ?,BEGIN,0,1,1,1,0.794402362798673,-1
ood,BEGIN_gpt2_cmu_c23c4801-c8a5-4f3e-9182-002b8f90ecac,i enjoy biographical movies and social network movies,BEGIN,0,1,1,1,0.5930087042260274,-1
ood,BEGIN_ctrl_cmu_99befc30-4ff1-4625-b97a-52bbf697c2c8,yes. but maleficent is king henry,BEGIN,0,0,0,0,0.41284346102573977,-1
ood,BEGIN_t5_tc_77f8fcdb-ad93-4e5f-89c8-aafdedd9fd82,yes i think that is about 16 weeks a season,BEGIN,0,1,1,1,0.7948007613810731,-1
ood,BEGIN_t5_tc_e64f3e7a-4d92-47c7-a15f-e7e934276b3d,i did not know that. i know iowa paints their visiting locker room pink.,BEGIN,0,1,0,1,0.5009108988790277,-1
ood,BEGIN_doha_tc_3d12c3dd-b36e-4def-8c97-3163637afb2f,"Yes , he sure was a smart man . He took a team with no odds to win and turned them around !",BEGIN,0,1,1,1,0.7653106219553318,-1
ood,BEGIN_gpt2_wow_20bc9015-2532-4c3b-b7e6-6697ebd404ef,Me either . It 's an app that enables users to share photos and videos and it is very popular for share gifting,BEGIN,0,0,0,0,0.2874277732379401,-1
ood,BEGIN_t5_wow_7070d037-9c5f-4ee7-bb58-714133930400,it's a whirlwind! my professional education is accounting! i know that the modern field was established by luca pacioli,BEGIN,0,0,0,0,0.2973030449124615,-1
ood,BEGIN_doha_wow_ab7a2c88-090e-4e1d-9254-f2bd05acb08a,Fantastic Beasts and the Prisoner of Azkaban was really good . I really like Eddie Redmayne and his character Newt Scamander .,BEGIN,0,0,0,0,0.3569056338452447,-1
ood,BEGIN_doha_cmu_ec248871-98df-410f-b0f5-885c1ea49dae,and we should be able to finish the conversation,BEGIN,0,1,1,1,0.7194586598109536,-1
