example_id,claim_id,claim,gold_label_3class,gold_label_binary,pred_B0,score_B0,pred_B0_LR,pred_B1,score_B1,pred_B2,pred_B3,calibrated_prob_B4,pred_B4,pred_B1_LR
test00561_chunk_0,test00561,"Irene Hervey (born Beulah Irene Herwick; July 11, 1909 – December 20, 1998) was an American film, stage, and television actress who appeared in over fifty films and numerous television series spanning her five-decade career.",partially_supported,0,0,0.01458740234375,0,0,0.017303466796875,0,0,0.2860426829714497,-1,0
test00561_chunk_1,test00561,"Irene Hervey (born Beulah Irene Herwick; July 11, 1909 – December 20, 1998) was an American film, stage, and television actress who appeared in over fifty films and numerous television series spanning her five-decade career.",partially_supported,0,0,0.2362060546875,0,0,0.09869384765625,0,0,0.4001144616084726,-1,0
test00561_chunk_2,test00561,"Irene Hervey (born Beulah Irene Herwick; July 11, 1909 – December 20, 1998) was an American film, stage, and television actress who appeared in over fifty films and numerous television series spanning her five-decade career.",partially_supported,0,0,0.019287109375,0,0,0.03289794921875,0,0,0.2813382814073291,-1,0
test03787_chunk_3,test03787,"Having over 3,000 animals of nearly 400 different species, the zoo has slowly increased its visitors and now ranks as the number one outdoor tourist attraction in the state.",partially_supported,0,0,0.000288963317871,0,0,0.0001933574676513,0,0,0.2783618309311638,0,0
test03787_chunk_4,test03787,"Having over 3,000 animals of nearly 400 different species, the zoo has slowly increased its visitors and now ranks as the number one outdoor tourist attraction in the state.",partially_supported,0,0,0.0003724098205566,0,0,0.0001925230026245,0,0,0.2772452368479949,0,0
test03787_chunk_5,test03787,"Having over 3,000 animals of nearly 400 different species, the zoo has slowly increased its visitors and now ranks as the number one outdoor tourist attraction in the state.",partially_supported,0,0,0.0004518032073974,0,0,0.0002164840698242,0,0,0.2811415036478352,-1,0
test01962_chunk_6,test01962,"Winner of the Guess Watches Timeless Beauty International Model Search 2004 title, Amber Chia became the world's first Asian model to triumph at global model searches; and the first Asian model to campaign for Guess Watches worldwide.",partially_supported,0,0,0.0147552490234375,0,0,0.046051025390625,0,0,0.3091773256507136,-1,0
test01962_chunk_7,test01962,"Winner of the Guess Watches Timeless Beauty International Model Search 2004 title, Amber Chia became the world's first Asian model to triumph at global model searches; and the first Asian model to campaign for Guess Watches worldwide.",partially_supported,0,0,0.03387451171875,0,0,0.059234619140625,0,0,0.3694646573947976,-1,0
test01962_chunk_8,test01962,"Winner of the Guess Watches Timeless Beauty International Model Search 2004 title, Amber Chia became the world's first Asian model to triumph at global model searches; and the first Asian model to campaign for Guess Watches worldwide.",partially_supported,0,1,0.99072265625,1,0,0.109375,1,0,0.3468675609070902,-1,0
test04287_chunk_9,test04287,"He attended Buena Vista High School in Buena Vista, Colorado, where he played tight end for the Buena Vista Demons high school football team.",partially_supported,0,0,0.0308074951171875,0,0,0.0025653839111328,0,0,0.2913144392922241,-1,0
test04287_chunk_10,test04287,"He attended Buena Vista High School in Buena Vista, Colorado, where he played tight end for the Buena Vista Demons high school football team.",partially_supported,0,0,0.0178680419921875,0,0,0.0095596313476562,0,0,0.29578477989826,-1,0
test04287_chunk_11,test04287,"He attended Buena Vista High School in Buena Vista, Colorado, where he played tight end for the Buena Vista Demons high school football team.",partially_supported,0,0,0.046478271484375,0,0,0.0144805908203125,0,0,0.3527557960590953,-1,0
test00912_chunk_12,test00912,"However, the department gave up control of the station in the 2000's, and it has been a student organization since.",supported,1,0,0.0687255859375,0,0,0.066162109375,0,0,0.4736295632369112,-1,0
test00912_chunk_13,test00912,"However, the department gave up control of the station in the 2000's, and it has been a student organization since.",supported,1,0,0.012359619140625,0,0,0.0167388916015625,0,0,0.4684219731912808,-1,0
test00912_chunk_14,test00912,"However, the department gave up control of the station in the 2000's, and it has been a student organization since.",supported,1,1,0.6240234375,1,1,0.8701171875,1,1,0.7539214871198213,-1,1
test02812_chunk_15,test02812,"From year 2013 a member of the International Council of Museums, and from 2018 a member of the POLIN Museum Council and the director of the Warsaw Ghetto Museum.",partially_supported,0,1,0.517578125,1,0,0.0012569427490234,1,0,0.2684224592631883,0,0
test02812_chunk_16,test02812,"From year 2013 a member of the International Council of Museums, and from 2018 a member of the POLIN Museum Council and the director of the Warsaw Ghetto Museum.",partially_supported,0,0,0.0160675048828125,0,0,0.0055007934570312,0,0,0.2905412316165706,-1,0
test02812_chunk_17,test02812,"From year 2013 a member of the International Council of Museums, and from 2018 a member of the POLIN Museum Council and the director of the Warsaw Ghetto Museum.",partially_supported,0,0,0.04144287109375,0,0,0.0048255920410156,0,0,0.2763747062904361,0,0
test00064_chunk_18,test00064,He graduated in 1985 from William Fremd High School and 1989 from Beloit College in Wisconsin with a major in fine arts and minors in music and psychology with a specific concentration on Abnormal Psychology and Cognitive Psychology as well as Lateral Thinking and Creative Thinking.,partially_supported,0,0,0.0120162963867187,0,0,0.0007195472717285,0,0,0.2870880160669899,-1,0
test00064_chunk_19,test00064,He graduated in 1985 from William Fremd High School and 1989 from Beloit College in Wisconsin with a major in fine arts and minors in music and psychology with a specific concentration on Abnormal Psychology and Cognitive Psychology as well as Lateral Thinking and Creative Thinking.,partially_supported,0,0,0.0077400207519531,0,0,0.0018548965454101,0,0,0.2872497503486868,-1,0
test00064_chunk_20,test00064,He graduated in 1985 from William Fremd High School and 1989 from Beloit College in Wisconsin with a major in fine arts and minors in music and psychology with a specific concentration on Abnormal Psychology and Cognitive Psychology as well as Lateral Thinking and Creative Thinking.,partially_supported,0,0,0.0028820037841796,0,0,0.0003943443298339,0,0,0.2872629310939565,-1,0
test01029_chunk_21,test01029,"It was in the central ""Milestones of Flight"" exhibition hall in front of the Jefferson Drive entrance, sharing the main hall with other pioneering flight vehicles such as the ""Wright Flyer"", ""Spirit of St. Louis"", Bell X-1, North American X-15 and ""Friendship 7"".",partially_supported,0,0,0.05670166015625,0,0,0.0592041015625,0,0,0.3163240706523423,-1,0
test01029_chunk_22,test01029,"It was in the central ""Milestones of Flight"" exhibition hall in front of the Jefferson Drive entrance, sharing the main hall with other pioneering flight vehicles such as the ""Wright Flyer"", ""Spirit of St. Louis"", Bell X-1, North American X-15 and ""Friendship 7"".",partially_supported,0,0,0.2305908203125,0,0,0.153076171875,0,0,0.3758370277344964,-1,0
test01029_chunk_23,test01029,"It was in the central ""Milestones of Flight"" exhibition hall in front of the Jefferson Drive entrance, sharing the main hall with other pioneering flight vehicles such as the ""Wright Flyer"", ""Spirit of St. Louis"", Bell X-1, North American X-15 and ""Friendship 7"".",partially_supported,0,0,0.0230712890625,0,0,0.0128173828125,0,0,0.2934608048268418,-1,0
test04328_chunk_24,test04328,"He has held visiting professorships at the University of Colorado (1971), Yale (1972–1973), and Masaryk University.",supported,1,1,0.75146484375,1,1,0.921875,1,1,0.7591134840058745,-1,1
test04328_chunk_25,test04328,"He has held visiting professorships at the University of Colorado (1971), Yale (1972–1973), and Masaryk University.",supported,1,1,0.59423828125,1,1,0.9052734375,1,1,0.7524242022498927,-1,1
test04328_chunk_26,test04328,"He has held visiting professorships at the University of Colorado (1971), Yale (1972–1973), and Masaryk University.",supported,1,1,0.79736328125,1,1,0.423583984375,1,1,0.5619296546176265,-1,1
test03444_chunk_27,test03444,"Ravi has been working as a humanitarian since 1999, when he had the idea of taking the concept of langar aka Sikh community kitchen to regions of the world that needed it the most with the hope that it will help to rekindle people’s trust in humanity.",supported,1,0,0.0272979736328125,0,0,0.0196075439453125,0,0,0.2959721236417786,-1,0
test03444_chunk_28,test03444,"Ravi has been working as a humanitarian since 1999, when he had the idea of taking the concept of langar aka Sikh community kitchen to regions of the world that needed it the most with the hope that it will help to rekindle people’s trust in humanity.",supported,1,0,0.0188140869140625,0,0,0.0082015991210937,0,0,0.2902117931615158,-1,0
test03444_chunk_29,test03444,"Ravi has been working as a humanitarian since 1999, when he had the idea of taking the concept of langar aka Sikh community kitchen to regions of the world that needed it the most with the hope that it will help to rekindle people’s trust in humanity.",supported,1,0,0.0090408325195312,0,0,0.0073089599609375,0,0,0.2832185797969751,-1,0
test04504_chunk_30,test04504,"The album debuted at No. 18 on the US ""Billboard"" 200, with 21,000 album-equivalent units, which included 13,000 pure album sales.",partially_supported,0,0,0.1806640625,0,0,0.11187744140625,0,0,0.4778001295510224,-1,0
test04504_chunk_31,test04504,"The album debuted at No. 18 on the US ""Billboard"" 200, with 21,000 album-equivalent units, which included 13,000 pure album sales.",partially_supported,0,0,0.31494140625,1,0,0.025665283203125,1,0,0.4571504970970853,-1,0
test04504_chunk_32,test04504,"The album debuted at No. 18 on the US ""Billboard"" 200, with 21,000 album-equivalent units, which included 13,000 pure album sales.",partially_supported,0,0,0.03387451171875,0,0,0.1571044921875,0,0,0.4827685752152915,-1,0
test02359_chunk_33,test02359,"Hess was represented by Ovsey Gallery in Los Angeles (1985-1994), Hackett-Freedman Gallery in San Francisco (1998-2009), Hirschl & Adler Modern in New York (2010-2013), and has been represented by Koplin Del Rio Gallery in Culver City since 2010.",partially_supported,0,0,0.038299560546875,0,0,0.14111328125,0,0,0.3858178815780234,-1,0
test02359_chunk_34,test02359,"Hess was represented by Ovsey Gallery in Los Angeles (1985-1994), Hackett-Freedman Gallery in San Francisco (1998-2009), Hirschl & Adler Modern in New York (2010-2013), and has been represented by Koplin Del Rio Gallery in Culver City since 2010.",partially_supported,0,0,0.049285888671875,0,0,0.04949951171875,0,0,0.4161166766476141,-1,0
test02359_chunk_35,test02359,"Hess was represented by Ovsey Gallery in Los Angeles (1985-1994), Hackett-Freedman Gallery in San Francisco (1998-2009), Hirschl & Adler Modern in New York (2010-2013), and has been represented by Koplin Del Rio Gallery in Culver City since 2010.",partially_supported,0,0,0.0099716186523437,0,0,0.0060272216796875,0,0,0.3349486866405826,-1,0
test01062_chunk_36,test01062,One of his tasks was to prepare the ground for the reintroduction of compulsory national service; the new scheme was enacted in 1951 and remained in force until 1959.,partially_supported,0,1,0.82470703125,1,1,0.82373046875,1,1,0.737714426621357,-1,1
test01062_chunk_37,test01062,One of his tasks was to prepare the ground for the reintroduction of compulsory national service; the new scheme was enacted in 1951 and remained in force until 1959.,partially_supported,0,1,0.701171875,1,1,0.83837890625,1,1,0.7439056634898086,-1,1
test01062_chunk_38,test01062,One of his tasks was to prepare the ground for the reintroduction of compulsory national service; the new scheme was enacted in 1951 and remained in force until 1959.,partially_supported,0,1,0.83544921875,1,1,0.93798828125,1,1,0.782329410295705,-1,1
test04259_chunk_39,test04259,"The session was unproductive, due in part to Stefani's self-consciousness and writer's block, and she at one stage broke down in tears in the studio.",partially_supported,0,0,0.3212890625,0,1,0.93603515625,0,1,0.7781281446052083,-1,1
test04259_chunk_40,test04259,"The session was unproductive, due in part to Stefani's self-consciousness and writer's block, and she at one stage broke down in tears in the studio.",partially_supported,0,1,0.99560546875,1,1,0.99365234375,1,1,0.7966303608532735,-1,1
test04259_chunk_41,test04259,"The session was unproductive, due in part to Stefani's self-consciousness and writer's block, and she at one stage broke down in tears in the studio.",partially_supported,0,1,0.814453125,1,1,0.990234375,1,1,0.803188714724694,-1,1
test02571_chunk_42,test02571,"After the penetration of Azeri forces inside the line, he brought his wounded comrade machine-gunner Andranik Zohrabyan into the trench cell, which was located at a distance of 30 meters (98 feet).",partially_supported,0,0,0.0091476440429687,0,0,0.0018558502197265,0,0,0.2886387075594783,-1,0
test02571_chunk_43,test02571,"After the penetration of Azeri forces inside the line, he brought his wounded comrade machine-gunner Andranik Zohrabyan into the trench cell, which was located at a distance of 30 meters (98 feet).",partially_supported,0,0,0.020355224609375,0,0,0.0012540817260742,0,0,0.2856474151151562,-1,0
test02571_chunk_44,test02571,"After the penetration of Azeri forces inside the line, he brought his wounded comrade machine-gunner Andranik Zohrabyan into the trench cell, which was located at a distance of 30 meters (98 feet).",partially_supported,0,0,0.000861644744873,0,0,0.0006422996520996,0,0,0.2839439503011338,-1,0
test03809_chunk_45,test03809,"The same year, he had a supporting role as a drag queen emcee in the film ""A Star Is Born"", alongside Lady Gaga, Bradley Cooper, and Willam Belli.",partially_supported,0,0,0.1475830078125,0,0,0.1142578125,0,0,0.354244188162893,-1,0
test03809_chunk_46,test03809,"The same year, he had a supporting role as a drag queen emcee in the film ""A Star Is Born"", alongside Lady Gaga, Bradley Cooper, and Willam Belli.",partially_supported,0,0,0.08209228515625,0,0,0.043487548828125,0,0,0.3257620335628932,-1,0
test03809_chunk_47,test03809,"The same year, he had a supporting role as a drag queen emcee in the film ""A Star Is Born"", alongside Lady Gaga, Bradley Cooper, and Willam Belli.",partially_supported,0,0,0.2037353515625,0,1,0.255615234375,0,0,0.4411176970963805,-1,0
test04310_chunk_48,test04310,Schumer performed as opening act for Madonna on three New York City dates of the singer's Rebel Heart Tour in September 2015.,supported,1,1,0.97509765625,1,1,0.98974609375,1,1,0.802720600673447,-1,1
test04310_chunk_49,test04310,Schumer performed as opening act for Madonna on three New York City dates of the singer's Rebel Heart Tour in September 2015.,supported,1,1,0.9091796875,1,1,0.93017578125,1,1,0.7661389123122271,-1,1
test04310_chunk_50,test04310,Schumer performed as opening act for Madonna on three New York City dates of the singer's Rebel Heart Tour in September 2015.,supported,1,1,0.99755859375,1,1,0.96533203125,1,1,0.7883821361289056,-1,1
test03749_chunk_51,test03749,"He suffered an MCL sprain in Week 15 and was placed on injured reserve on December 28, 2018.",partially_supported,0,0,0.0077476501464843,0,0,0.0030403137207031,0,0,0.4126008608504423,-1,0
test03749_chunk_52,test03749,"He suffered an MCL sprain in Week 15 and was placed on injured reserve on December 28, 2018.",partially_supported,0,0,0.0111160278320312,0,0,0.032073974609375,0,0,0.3481020043555388,-1,0
test03749_chunk_53,test03749,"He suffered an MCL sprain in Week 15 and was placed on injured reserve on December 28, 2018.",partially_supported,0,0,0.0150833129882812,0,0,0.04388427734375,0,0,0.3810092678524288,-1,0
test01231_chunk_54,test01231,"El Difraoui is also one of the founders of the Candid Foundation in Berlin, an independent think tank which attempts to promote intercultural understanding and creative approaches in international development, focussing especially on the Middle East, Africa, Asia and the Mediterranean.",partially_supported,0,0,0.004364013671875,0,0,0.0026168823242187,0,0,0.431751927682893,-1,0
test01231_chunk_55,test01231,"El Difraoui is also one of the founders of the Candid Foundation in Berlin, an independent think tank which attempts to promote intercultural understanding and creative approaches in international development, focussing especially on the Middle East, Africa, Asia and the Mediterranean.",partially_supported,0,0,0.0408935546875,0,0,0.07049560546875,0,0,0.3550146608269924,-1,0
test01231_chunk_56,test01231,"El Difraoui is also one of the founders of the Candid Foundation in Berlin, an independent think tank which attempts to promote intercultural understanding and creative approaches in international development, focussing especially on the Middle East, Africa, Asia and the Mediterranean.",partially_supported,0,0,0.034759521484375,0,0,0.10076904296875,0,0,0.4748666943526515,-1,0
test04247_chunk_57,test04247,"The oldest player for the tournament was South African player, Imran Tahir who was forty years old while the youngest was Afghan spinner Mujeeb Ur Rahman who is eighteen years old.",partially_supported,0,1,0.962890625,1,1,0.982421875,1,1,0.7853188060839551,-1,1
test04247_chunk_58,test04247,"The oldest player for the tournament was South African player, Imran Tahir who was forty years old while the youngest was Afghan spinner Mujeeb Ur Rahman who is eighteen years old.",partially_supported,0,1,0.958984375,1,1,0.955078125,1,1,0.7976980800993231,-1,1
test04247_chunk_59,test04247,"The oldest player for the tournament was South African player, Imran Tahir who was forty years old while the youngest was Afghan spinner Mujeeb Ur Rahman who is eighteen years old.",partially_supported,0,1,0.96044921875,1,1,0.97607421875,1,1,0.8016701790641552,-1,1
test02993_chunk_60,test02993,Third-place finisher Bernie Sanders received the highest write-in draft campaign percentage for a statewide presidential candidate in history.,partially_supported,0,0,0.006134033203125,0,0,0.0094070434570312,0,0,0.3181101454566153,-1,0
test02993_chunk_61,test02993,Third-place finisher Bernie Sanders received the highest write-in draft campaign percentage for a statewide presidential candidate in history.,partially_supported,0,0,0.1849365234375,0,0,0.12213134765625,0,0,0.4016756347957494,-1,0
test02993_chunk_62,test02993,Third-place finisher Bernie Sanders received the highest write-in draft campaign percentage for a statewide presidential candidate in history.,partially_supported,0,0,0.0218048095703125,0,0,0.02032470703125,0,0,0.4360262745201347,-1,0
test04499_chunk_63,test04499,The University of the Philippines Diliman had noted interest on Ryūdai since 2007 due to its research on underwater cultural landscapes.,not_supported,0,0,0.0010738372802734,0,0,0.0003094673156738,0,0,0.2835221856288064,-1,0
test04499_chunk_64,test04499,The University of the Philippines Diliman had noted interest on Ryūdai since 2007 due to its research on underwater cultural landscapes.,not_supported,0,0,0.0004024505615234,0,0,0.000497817993164,0,0,0.2726252020885412,0,0
test04499_chunk_65,test04499,The University of the Philippines Diliman had noted interest on Ryūdai since 2007 due to its research on underwater cultural landscapes.,not_supported,0,0,0.0003228187561035,0,0,0.0002682209014892,0,0,0.2816877303209491,-1,0
test01901_chunk_66,test01901,Some doctors do not have the required accreditation and pose a hazard to the general public by prescribing the wrong medication or performing unsuccessful surgeries resulting in unnecessary deaths.,partially_supported,0,1,0.99658203125,1,1,0.98876953125,1,1,0.8052195767494325,-1,1
test01901_chunk_67,test01901,Some doctors do not have the required accreditation and pose a hazard to the general public by prescribing the wrong medication or performing unsuccessful surgeries resulting in unnecessary deaths.,partially_supported,0,1,0.82421875,1,1,0.85498046875,1,1,0.7422720735404084,-1,1
test01901_chunk_68,test01901,Some doctors do not have the required accreditation and pose a hazard to the general public by prescribing the wrong medication or performing unsuccessful surgeries resulting in unnecessary deaths.,partially_supported,0,1,0.78271484375,1,1,0.77099609375,1,1,0.6926156716319039,-1,1
test01064_chunk_69,test01064,"The fans consider themselves fiercely left-wing, and frequently the fans cultivate the club's Jewish traditions as well as actions against antisemitism, racism and homophobia.",supported,1,0,0.0012159347534179,0,0,0.0006580352783203,0,0,0.455567753615139,-1,0
test01064_chunk_70,test01064,"The fans consider themselves fiercely left-wing, and frequently the fans cultivate the club's Jewish traditions as well as actions against antisemitism, racism and homophobia.",supported,1,0,0.0024070739746093,0,0,0.001779556274414,0,0,0.4598464740868904,-1,0
test01064_chunk_71,test01064,"The fans consider themselves fiercely left-wing, and frequently the fans cultivate the club's Jewish traditions as well as actions against antisemitism, racism and homophobia.",supported,1,0,0.0013771057128906,0,0,0.0007448196411132,0,0,0.4486850442958646,-1,0
test04021_chunk_72,test04021,"Cleveland EMS is the primary provider of Advanced Life Support and ambulance transport within the city of Cleveland, while Cleveland Fire assists by providing fire response medical care.",supported,1,1,0.65234375,1,1,0.8330078125,1,1,0.7441139444279341,-1,1
test04021_chunk_73,test04021,"Cleveland EMS is the primary provider of Advanced Life Support and ambulance transport within the city of Cleveland, while Cleveland Fire assists by providing fire response medical care.",supported,1,1,0.67626953125,1,1,0.8447265625,1,1,0.7520988550417145,-1,1
test04021_chunk_74,test04021,"Cleveland EMS is the primary provider of Advanced Life Support and ambulance transport within the city of Cleveland, while Cleveland Fire assists by providing fire response medical care.",supported,1,1,0.76611328125,1,1,0.87939453125,1,1,0.7646869153854584,-1,1
test04027_chunk_75,test04027,"On October 17, 2018, one year after Downie's death, a previously unreleased studio recording of the song ""Wait So Long"" was played on K-Rock, a radio station in the band's hometown of Kingston.",partially_supported,0,1,0.6474609375,1,1,0.2393798828125,1,1,0.5371620556435354,-1,1
test04027_chunk_76,test04027,"On October 17, 2018, one year after Downie's death, a previously unreleased studio recording of the song ""Wait So Long"" was played on K-Rock, a radio station in the band's hometown of Kingston.",partially_supported,0,1,0.401611328125,1,0,0.050262451171875,1,0,0.4680746633322022,-1,0
test04027_chunk_77,test04027,"On October 17, 2018, one year after Downie's death, a previously unreleased studio recording of the song ""Wait So Long"" was played on K-Rock, a radio station in the band's hometown of Kingston.",partially_supported,0,1,0.60498046875,1,0,0.2032470703125,1,1,0.5215957802010469,-1,1
test00879_chunk_78,test00879,"After being held without a sack in the first two weeks, he collected three sacks and eight combined tackles in the Week 3 27-22 defeat against the New York Giants, his first sacks since Week 2 of 2016.",partially_supported,0,1,0.9736328125,1,1,0.98193359375,1,1,0.7759814314690082,-1,1
test00879_chunk_79,test00879,"After being held without a sack in the first two weeks, he collected three sacks and eight combined tackles in the Week 3 27-22 defeat against the New York Giants, his first sacks since Week 2 of 2016.",partially_supported,0,1,0.91455078125,1,1,0.96875,1,1,0.7976053606074427,-1,1
test00879_chunk_80,test00879,"After being held without a sack in the first two weeks, he collected three sacks and eight combined tackles in the Week 3 27-22 defeat against the New York Giants, his first sacks since Week 2 of 2016.",partially_supported,0,1,0.86474609375,1,1,0.98095703125,1,1,0.7928253258799263,-1,1
test02384_chunk_81,test02384,"""The Simpsons and Philosophy: The D'oh! of Homer"", which is not an official publication, includes a chapter analyzing Bart's character and comparing him to the ""Nietzschean ideal"".",not_supported,0,0,0.0139312744140625,0,0,0.020477294921875,0,0,0.321779461792301,-1,0
test02384_chunk_82,test02384,"""The Simpsons and Philosophy: The D'oh! of Homer"", which is not an official publication, includes a chapter analyzing Bart's character and comparing him to the ""Nietzschean ideal"".",not_supported,0,1,0.828125,1,1,0.46630859375,1,1,0.5447792863636681,-1,1
test02384_chunk_83,test02384,"""The Simpsons and Philosophy: The D'oh! of Homer"", which is not an official publication, includes a chapter analyzing Bart's character and comparing him to the ""Nietzschean ideal"".",not_supported,0,0,0.05560302734375,0,0,0.11846923828125,0,0,0.3615271165069305,-1,0
test00093_chunk_84,test00093,"Originally from Manchester, Kemp teaches creative writing, literature and queer theory at Birkbeck, University of London.",partially_supported,0,0,0.0003626346588134,0,0,0.0003035068511962,0,0,0.289030368199001,-1,0
test00093_chunk_85,test00093,"Originally from Manchester, Kemp teaches creative writing, literature and queer theory at Birkbeck, University of London.",partially_supported,0,0,0.0005040168762207,0,0,0.0010108947753906,0,0,0.3349993303317032,-1,0
test00093_chunk_86,test00093,"Originally from Manchester, Kemp teaches creative writing, literature and queer theory at Birkbeck, University of London.",partially_supported,0,0,0.0002110004425048,0,0,0.0012159347534179,0,0,0.3314968403218233,-1,0
test00115_chunk_87,test00115,"In early April, Oklahoma became the second state to strike, making it the first time a teacher's strike was held in the state since 1990.",partially_supported,0,0,0.0095291137695312,0,0,0.0054855346679687,0,0,0.2911748757954186,-1,0
test00115_chunk_88,test00115,"In early April, Oklahoma became the second state to strike, making it the first time a teacher's strike was held in the state since 1990.",partially_supported,0,0,0.039276123046875,0,0,0.053314208984375,0,0,0.3110775368352219,-1,0
test00115_chunk_89,test00115,"In early April, Oklahoma became the second state to strike, making it the first time a teacher's strike was held in the state since 1990.",partially_supported,0,1,0.39111328125,1,1,0.41748046875,1,1,0.5256192779959183,-1,1
test03760_chunk_90,test03760,"For legal reasons, Eric requested that his full official title be ""Eric the Actor, formerly known as Eric the Midget"" in order to protect the ""Eric the Midget"" trade name.",not_supported,0,0,0.0009889602661132,0,0,0.0030899047851562,0,0,0.2513816328233257,0,0
test03760_chunk_91,test03760,"For legal reasons, Eric requested that his full official title be ""Eric the Actor, formerly known as Eric the Midget"" in order to protect the ""Eric the Midget"" trade name.",not_supported,0,0,0.0041885375976562,0,0,0.0072250366210937,0,0,0.3095641536503848,-1,0
test03760_chunk_92,test03760,"For legal reasons, Eric requested that his full official title be ""Eric the Actor, formerly known as Eric the Midget"" in order to protect the ""Eric the Midget"" trade name.",not_supported,0,0,0.0057106018066406,0,0,0.017822265625,0,0,0.3022903386320195,-1,0
test02816_chunk_93,test02816,"Adams was born in Widnes, Lancashire, England, and he died aged 65 in Tamworth, New South Wales, Australia.",partially_supported,0,0,0.0013990402221679,0,0,0.0011711120605468,0,0,0.282181172218346,-1,0
test02816_chunk_94,test02816,"Adams was born in Widnes, Lancashire, England, and he died aged 65 in Tamworth, New South Wales, Australia.",partially_supported,0,0,0.0052070617675781,0,0,0.0025520324707031,0,0,0.2880037492574359,-1,0
test02816_chunk_95,test02816,"Adams was born in Widnes, Lancashire, England, and he died aged 65 in Tamworth, New South Wales, Australia.",partially_supported,0,0,0.0079498291015625,0,0,0.0025672912597656,0,0,0.2810102196271065,-1,0
test00128_chunk_96,test00128,"The OSRD was abolished without a successor organization on December 31, 1947.",partially_supported,0,0,0.0011606216430664,0,0,0.003641128540039,0,0,0.3996281712838465,-1,0
test00128_chunk_97,test00128,"The OSRD was abolished without a successor organization on December 31, 1947.",partially_supported,0,0,0.0042800903320312,0,0,0.0094757080078125,0,0,0.4184962834881131,-1,0
test00128_chunk_98,test00128,"The OSRD was abolished without a successor organization on December 31, 1947.",partially_supported,0,0,0.040618896484375,0,1,0.6328125,0,1,0.6655993280468113,-1,1
test00069_chunk_99,test00069,Nikou grew up with a passion for trading baseball cards and competing in breakdancing competitions.,partially_supported,0,0,0.0013055801391601,0,0,0.0040664672851562,0,0,0.3496204358805602,-1,0
test00069_chunk_100,test00069,Nikou grew up with a passion for trading baseball cards and competing in breakdancing competitions.,partially_supported,0,0,0.0007157325744628,0,0,0.0025272369384765,0,0,0.3372880071044705,-1,0
test00069_chunk_101,test00069,Nikou grew up with a passion for trading baseball cards and competing in breakdancing competitions.,partially_supported,0,0,0.0004844665527343,0,0,0.0013074874877929,0,0,0.4081551378871695,-1,0
test02894_chunk_102,test02894,The music video for Albertine was shot in May 2007 in Rwanda.,partially_supported,0,0,0.0004379749298095,0,0,0.0002892017364501,0,0,0.2842657937911344,-1,0
test02894_chunk_103,test02894,The music video for Albertine was shot in May 2007 in Rwanda.,partially_supported,0,0,0.000186800956726,0,0,0.000685691833496,0,0,0.2824292183041209,-1,0
test02894_chunk_104,test02894,The music video for Albertine was shot in May 2007 in Rwanda.,partially_supported,0,0,0.0003979206085205,0,0,0.0001871585845947,0,0,0.2851679251891633,-1,0
test02342_chunk_105,test02342,"In the tropical Atlantic, sea surface temperatures were cooler than average, characteristic of a negative phase of the Atlantic Multidecadal Oscillation (AMO).",partially_supported,0,1,0.3681640625,1,0,0.1341552734375,1,0,0.34794975267867,-1,0
test02342_chunk_106,test02342,"In the tropical Atlantic, sea surface temperatures were cooler than average, characteristic of a negative phase of the Atlantic Multidecadal Oscillation (AMO).",partially_supported,0,1,0.426025390625,1,0,0.08624267578125,1,0,0.3404913708219865,-1,0
test02342_chunk_107,test02342,"In the tropical Atlantic, sea surface temperatures were cooler than average, characteristic of a negative phase of the Atlantic Multidecadal Oscillation (AMO).",partially_supported,0,0,0.325927734375,0,1,0.315185546875,0,0,0.4883442215919086,-1,0
test04460_chunk_108,test04460,"The protest was organized after the murder of 14-year-old Chiara Paez, found buried underneath her boyfriend's house on May 11, beaten to death and a few weeks pregnant.",supported,1,0,0.243896484375,1,1,0.3642578125,1,1,0.585420090068591,-1,1
test04460_chunk_109,test04460,"The protest was organized after the murder of 14-year-old Chiara Paez, found buried underneath her boyfriend's house on May 11, beaten to death and a few weeks pregnant.",supported,1,1,0.84716796875,1,1,0.83447265625,1,1,0.7516773971983045,-1,1
test04460_chunk_110,test04460,"The protest was organized after the murder of 14-year-old Chiara Paez, found buried underneath her boyfriend's house on May 11, beaten to death and a few weeks pregnant.",supported,1,0,0.1033935546875,0,0,0.06890869140625,0,0,0.4736796073002899,-1,0
test01762_chunk_111,test01762,Mold was born on 27 May 1863 in the village of Middleton Cheney in Northamptonshire.,supported,1,0,0.0019483566284179,0,0,0.0297393798828125,0,0,0.2797782015911858,0,0
test01762_chunk_112,test01762,Mold was born on 27 May 1863 in the village of Middleton Cheney in Northamptonshire.,supported,1,0,0.0016860961914062,0,0,0.029571533203125,0,0,0.2795932605784391,0,0
test01762_chunk_113,test01762,Mold was born on 27 May 1863 in the village of Middleton Cheney in Northamptonshire.,supported,1,0,0.001509666442871,0,0,0.029571533203125,0,0,0.2795932605784391,0,0
test01429_chunk_114,test01429,"Warren ran the Disney Channel Storytellers program, which was launched in 2014 as an initiative to find new talent in creating and writing for Disney programming content.",partially_supported,0,1,0.40380859375,1,1,0.474609375,1,1,0.6073476452646304,-1,1
test01429_chunk_115,test01429,"Warren ran the Disney Channel Storytellers program, which was launched in 2014 as an initiative to find new talent in creating and writing for Disney programming content.",partially_supported,0,1,0.5,1,1,0.3291015625,1,1,0.5547221058996327,-1,1
test01429_chunk_116,test01429,"Warren ran the Disney Channel Storytellers program, which was launched in 2014 as an initiative to find new talent in creating and writing for Disney programming content.",partially_supported,0,1,0.53515625,1,1,0.33837890625,1,1,0.5393344707650418,-1,1
test04515_chunk_117,test04515,"The ""bedroom tax"" is an austerity measure that has attracted particular criticism, with activists arguing that two thirds of council houses affected by the policy are occupied with a person with a disability.",supported,1,0,0.07122802734375,0,0,0.090576171875,0,0,0.3303636710700532,-1,0
test04515_chunk_118,test04515,"The ""bedroom tax"" is an austerity measure that has attracted particular criticism, with activists arguing that two thirds of council houses affected by the policy are occupied with a person with a disability.",supported,1,0,0.35888671875,0,0,0.11761474609375,1,0,0.3463095697945636,-1,0
test04515_chunk_119,test04515,"The ""bedroom tax"" is an austerity measure that has attracted particular criticism, with activists arguing that two thirds of council houses affected by the policy are occupied with a person with a disability.",supported,1,0,0.0286407470703125,0,0,0.0286102294921875,0,0,0.2982434863448799,-1,0
test03895_chunk_120,test03895,"He also performed solo acoustic sets around the UK, including regular engagements at the Lewes Con Club, before his death from cancer on 31st October 2018.",partially_supported,0,0,0.0005960464477539,0,0,0.0002706050872802,0,0,0.2807388601243692,-1,0
test03895_chunk_121,test03895,"He also performed solo acoustic sets around the UK, including regular engagements at the Lewes Con Club, before his death from cancer on 31st October 2018.",partially_supported,0,0,0.0009241104125976,0,0,0.0002268552780151,0,0,0.2795044111107299,0,0
test03895_chunk_122,test03895,"He also performed solo acoustic sets around the UK, including regular engagements at the Lewes Con Club, before his death from cancer on 31st October 2018.",partially_supported,0,0,0.0045623779296875,0,0,0.0014057159423828,0,0,0.2862471903918694,-1,0
test01448_chunk_123,test01448,"The shows were at 9:30 pm, 10:30 pm, and 11:30 pm on Friday, July 19, and Saturday, July 20, with the 10:30 pm show on Saturday delayed slightly so the portion of the show where Neil Armstrong first set foot on the moon would happen exactly 50 years to the second after the actual event (10:56:15 EDT).",partially_supported,0,0,0.0010690689086914,0,0,0.000767707824707,0,0,0.2869800839142784,-1,0
test01448_chunk_124,test01448,"The shows were at 9:30 pm, 10:30 pm, and 11:30 pm on Friday, July 19, and Saturday, July 20, with the 10:30 pm show on Saturday delayed slightly so the portion of the show where Neil Armstrong first set foot on the moon would happen exactly 50 years to the second after the actual event (10:56:15 EDT).",partially_supported,0,0,0.0019855499267578,0,0,0.0005311965942382,0,0,0.286803935215595,-1,0
test01448_chunk_125,test01448,"The shows were at 9:30 pm, 10:30 pm, and 11:30 pm on Friday, July 19, and Saturday, July 20, with the 10:30 pm show on Saturday delayed slightly so the portion of the show where Neil Armstrong first set foot on the moon would happen exactly 50 years to the second after the actual event (10:56:15 EDT).",partially_supported,0,0,0.0027294158935546,0,0,0.0012359619140625,0,0,0.2831619005053727,-1,0
test03771_chunk_126,test03771,"Since then there have been at least eight additional confirmed sightings in the state; all were immediately east of the Tennessee River in Middle Tennessee: initially in Humphreys county and on September 4, 2016, further south in Wayne county.",partially_supported,0,0,0.009063720703125,0,0,0.0039749145507812,0,0,0.2884727056635532,-1,0
test03771_chunk_127,test03771,"Since then there have been at least eight additional confirmed sightings in the state; all were immediately east of the Tennessee River in Middle Tennessee: initially in Humphreys county and on September 4, 2016, further south in Wayne county.",partially_supported,0,0,0.06390380859375,0,0,0.0091094970703125,0,0,0.2801825938878491,-1,0
test03771_chunk_128,test03771,"Since then there have been at least eight additional confirmed sightings in the state; all were immediately east of the Tennessee River in Middle Tennessee: initially in Humphreys county and on September 4, 2016, further south in Wayne county.",partially_supported,0,0,0.0008096694946289,0,0,0.0018444061279296,0,0,0.2759700016331741,0,0
test00726_chunk_129,test00726,"Tech Crunch gave an overall positive view of the website but commented that the website had the potential to become ""a magnet for videos taken down for copyright violations elsewhere or porn"".",supported,1,0,0.086181640625,0,0,0.16064453125,0,0,0.3699052005209783,-1,0
test00726_chunk_130,test00726,"Tech Crunch gave an overall positive view of the website but commented that the website had the potential to become ""a magnet for videos taken down for copyright violations elsewhere or porn"".",supported,1,0,0.279296875,0,1,0.55859375,0,1,0.6005004740514586,-1,1
test00726_chunk_131,test00726,"Tech Crunch gave an overall positive view of the website but commented that the website had the potential to become ""a magnet for videos taken down for copyright violations elsewhere or porn"".",supported,1,1,0.457763671875,1,1,0.357666015625,1,0,0.4837360159629448,-1,0
test03840_chunk_132,test03840,"In October 2018, he was named in India's Twenty20 International (T20I) squad for their series against the West indies, but he did not play.",partially_supported,0,1,0.6396484375,1,1,0.312744140625,1,0,0.447854728865572,-1,0
test03840_chunk_133,test03840,"In October 2018, he was named in India's Twenty20 International (T20I) squad for their series against the West indies, but he did not play.",partially_supported,0,0,0.342041015625,1,0,0.10784912109375,0,0,0.3801406023765489,-1,0
test03840_chunk_134,test03840,"In October 2018, he was named in India's Twenty20 International (T20I) squad for their series against the West indies, but he did not play.",partially_supported,0,1,0.373291015625,1,1,0.452880859375,1,1,0.5612103066744428,-1,1
test02072_chunk_135,test02072,"The pro-Hadi Yemen Army was able to remove 300,000 Houthi mines in recently captured areas, including 40,000 mines on the outskirts of Marib province, according to official sources.",partially_supported,0,0,0.00848388671875,0,0,0.1229248046875,0,0,0.3493328601156653,-1,0
test02072_chunk_136,test02072,"The pro-Hadi Yemen Army was able to remove 300,000 Houthi mines in recently captured areas, including 40,000 mines on the outskirts of Marib province, according to official sources.",partially_supported,0,0,0.0062446594238281,0,0,0.10357666015625,0,0,0.319225494272941,-1,0
test02072_chunk_137,test02072,"The pro-Hadi Yemen Army was able to remove 300,000 Houthi mines in recently captured areas, including 40,000 mines on the outskirts of Marib province, according to official sources.",partially_supported,0,0,0.0058479309082031,0,0,0.0830078125,0,0,0.3012365288203791,-1,0
test00996_chunk_138,test00996,"It offers a Bachelor of Science in Business Administration (BSBA), Master of Business Administration (MBA), and Master of Science in Management (MSM) in various concentrations.",partially_supported,0,1,0.7275390625,1,1,0.99560546875,1,1,0.8083660636479063,-1,1
test00996_chunk_139,test00996,"It offers a Bachelor of Science in Business Administration (BSBA), Master of Business Administration (MBA), and Master of Science in Management (MSM) in various concentrations.",partially_supported,0,0,0.032501220703125,0,1,0.5498046875,0,1,0.591183973781294,-1,1
test00996_chunk_140,test00996,"It offers a Bachelor of Science in Business Administration (BSBA), Master of Business Administration (MBA), and Master of Science in Management (MSM) in various concentrations.",partially_supported,0,1,0.85498046875,1,1,0.9912109375,1,1,0.8006809063148406,-1,1
test02315_chunk_141,test02315,"Mark Yudof, then president of the university, was hoping that Monson would be able to help the program move past the scandals of previous head coach Clem Haskins.",supported,1,0,0.0865478515625,0,0,0.032318115234375,0,0,0.2936932330825108,-1,0
test02315_chunk_142,test02315,"Mark Yudof, then president of the university, was hoping that Monson would be able to help the program move past the scandals of previous head coach Clem Haskins.",supported,1,1,0.8876953125,1,1,0.880859375,1,1,0.7528212105338257,-1,1
test02315_chunk_143,test02315,"Mark Yudof, then president of the university, was hoping that Monson would be able to help the program move past the scandals of previous head coach Clem Haskins.",supported,1,1,0.9580078125,1,1,0.970703125,1,1,0.7929384750004608,-1,1
test03997_chunk_144,test03997,"In 2002, Suzanne Deal Booth and David G. Booth established the ""Booth Family Rome Prize Fellowship for Historic Preservation and Conservation"" at the American Academy in Rome, which is awarded on an annual basis and has supported over 15 fellowships.",partially_supported,0,0,0.0002648830413818,0,0,0.0001676082611083,0,0,0.4154625741816052,-1,0
test03997_chunk_145,test03997,"In 2002, Suzanne Deal Booth and David G. Booth established the ""Booth Family Rome Prize Fellowship for Historic Preservation and Conservation"" at the American Academy in Rome, which is awarded on an annual basis and has supported over 15 fellowships.",partially_supported,0,0,0.0023231506347656,0,0,0.0005450248718261,0,0,0.4141408233736984,-1,0
test03997_chunk_146,test03997,"In 2002, Suzanne Deal Booth and David G. Booth established the ""Booth Family Rome Prize Fellowship for Historic Preservation and Conservation"" at the American Academy in Rome, which is awarded on an annual basis and has supported over 15 fellowships.",partially_supported,0,0,0.0002782344818115,0,0,0.0002706050872802,0,0,0.4168247405991093,-1,0
test02130_chunk_147,test02130,"According to the official website of the Muséoscope, the ""museum of the largest dam in Europe made of compacted soil"", Lac de Serre-Ponçon includes a hydroelectric power plant with a 380 MW generator.",partially_supported,0,0,0.05841064453125,0,0,0.055450439453125,0,0,0.3169135247941112,-1,0
test02130_chunk_148,test02130,"According to the official website of the Muséoscope, the ""museum of the largest dam in Europe made of compacted soil"", Lac de Serre-Ponçon includes a hydroelectric power plant with a 380 MW generator.",partially_supported,0,0,0.09124755859375,0,0,0.1292724609375,0,0,0.3559148285780746,-1,0
test02130_chunk_149,test02130,"According to the official website of the Muséoscope, the ""museum of the largest dam in Europe made of compacted soil"", Lac de Serre-Ponçon includes a hydroelectric power plant with a 380 MW generator.",partially_supported,0,0,0.0877685546875,0,1,0.36279296875,0,0,0.4892638710559443,-1,0
test01053_chunk_150,test01053,"He was also named in the PFA Team of the Year alongside Liverpool teammates, Trent Alexander-Arnold, Andrew Robertson and van Dijk.",supported,1,0,0.130859375,0,0,0.14892578125,0,0,0.3357618489215672,-1,0
test01053_chunk_151,test01053,"He was also named in the PFA Team of the Year alongside Liverpool teammates, Trent Alexander-Arnold, Andrew Robertson and van Dijk.",supported,1,0,0.2008056640625,0,1,0.7314453125,0,1,0.6866328894481245,-1,1
test01053_chunk_152,test01053,"He was also named in the PFA Team of the Year alongside Liverpool teammates, Trent Alexander-Arnold, Andrew Robertson and van Dijk.",supported,1,0,0.0211944580078125,0,0,0.0333251953125,0,0,0.3493229670405496,-1,0
test03602_chunk_153,test03602,"The team plays in the East of Scotland Football League (Conference B), having moved from the junior leagues in 2018.",partially_supported,0,0,0.0041465759277343,0,0,0.0022029876708984,0,0,0.4479458879683465,-1,0
test03602_chunk_154,test03602,"The team plays in the East of Scotland Football League (Conference B), having moved from the junior leagues in 2018.",partially_supported,0,0,0.048065185546875,0,0,0.0232391357421875,1,0,0.4609618824141682,-1,0
test03602_chunk_155,test03602,"The team plays in the East of Scotland Football League (Conference B), having moved from the junior leagues in 2018.",partially_supported,0,0,0.332275390625,1,0,0.2021484375,1,0,0.4560104677960721,-1,0
test03437_chunk_156,test03437,"Belladonna returned to Anthrax the following year, making his first appearance at June's ""big four"" show and re-recording vocals on the album ""Worship Music"".",partially_supported,0,0,0.015869140625,0,0,0.020294189453125,0,0,0.379273158703285,-1,0
test03437_chunk_157,test03437,"Belladonna returned to Anthrax the following year, making his first appearance at June's ""big four"" show and re-recording vocals on the album ""Worship Music"".",partially_supported,0,0,0.09552001953125,0,0,0.08148193359375,0,0,0.4676394255116168,-1,0
test03437_chunk_158,test03437,"Belladonna returned to Anthrax the following year, making his first appearance at June's ""big four"" show and re-recording vocals on the album ""Worship Music"".",partially_supported,0,0,0.083251953125,0,0,0.0199432373046875,0,0,0.3983567244740535,-1,0
test01425_chunk_159,test01425,The dangerous grade crossing at Main Street would be closed and replaced with a pedestrian overpass with two elevators.,partially_supported,0,1,0.9072265625,1,1,0.931640625,1,1,0.7834229000803302,-1,1
test01425_chunk_160,test01425,The dangerous grade crossing at Main Street would be closed and replaced with a pedestrian overpass with two elevators.,partially_supported,0,1,0.927734375,1,1,0.87841796875,1,1,0.7579764191120468,-1,1
test01425_chunk_161,test01425,The dangerous grade crossing at Main Street would be closed and replaced with a pedestrian overpass with two elevators.,partially_supported,0,1,0.927734375,1,1,0.798828125,1,1,0.7258943929422248,-1,1
test04456_chunk_162,test04456,"She also played one of the three leads in black comedy drama ""Avengers Social Club"", which drew high ratings.",supported,1,0,0.2039794921875,0,0,0.08251953125,0,0,0.3146227281254451,-1,0
test04456_chunk_163,test04456,"She also played one of the three leads in black comedy drama ""Avengers Social Club"", which drew high ratings.",supported,1,1,0.439697265625,1,1,0.68212890625,1,1,0.6547687316600785,-1,1
test04456_chunk_164,test04456,"She also played one of the three leads in black comedy drama ""Avengers Social Club"", which drew high ratings.",supported,1,0,0.08428955078125,0,1,0.36767578125,0,0,0.4874932029652303,-1,0
test04455_chunk_165,test04455,"The American edition of the album was included in ""A Basic Record Library"" of 1950s and 1960s recordings, published in ""Christgau's Record Guide: Rock Albums of the Seventies"" (1981).",partially_supported,0,0,0.1148681640625,0,0,0.07830810546875,0,0,0.3352711319545891,-1,0
test04455_chunk_166,test04455,"The American edition of the album was included in ""A Basic Record Library"" of 1950s and 1960s recordings, published in ""Christgau's Record Guide: Rock Albums of the Seventies"" (1981).",partially_supported,0,0,0.2039794921875,0,0,0.1627197265625,0,0,0.3872194293373153,-1,0
test04455_chunk_167,test04455,"The American edition of the album was included in ""A Basic Record Library"" of 1950s and 1960s recordings, published in ""Christgau's Record Guide: Rock Albums of the Seventies"" (1981).",partially_supported,0,1,0.38720703125,1,0,0.1251220703125,1,0,0.3609090473229954,-1,0
test01146_chunk_168,test01146,"In 2013, Mozgovaya started working at the Voice of America, hosting the daily ""Current time"" TV show.",partially_supported,0,0,0.0041007995605468,0,0,0.0021038055419921,0,0,0.285456087265187,-1,0
test01146_chunk_169,test01146,"In 2013, Mozgovaya started working at the Voice of America, hosting the daily ""Current time"" TV show.",partially_supported,0,0,0.001251220703125,0,0,0.0031108856201171,0,0,0.2787431488778195,0,0
test01146_chunk_170,test01146,"In 2013, Mozgovaya started working at the Voice of America, hosting the daily ""Current time"" TV show.",partially_supported,0,0,0.0002002716064453,0,0,0.0002156496047973,0,0,0.2822483455051534,-1,0
test00883_chunk_171,test00883,"On May 25th 2019, the weekend of the 2019 Indianapolis 500, SCCA announced they will be returning to Indianapolis Motor Speedway in 2021.",partially_supported,0,1,0.580078125,1,1,0.456787109375,1,1,0.6228971317822676,-1,1
test00883_chunk_172,test00883,"On May 25th 2019, the weekend of the 2019 Indianapolis 500, SCCA announced they will be returning to Indianapolis Motor Speedway in 2021.",partially_supported,0,1,0.54296875,1,1,0.5615234375,1,1,0.6616167029234437,-1,1
test00883_chunk_173,test00883,"On May 25th 2019, the weekend of the 2019 Indianapolis 500, SCCA announced they will be returning to Indianapolis Motor Speedway in 2021.",partially_supported,0,0,0.1380615234375,0,0,0.1318359375,1,1,0.5149664425189385,-1,0
test02428_chunk_174,test02428,"At the end of the season, the new owners changed the name of the FireAntz to the Fayetteville Marksmen.",partially_supported,0,0,0.1876220703125,0,1,0.340576171875,1,1,0.5777458525685393,-1,1
test02428_chunk_175,test02428,"At the end of the season, the new owners changed the name of the FireAntz to the Fayetteville Marksmen.",partially_supported,0,1,0.494384765625,1,0,0.2076416015625,1,1,0.5352392050957597,-1,1
test02428_chunk_176,test02428,"At the end of the season, the new owners changed the name of the FireAntz to the Fayetteville Marksmen.",partially_supported,0,0,0.215087890625,0,0,0.1591796875,1,0,0.4246040045554878,-1,0
test00965_chunk_177,test00965,"At the Australian Open in January, Herbert and doubles partner Mahut earned the Career Grand Slam in men's doubles after defeating Henri Kontinen and John Peers in the final, 6–4, 7–6.",partially_supported,0,0,0.023284912109375,0,0,0.0682373046875,0,0,0.4850647561223078,-1,0
test00965_chunk_178,test00965,"At the Australian Open in January, Herbert and doubles partner Mahut earned the Career Grand Slam in men's doubles after defeating Henri Kontinen and John Peers in the final, 6–4, 7–6.",partially_supported,0,0,0.08013916015625,0,0,0.08233642578125,1,0,0.4885699566526177,-1,0
test00965_chunk_179,test00965,"At the Australian Open in January, Herbert and doubles partner Mahut earned the Career Grand Slam in men's doubles after defeating Henri Kontinen and John Peers in the final, 6–4, 7–6.",partially_supported,0,0,0.169189453125,1,0,0.11468505859375,0,0,0.4925276359536965,-1,0
test01741_chunk_180,test01741,"In 1993, Missoni started her own label, but in 1997, she took over from her mother as creative director of the family brand.",partially_supported,0,0,0.003763198852539,0,0,0.0083847045898437,0,0,0.2773057904093042,0,0
test01741_chunk_181,test01741,"In 1993, Missoni started her own label, but in 1997, she took over from her mother as creative director of the family brand.",partially_supported,0,0,0.02996826171875,0,0,0.0068740844726562,0,0,0.2894852165917556,-1,0
test01741_chunk_182,test01741,"In 1993, Missoni started her own label, but in 1997, she took over from her mother as creative director of the family brand.",partially_supported,0,0,0.268798828125,0,0,0.0279693603515625,0,0,0.2994718723235285,-1,0
test03132_chunk_183,test03132,"A very well-known trench magazine in the 21st century is the Wipers Times, the periodical of the British Sherwood Foresters.",partially_supported,0,0,0.0024070739746093,0,0,0.000120460987091,1,0,0.4629742664523767,-1,0
test03132_chunk_184,test03132,"A very well-known trench magazine in the 21st century is the Wipers Times, the periodical of the British Sherwood Foresters.",partially_supported,0,0,0.0009198188781738,0,0,9.381771087646484e-05,0,0,0.463987433256353,-1,0
test03132_chunk_185,test03132,"A very well-known trench magazine in the 21st century is the Wipers Times, the periodical of the British Sherwood Foresters.",partially_supported,0,0,0.0005164146423339,0,0,0.0001096725463867,1,0,0.4618296582453196,-1,0
test03098_chunk_186,test03098,"A 193 million dollar contract for Trophy was awarded to Leonardo DRS, Rafael's American partner, in June 2018, in order to equip a significant number of Abrams M1A1/A2 MBT's with Trophy.",partially_supported,0,0,0.0018434524536132,0,0,0.0279693603515625,0,0,0.4559250942304293,-1,0
test03098_chunk_187,test03098,"A 193 million dollar contract for Trophy was awarded to Leonardo DRS, Rafael's American partner, in June 2018, in order to equip a significant number of Abrams M1A1/A2 MBT's with Trophy.",partially_supported,0,0,0.0038681030273437,0,0,0.0019044876098632,0,0,0.4156929343979029,-1,0
test03098_chunk_188,test03098,"A 193 million dollar contract for Trophy was awarded to Leonardo DRS, Rafael's American partner, in June 2018, in order to equip a significant number of Abrams M1A1/A2 MBT's with Trophy.",partially_supported,0,0,0.0135345458984375,0,0,0.03570556640625,0,0,0.4676553500528157,-1,0
test02288_chunk_189,test02288,"In Week 12, Watt recorded nine tackles, 1.5 sacks and a forced fumble in a 34-17 win over the Tennessee Titans, earning him AFC Defensive Player of the Week.",partially_supported,0,0,0.0046768188476562,0,0,0.0086288452148437,0,0,0.2744538026212864,0,0
test02288_chunk_190,test02288,"In Week 12, Watt recorded nine tackles, 1.5 sacks and a forced fumble in a 34-17 win over the Tennessee Titans, earning him AFC Defensive Player of the Week.",partially_supported,0,0,0.058502197265625,0,0,0.061004638671875,0,0,0.3206573380204666,-1,0
test02288_chunk_191,test02288,"In Week 12, Watt recorded nine tackles, 1.5 sacks and a forced fumble in a 34-17 win over the Tennessee Titans, earning him AFC Defensive Player of the Week.",partially_supported,0,0,0.0035743713378906,0,0,0.007720947265625,0,0,0.2853090704328951,-1,0
test01201_chunk_192,test01201,"In its fourth week, the album remained at number one for a second week, moving 56,000 album-equivalent units with 749 in traditional album sales, making it the lowest-selling number-one album since ""Billboard"" began using Nielsen SoundScan to track unit sales, bringing its four-week total to 262,000 album-equivalent units.",partially_supported,0,0,0.06707763671875,0,0,0.205810546875,0,0,0.3898098736847377,-1,0
test01201_chunk_193,test01201,"In its fourth week, the album remained at number one for a second week, moving 56,000 album-equivalent units with 749 in traditional album sales, making it the lowest-selling number-one album since ""Billboard"" began using Nielsen SoundScan to track unit sales, bringing its four-week total to 262,000 album-equivalent units.",partially_supported,0,0,0.036590576171875,0,0,0.1822509765625,0,0,0.3808734612952283,-1,0
test01201_chunk_194,test01201,"In its fourth week, the album remained at number one for a second week, moving 56,000 album-equivalent units with 749 in traditional album sales, making it the lowest-selling number-one album since ""Billboard"" began using Nielsen SoundScan to track unit sales, bringing its four-week total to 262,000 album-equivalent units.",partially_supported,0,0,0.08251953125,0,1,0.243408203125,0,0,0.4191747430825052,-1,0
test02770_chunk_195,test02770,"Minogue released a greatest hits compilation ""Step Back in Time: The Definitive Collection"" on 28 June 2019, featuring ""New York City"" as the lead single.",supported,1,0,0.06231689453125,0,0,0.129150390625,0,0,0.4783536304506721,-1,0
test02770_chunk_196,test02770,"Minogue released a greatest hits compilation ""Step Back in Time: The Definitive Collection"" on 28 June 2019, featuring ""New York City"" as the lead single.",supported,1,0,0.036285400390625,0,0,0.07525634765625,1,0,0.4467523311770814,-1,0
test02770_chunk_197,test02770,"Minogue released a greatest hits compilation ""Step Back in Time: The Definitive Collection"" on 28 June 2019, featuring ""New York City"" as the lead single.",supported,1,0,0.1614990234375,0,0,0.2197265625,0,1,0.523751014933957,-1,1
test03759_chunk_198,test03759,"While fighting in northwest-Pakistan between the Pakistani Armed Forces and the Pakistani Taliban may have been one reason, Sunni Shia sectarian strife was also suggested as a possible driver for their flight.",partially_supported,0,0,0.218505859375,0,1,0.332763671875,0,0,0.4669296820733146,-1,0
test03759_chunk_199,test03759,"While fighting in northwest-Pakistan between the Pakistani Armed Forces and the Pakistani Taliban may have been one reason, Sunni Shia sectarian strife was also suggested as a possible driver for their flight.",partially_supported,0,0,0.2822265625,0,1,0.3134765625,0,0,0.4550598912966326,-1,0
test03759_chunk_200,test03759,"While fighting in northwest-Pakistan between the Pakistani Armed Forces and the Pakistani Taliban may have been one reason, Sunni Shia sectarian strife was also suggested as a possible driver for their flight.",partially_supported,0,1,0.70458984375,1,1,0.78857421875,1,1,0.7144812310566379,-1,1
test03723_chunk_201,test03723,released on November 6 along with a music video.,partially_supported,0,1,0.96484375,1,1,0.9912109375,1,1,0.8049019592399316,-1,1
test03723_chunk_202,test03723,released on November 6 along with a music video.,partially_supported,0,1,0.9560546875,1,1,0.98486328125,1,1,0.7927864045710552,-1,1
test03723_chunk_203,test03723,released on November 6 along with a music video.,partially_supported,0,0,0.17041015625,0,1,0.9716796875,1,1,0.7989781862990227,-1,1
test00345_chunk_204,test00345,"On July 31, 2014, Park made her debut as solo artist under the pseudonym HA:TFELT (an amalgamation of the words ""hot"" and ""heartfelt;"" the British pronunciation of “heartfelt"") with debut mini album ""Me?"".",partially_supported,0,0,0.0128173828125,0,0,0.0390625,0,0,0.4741806364622634,-1,0
test00345_chunk_205,test00345,"On July 31, 2014, Park made her debut as solo artist under the pseudonym HA:TFELT (an amalgamation of the words ""hot"" and ""heartfelt;"" the British pronunciation of “heartfelt"") with debut mini album ""Me?"".",partially_supported,0,0,0.0032024383544921,0,0,0.0015144348144531,0,0,0.4334453776521991,-1,0
test00345_chunk_206,test00345,"On July 31, 2014, Park made her debut as solo artist under the pseudonym HA:TFELT (an amalgamation of the words ""hot"" and ""heartfelt;"" the British pronunciation of “heartfelt"") with debut mini album ""Me?"".",partially_supported,0,0,0.0036182403564453,0,0,0.0008707046508789,0,0,0.4560303562475908,-1,0
test03017_chunk_207,test03017,The song was teased after Martin Shkreli was able to acquire the project in 2016 and the song was played on livestream.,partially_supported,0,0,0.18798828125,0,0,0.08087158203125,1,0,0.3840523269125575,-1,0
test03017_chunk_208,test03017,The song was teased after Martin Shkreli was able to acquire the project in 2016 and the song was played on livestream.,partially_supported,0,0,0.0261688232421875,0,0,0.032196044921875,0,0,0.4192838073431815,-1,0
test03017_chunk_209,test03017,The song was teased after Martin Shkreli was able to acquire the project in 2016 and the song was played on livestream.,partially_supported,0,0,0.2120361328125,0,0,0.1826171875,0,0,0.388960516712757,-1,0
test00287_chunk_210,test00287,This was the second FA Cup final to feature both sides; the first was won by Arsenal in 2002.,partially_supported,0,0,0.0083236694335937,0,0,0.014495849609375,0,0,0.2973815752442378,-1,0
test00287_chunk_211,test00287,This was the second FA Cup final to feature both sides; the first was won by Arsenal in 2002.,partially_supported,0,0,0.00396728515625,0,0,0.0037136077880859,0,0,0.2828656513317608,-1,0
test00287_chunk_212,test00287,This was the second FA Cup final to feature both sides; the first was won by Arsenal in 2002.,partially_supported,0,0,0.0028896331787109,0,0,0.0064010620117187,0,0,0.2811322250480807,-1,0
test03084_chunk_213,test03084,"On 13 June 2013, US government officials said the administration, after days of high-level meetings, had approved providing lethal arms to the Supreme Military Council (SMC).",partially_supported,0,1,0.8154296875,1,1,0.857421875,1,1,0.7464702608047153,-1,1
test03084_chunk_214,test03084,"On 13 June 2013, US government officials said the administration, after days of high-level meetings, had approved providing lethal arms to the Supreme Military Council (SMC).",partially_supported,0,0,0.0116729736328125,0,0,0.014190673828125,0,0,0.2981506160904535,-1,0
test03084_chunk_215,test03084,"On 13 June 2013, US government officials said the administration, after days of high-level meetings, had approved providing lethal arms to the Supreme Military Council (SMC).",partially_supported,0,0,0.0203094482421875,0,0,0.01123046875,0,0,0.3195299080154893,-1,0
test00901_chunk_216,test00901,"In a January 2013 interview at NAMM, which took place at the Anaheim Convention Center in Anaheim, California, Butler stated that ""13"" was not the final title of the album and it would possibly be changed; however, this turned out not to be the case.",partially_supported,0,1,0.9765625,1,1,0.95556640625,1,1,0.794029821271553,-1,1
test00901_chunk_217,test00901,"In a January 2013 interview at NAMM, which took place at the Anaheim Convention Center in Anaheim, California, Butler stated that ""13"" was not the final title of the album and it would possibly be changed; however, this turned out not to be the case.",partially_supported,0,1,0.8662109375,1,1,0.80029296875,1,1,0.7272817627054827,-1,1
test00901_chunk_218,test00901,"In a January 2013 interview at NAMM, which took place at the Anaheim Convention Center in Anaheim, California, Butler stated that ""13"" was not the final title of the album and it would possibly be changed; however, this turned out not to be the case.",partially_supported,0,1,0.86962890625,1,1,0.90087890625,1,1,0.772067907960448,-1,1
test03137_chunk_219,test03137,"Gyllenhaal debuted on Broadway in 2014 in Payne's ""Constellations"" at the Samuel J. Friedman Theatre opposite Ruth Wilson, also in her Broadway debut.",partially_supported,0,1,0.393310546875,1,1,0.419677734375,1,1,0.5610731144883144,-1,1
test03137_chunk_220,test03137,"Gyllenhaal debuted on Broadway in 2014 in Payne's ""Constellations"" at the Samuel J. Friedman Theatre opposite Ruth Wilson, also in her Broadway debut.",partially_supported,0,0,0.12353515625,0,0,0.0117950439453125,0,0,0.4449230530697235,-1,0
test03137_chunk_221,test03137,"Gyllenhaal debuted on Broadway in 2014 in Payne's ""Constellations"" at the Samuel J. Friedman Theatre opposite Ruth Wilson, also in her Broadway debut.",partially_supported,0,0,0.08856201171875,0,0,0.0120391845703125,0,0,0.435090476087392,-1,0
test02292_chunk_222,test02292,Singleton graduated with a B.S. in Finance from Fairfield University Dolan School of Business in 1993 and an MBA from Thunderbird School of Global Management in 1999.,partially_supported,0,0,0.0006542205810546,0,0,0.0003135204315185,0,0,0.2867960668193583,-1,0
test02292_chunk_223,test02292,Singleton graduated with a B.S. in Finance from Fairfield University Dolan School of Business in 1993 and an MBA from Thunderbird School of Global Management in 1999.,partially_supported,0,0,0.0019569396972656,0,0,0.0006265640258789,0,0,0.2852644424981211,-1,0
test02292_chunk_224,test02292,Singleton graduated with a B.S. in Finance from Fairfield University Dolan School of Business in 1993 and an MBA from Thunderbird School of Global Management in 1999.,partially_supported,0,0,0.0012216567993164,0,0,0.0020751953125,0,0,0.2861822190381385,-1,0
test01760_chunk_225,test01760,"Markos Papadatos, writing for Digital Journal, stated that the song proves that Jared Leto is one of the finest vocalists and songwriters in the modern rock genre of music.",partially_supported,0,1,0.93408203125,1,1,0.97314453125,1,1,0.799683126157522,-1,1
test01760_chunk_226,test01760,"Markos Papadatos, writing for Digital Journal, stated that the song proves that Jared Leto is one of the finest vocalists and songwriters in the modern rock genre of music.",partially_supported,0,1,0.79638671875,1,1,0.8916015625,1,1,0.7653441150544404,-1,1
test01760_chunk_227,test01760,"Markos Papadatos, writing for Digital Journal, stated that the song proves that Jared Leto is one of the finest vocalists and songwriters in the modern rock genre of music.",partially_supported,0,1,0.44873046875,1,1,0.94189453125,1,1,0.779746073689649,-1,1
test01493_chunk_228,test01493,"However, historian William W. Freehling calls him ""the most dominant figure in the evolution of the Northwest territories into the Upper Midwest today"".",partially_supported,0,0,0.10174560546875,0,1,0.266357421875,0,0,0.4313954827947337,-1,0
test01493_chunk_229,test01493,"However, historian William W. Freehling calls him ""the most dominant figure in the evolution of the Northwest territories into the Upper Midwest today"".",partially_supported,0,0,0.2052001953125,0,1,0.419677734375,0,1,0.5259057514914125,-1,1
test01493_chunk_230,test01493,"However, historian William W. Freehling calls him ""the most dominant figure in the evolution of the Northwest territories into the Upper Midwest today"".",partially_supported,0,0,0.344482421875,1,1,0.60986328125,1,1,0.6290018494054519,-1,1
test00937_chunk_231,test00937,"Current and archived issues of the magazine are available on the magazine's website, and the organisation also distributes news and alerts to subscribers by email.",not_supported,0,0,0.14697265625,0,1,0.46728515625,0,1,0.5299543029016147,-1,1
test00937_chunk_232,test00937,"Current and archived issues of the magazine are available on the magazine's website, and the organisation also distributes news and alerts to subscribers by email.",not_supported,0,0,0.0011844635009765,0,1,0.368896484375,0,0,0.4698400450913793,-1,0
test00937_chunk_233,test00937,"Current and archived issues of the magazine are available on the magazine's website, and the organisation also distributes news and alerts to subscribers by email.",not_supported,0,0,0.047149658203125,0,1,0.26171875,0,0,0.4169880570594488,-1,0
test00874_chunk_234,test00874,"Including its nominations at the Creative Arts Awards, ""Game of Thrones"" established a new record for most Emmy nominations received in the same year by any comedy or drama series with 32, breaking the 25 years long record previously held by ""NYPD Blue"", which had scored 26 nominations for its first season in 1994.",partially_supported,0,1,0.42431640625,1,1,0.384765625,0,0,0.4854072542307647,-1,0
test00874_chunk_235,test00874,"Including its nominations at the Creative Arts Awards, ""Game of Thrones"" established a new record for most Emmy nominations received in the same year by any comedy or drama series with 32, breaking the 25 years long record previously held by ""NYPD Blue"", which had scored 26 nominations for its first season in 1994.",partially_supported,0,1,0.66748046875,1,1,0.6416015625,1,1,0.661650730856249,-1,1
test00874_chunk_236,test00874,"Including its nominations at the Creative Arts Awards, ""Game of Thrones"" established a new record for most Emmy nominations received in the same year by any comedy or drama series with 32, breaking the 25 years long record previously held by ""NYPD Blue"", which had scored 26 nominations for its first season in 1994.",partially_supported,0,1,0.861328125,1,1,0.90478515625,1,1,0.7677972129195987,-1,1
test01697_chunk_237,test01697,"She was an important player in their business affairs, and they also had several children together.",supported,1,1,0.46142578125,1,1,0.28271484375,1,0,0.4381768193121968,-1,0
test01697_chunk_238,test01697,"She was an important player in their business affairs, and they also had several children together.",supported,1,1,0.81787109375,1,1,0.59130859375,1,1,0.6052863142768811,-1,1
test01697_chunk_239,test01697,"She was an important player in their business affairs, and they also had several children together.",supported,1,1,0.3984375,1,1,0.51708984375,0,1,0.5755785775961082,-1,1
test02236_chunk_240,test02236,"In July 2019, Steven Taylor, Jasdeep Singh and Timil Patel withdrew from the tournament, after signing central contracts with USA Cricket.",partially_supported,0,0,0.07501220703125,0,0,0.091064453125,0,0,0.3544915669757835,-1,0
test02236_chunk_241,test02236,"In July 2019, Steven Taylor, Jasdeep Singh and Timil Patel withdrew from the tournament, after signing central contracts with USA Cricket.",partially_supported,0,0,0.0109786987304687,0,0,0.0018024444580078,0,0,0.2765784125859871,0,0
test02236_chunk_242,test02236,"In July 2019, Steven Taylor, Jasdeep Singh and Timil Patel withdrew from the tournament, after signing central contracts with USA Cricket.",partially_supported,0,1,0.5078125,1,1,0.501953125,1,1,0.6331332068518132,-1,1
test02679_chunk_243,test02679,"The figure was a count of everyone who had completed the program, including people whose ""drug"" exposure was infrequent use of alcoholic drinks or prescription drugs.",supported,1,0,0.051849365234375,0,0,0.1263427734375,0,1,0.5123465452228064,-1,0
test02679_chunk_244,test02679,"The figure was a count of everyone who had completed the program, including people whose ""drug"" exposure was infrequent use of alcoholic drinks or prescription drugs.",supported,1,0,0.2059326171875,1,1,0.54296875,1,1,0.6612199984638705,-1,1
test02679_chunk_245,test02679,"The figure was a count of everyone who had completed the program, including people whose ""drug"" exposure was infrequent use of alcoholic drinks or prescription drugs.",supported,1,0,0.155517578125,0,1,0.525390625,1,1,0.6541801046771427,-1,1
test03001_chunk_246,test03001,He was arrested a second time as a result of a payment plan dispute concerning a borrowed tire.,partially_supported,0,0,0.0011215209960937,0,0,0.0013618469238281,0,0,0.2867484988950771,-1,0
test03001_chunk_247,test03001,He was arrested a second time as a result of a payment plan dispute concerning a borrowed tire.,partially_supported,0,0,0.0029792785644531,0,0,0.0017127990722656,0,0,0.2739984870355547,0,0
test03001_chunk_248,test03001,He was arrested a second time as a result of a payment plan dispute concerning a borrowed tire.,partially_supported,0,0,0.0071334838867187,0,0,0.001565933227539,0,0,0.2865341124940794,-1,0
test03718_chunk_249,test03718,"Tyler, a former Democrat, was expelled from the Whig Party after vetoing bills passed by the Whig congressional majority to reestablish a national bank and raise tariffs.",partially_supported,0,0,0.0051002502441406,0,0,0.0064544677734375,0,0,0.2944734132531766,-1,0
test03718_chunk_250,test03718,"Tyler, a former Democrat, was expelled from the Whig Party after vetoing bills passed by the Whig congressional majority to reestablish a national bank and raise tariffs.",partially_supported,0,0,0.0061836242675781,0,0,0.0247802734375,0,0,0.3014879597317728,-1,0
test03718_chunk_251,test03718,"Tyler, a former Democrat, was expelled from the Whig Party after vetoing bills passed by the Whig congressional majority to reestablish a national bank and raise tariffs.",partially_supported,0,0,0.03436279296875,0,0,0.144775390625,0,0,0.4674666504295235,-1,0
test01035_chunk_252,test01035,"Setting out shortly after Christmas, he met with abbot Hugh of Cluny at Besançon, where he was joined by the young monk Hildebrand, who afterwards became Pope Gregory VII; arriving in pilgrim garb at Rome in the following February, he was received with much cordiality, and at his consecration assumed the name Leo IX.",partially_supported,0,0,0.282958984375,1,1,0.293212890625,0,0,0.4304253517510535,-1,0
test01035_chunk_253,test01035,"Setting out shortly after Christmas, he met with abbot Hugh of Cluny at Besançon, where he was joined by the young monk Hildebrand, who afterwards became Pope Gregory VII; arriving in pilgrim garb at Rome in the following February, he was received with much cordiality, and at his consecration assumed the name Leo IX.",partially_supported,0,1,0.92822265625,1,1,0.9365234375,1,1,0.777050734162879,-1,1
test01035_chunk_254,test01035,"Setting out shortly after Christmas, he met with abbot Hugh of Cluny at Besançon, where he was joined by the young monk Hildebrand, who afterwards became Pope Gregory VII; arriving in pilgrim garb at Rome in the following February, he was received with much cordiality, and at his consecration assumed the name Leo IX.",partially_supported,0,0,0.0080490112304687,0,1,0.4921875,0,1,0.5564691391346802,-1,1
test02238_chunk_255,test02238,The dissent continued throughout the year with protesters participating in anti-police chants such as “How many kids did you kill today?”.,partially_supported,0,0,0.0297393798828125,0,0,0.0130996704101562,0,0,0.2700063357589709,0,0
test02238_chunk_256,test02238,The dissent continued throughout the year with protesters participating in anti-police chants such as “How many kids did you kill today?”.,partially_supported,0,0,0.0094985961914062,0,0,0.009490966796875,0,0,0.2588351320585954,0,0
test02238_chunk_257,test02238,The dissent continued throughout the year with protesters participating in anti-police chants such as “How many kids did you kill today?”.,partially_supported,0,0,0.04278564453125,0,0,0.11224365234375,0,0,0.3388752794839622,-1,0
test02553_chunk_258,test02553,"Madhavan later wrote and starred in a Hindi version, ""Ramji Londonwaley"", which released in September 2005.",not_supported,0,0,0.0197296142578125,0,0,0.1309814453125,0,0,0.3442615647733939,-1,0
test02553_chunk_259,test02553,"Madhavan later wrote and starred in a Hindi version, ""Ramji Londonwaley"", which released in September 2005.",not_supported,0,0,0.009613037109375,0,0,0.0015182495117187,0,0,0.2875765135138257,-1,0
test02553_chunk_260,test02553,"Madhavan later wrote and starred in a Hindi version, ""Ramji Londonwaley"", which released in September 2005.",not_supported,0,0,0.00457763671875,0,0,0.0033206939697265,0,0,0.2735286474625456,0,0
test02877_chunk_261,test02877,In 1987-89 she worked in Hong Kong and Macau amongst the addict community.,partially_supported,0,0,0.0146026611328125,0,0,0.0130538940429687,0,0,0.2902134317868583,-1,0
test02877_chunk_262,test02877,In 1987-89 she worked in Hong Kong and Macau amongst the addict community.,partially_supported,0,0,0.0084991455078125,0,0,0.001204490661621,0,0,0.2797355426759519,0,0
test02877_chunk_263,test02877,In 1987-89 she worked in Hong Kong and Macau amongst the addict community.,partially_supported,0,0,0.014678955078125,0,0,0.0013837814331054,0,0,0.2811548477035916,-1,0
test01426_chunk_264,test01426,"Active citizenship was granted to men who were French, at least 25 years old, paid taxes equal to three days work, and could not be defined as servants (Thouret).",supported,1,0,0.137451171875,0,0,0.2144775390625,0,0,0.4539536142361809,-1,0
test01426_chunk_265,test01426,"Active citizenship was granted to men who were French, at least 25 years old, paid taxes equal to three days work, and could not be defined as servants (Thouret).",supported,1,0,0.1275634765625,0,0,0.1380615234375,0,0,0.4273906502576553,-1,0
test01426_chunk_266,test01426,"Active citizenship was granted to men who were French, at least 25 years old, paid taxes equal to three days work, and could not be defined as servants (Thouret).",supported,1,0,0.02294921875,0,0,0.08642578125,0,0,0.4444888002948953,-1,0
test03777_chunk_267,test03777,"On 1 September 2009, Gmail suffered another outage for several hours.",partially_supported,0,0,0.27294921875,0,0,0.03765869140625,0,0,0.3007370243009858,-1,0
test03777_chunk_268,test03777,"On 1 September 2009, Gmail suffered another outage for several hours.",partially_supported,0,1,0.8818359375,1,1,0.44873046875,1,1,0.5461029176976463,-1,1
test03777_chunk_269,test03777,"On 1 September 2009, Gmail suffered another outage for several hours.",partially_supported,0,1,0.4921875,1,0,0.0701904296875,1,0,0.3252153771748199,-1,0
test04002_chunk_270,test04002,"He also co-sponsored the Nevada Pregnant Workers' Fairness Act to provide protections to female employees and applicants for employment from discriminatory or unlawful employment practices based on pregnancy, childbirth, or any related medical conditions.",partially_supported,0,1,0.64697265625,1,1,0.7607421875,1,1,0.7057974864064508,-1,1
test04002_chunk_271,test04002,"He also co-sponsored the Nevada Pregnant Workers' Fairness Act to provide protections to female employees and applicants for employment from discriminatory or unlawful employment practices based on pregnancy, childbirth, or any related medical conditions.",partially_supported,0,1,0.541015625,1,1,0.58740234375,1,1,0.6132001621852898,-1,1
test04002_chunk_272,test04002,"He also co-sponsored the Nevada Pregnant Workers' Fairness Act to provide protections to female employees and applicants for employment from discriminatory or unlawful employment practices based on pregnancy, childbirth, or any related medical conditions.",partially_supported,0,1,0.435546875,1,1,0.455078125,1,1,0.5557819325275722,-1,1
test01979_chunk_273,test01979,Hilton died in 2019 at the age of 75; he had dementia in his later years.,supported,1,0,0.03802490234375,0,0,0.0039787292480468,0,0,0.4254902628200803,-1,0
test01979_chunk_274,test01979,Hilton died in 2019 at the age of 75; he had dementia in his later years.,supported,1,0,0.031829833984375,0,0,0.0031623840332031,0,0,0.4625738804856048,-1,0
test01979_chunk_275,test01979,Hilton died in 2019 at the age of 75; he had dementia in his later years.,supported,1,0,0.0080795288085937,0,0,0.003448486328125,0,0,0.4635592012794515,-1,0
test00017_chunk_276,test00017,"Ben Kuchera of ""Ars Technica"" enjoyed the improvements of the ""Halo"" maps in ""Anniversary""'s multiplayer mode, but criticized the inability to play said mode via four-person local split screen as in the original game.",supported,1,1,0.98876953125,1,1,0.970703125,1,1,0.7894005082556814,-1,1
test00017_chunk_277,test00017,"Ben Kuchera of ""Ars Technica"" enjoyed the improvements of the ""Halo"" maps in ""Anniversary""'s multiplayer mode, but criticized the inability to play said mode via four-person local split screen as in the original game.",supported,1,0,0.0017757415771484,0,1,0.450927734375,0,1,0.5398452135753791,-1,1
test00017_chunk_278,test00017,"Ben Kuchera of ""Ars Technica"" enjoyed the improvements of the ""Halo"" maps in ""Anniversary""'s multiplayer mode, but criticized the inability to play said mode via four-person local split screen as in the original game.",supported,1,1,0.90966796875,1,1,0.97314453125,1,1,0.7942715528671013,-1,1
test03225_chunk_279,test03225,This resulted in later ill-feeling from the scientific community towards Lawrence and other members of his laboratory.,supported,1,1,0.96728515625,1,1,0.970703125,1,1,0.7885820325297607,-1,1
test03225_chunk_280,test03225,This resulted in later ill-feeling from the scientific community towards Lawrence and other members of his laboratory.,supported,1,1,0.912109375,1,1,0.91259765625,1,1,0.7644419738490322,-1,1
test03225_chunk_281,test03225,This resulted in later ill-feeling from the scientific community towards Lawrence and other members of his laboratory.,supported,1,1,0.98046875,1,1,0.9873046875,1,1,0.7946559723244747,-1,1
test01957_chunk_282,test01957,He was appointed as the Minister for Housing and Works for the second time.,partially_supported,0,0,0.001051902770996,0,0,0.0016422271728515,0,0,0.4147903354760687,-1,0
test01957_chunk_283,test01957,He was appointed as the Minister for Housing and Works for the second time.,partially_supported,0,0,0.0005059242248535,0,0,0.0003809928894042,0,0,0.4574483966524922,-1,0
test01957_chunk_284,test01957,He was appointed as the Minister for Housing and Works for the second time.,partially_supported,0,0,0.0010690689086914,0,0,0.0008978843688964,0,0,0.4210277959598411,-1,0
test02661_chunk_285,test02661,"Rowney made his NHL debut on January 31, 2017, in Pittsburgh's game against the Nashville Predators.",supported,1,0,0.0163116455078125,0,0,0.0054283142089843,1,0,0.4646931012725229,-1,0
test02661_chunk_286,test02661,"Rowney made his NHL debut on January 31, 2017, in Pittsburgh's game against the Nashville Predators.",supported,1,0,0.009124755859375,0,0,0.0069084167480468,0,0,0.4176453328170675,-1,0
test02661_chunk_287,test02661,"Rowney made his NHL debut on January 31, 2017, in Pittsburgh's game against the Nashville Predators.",supported,1,0,0.035736083984375,0,0,0.0030097961425781,0,0,0.4640424617553546,-1,0
test04349_chunk_288,test04349,"The mission was led by the friars Juan de Salas and Juan de Ortega, with Ortega remaining for six months.",supported,1,0,0.0308837890625,0,1,0.390625,0,1,0.570624903083847,-1,1
test04349_chunk_289,test04349,"The mission was led by the friars Juan de Salas and Juan de Ortega, with Ortega remaining for six months.",supported,1,0,0.1629638671875,0,1,0.6416015625,0,1,0.6825404985569782,-1,1
test04349_chunk_290,test04349,"The mission was led by the friars Juan de Salas and Juan de Ortega, with Ortega remaining for six months.",supported,1,0,0.029876708984375,0,1,0.86474609375,0,1,0.7565062838382048,-1,1
test03394_chunk_291,test03394,"Jackson began suffering from severe depression and anxiety, leading her to chronicle the experience in her sixth album, ""The Velvet Rope,"" released October 1997.",partially_supported,0,0,0.018646240234375,0,0,0.044097900390625,0,0,0.3083757494227312,-1,0
test03394_chunk_292,test03394,"Jackson began suffering from severe depression and anxiety, leading her to chronicle the experience in her sixth album, ""The Velvet Rope,"" released October 1997.",partially_supported,0,0,0.031341552734375,0,0,0.046539306640625,0,0,0.309247525601627,-1,0
test03394_chunk_293,test03394,"Jackson began suffering from severe depression and anxiety, leading her to chronicle the experience in her sixth album, ""The Velvet Rope,"" released October 1997.",partially_supported,0,0,0.09979248046875,0,1,0.356689453125,0,0,0.4811591088799853,-1,0
test03788_chunk_294,test03788,"The following day, prior to the start of the ALPB season, his contract was purchased by the Seattle Mariners.",partially_supported,0,1,0.9755859375,1,1,0.990234375,1,1,0.7784107148363673,-1,1
test03788_chunk_295,test03788,"The following day, prior to the start of the ALPB season, his contract was purchased by the Seattle Mariners.",partially_supported,0,1,0.98046875,1,1,0.99365234375,1,1,0.790280307658755,-1,1
test03788_chunk_296,test03788,"The following day, prior to the start of the ALPB season, his contract was purchased by the Seattle Mariners.",partially_supported,0,1,0.99462890625,1,1,0.9951171875,1,1,0.7816368787838429,-1,1
test02547_chunk_297,test02547,"He later became the first commander of a Field Training Detachment (FTD 523) back at Nellis AFB, which was a similar kind of unit, except that the students traveled to him.",partially_supported,0,0,0.0076141357421875,0,0,0.0063133239746093,0,0,0.2789370479352909,0,0
test02547_chunk_298,test02547,"He later became the first commander of a Field Training Detachment (FTD 523) back at Nellis AFB, which was a similar kind of unit, except that the students traveled to him.",partially_supported,0,0,0.0052375793457031,0,0,0.0045166015625,0,0,0.2614945744488414,0,0
test02547_chunk_299,test02547,"He later became the first commander of a Field Training Detachment (FTD 523) back at Nellis AFB, which was a similar kind of unit, except that the students traveled to him.",partially_supported,0,0,0.0012483596801757,0,0,0.001469612121582,0,0,0.2832452032082829,-1,0
test04279_chunk_300,test04279,"In May 2010, accounts were released showing the holding company of the club to be £350m in debt (due to leveraged takeover) with losses of £55m, causing auditor KPMG to qualify its audit opinion.",partially_supported,0,0,0.021942138671875,0,0,0.0090103149414062,0,0,0.2821221561327593,-1,0
test04279_chunk_301,test04279,"In May 2010, accounts were released showing the holding company of the club to be £350m in debt (due to leveraged takeover) with losses of £55m, causing auditor KPMG to qualify its audit opinion.",partially_supported,0,0,0.0016412734985351,0,0,0.0034008026123046,0,0,0.2866524593096338,-1,0
test04279_chunk_302,test04279,"In May 2010, accounts were released showing the holding company of the club to be £350m in debt (due to leveraged takeover) with losses of £55m, causing auditor KPMG to qualify its audit opinion.",partially_supported,0,0,0.0041275024414062,0,0,0.0044174194335937,0,0,0.2820930191281729,-1,0
test03432_chunk_303,test03432,"By 2016, as sanctions against Iran were being lifted after the nuclear deal, Indian investment plans had risen to USD 500 million.",partially_supported,0,1,0.8466796875,1,1,0.57373046875,1,1,0.6154134635588432,-1,1
test03432_chunk_304,test03432,"By 2016, as sanctions against Iran were being lifted after the nuclear deal, Indian investment plans had risen to USD 500 million.",partially_supported,0,1,0.363525390625,1,1,0.78515625,0,1,0.7286393452213331,-1,1
test03432_chunk_305,test03432,"By 2016, as sanctions against Iran were being lifted after the nuclear deal, Indian investment plans had risen to USD 500 million.",partially_supported,0,0,0.1082763671875,0,1,0.6982421875,0,1,0.6827976007409146,-1,1
test02196_chunk_306,test02196,The village was left largely untouched by Russian influences.,not_supported,0,0,0.0004515647888183,0,0,0.0001534223556518,0,0,0.2867826315696239,-1,0
test02196_chunk_307,test02196,The village was left largely untouched by Russian influences.,not_supported,0,0,0.0002425909042358,0,0,0.0003364086151123,0,0,0.2874425648977536,-1,0
test02196_chunk_308,test02196,The village was left largely untouched by Russian influences.,not_supported,0,0,0.000394582748413,0,0,0.0002188682556152,0,0,0.2873761747327268,-1,0
test02213_chunk_309,test02213,It was also confirmed that the website would have “two permanent paid part time student journalists” appointed for yearly terms and that the new website would be integrated into the current University of Sydney Union website.,partially_supported,0,0,0.03363037109375,0,0,0.0059890747070312,0,0,0.4436119105873201,-1,0
test02213_chunk_310,test02213,It was also confirmed that the website would have “two permanent paid part time student journalists” appointed for yearly terms and that the new website would be integrated into the current University of Sydney Union website.,partially_supported,0,0,0.204345703125,1,1,0.276123046875,0,1,0.5340196623439669,-1,1
test02213_chunk_311,test02213,It was also confirmed that the website would have “two permanent paid part time student journalists” appointed for yearly terms and that the new website would be integrated into the current University of Sydney Union website.,partially_supported,0,0,0.0182952880859375,0,0,0.036529541015625,0,0,0.4303353096107493,-1,0
test00231_chunk_312,test00231,"In only 5 games, Watt finished with 11 tackles and 2 passes defended.",not_supported,0,1,0.64208984375,1,1,0.76220703125,1,1,0.7050021724417748,-1,1
test00231_chunk_313,test00231,"In only 5 games, Watt finished with 11 tackles and 2 passes defended.",not_supported,0,0,0.01776123046875,0,0,0.05914306640625,0,0,0.3222201946687942,-1,0
test00231_chunk_314,test00231,"In only 5 games, Watt finished with 11 tackles and 2 passes defended.",not_supported,0,0,0.035064697265625,0,0,0.0117721557617187,0,0,0.2872680964624128,-1,0
test01572_chunk_315,test01572,Trump afterwards gave him the pen.,supported,1,0,0.12744140625,0,0,0.0472412109375,0,0,0.4352623608745827,-1,0
test01572_chunk_316,test01572,Trump afterwards gave him the pen.,supported,1,0,0.0038948059082031,0,0,0.02593994140625,0,0,0.4359329255519055,-1,0
test01572_chunk_317,test01572,Trump afterwards gave him the pen.,supported,1,0,0.0467529296875,0,0,0.0428466796875,0,0,0.4617188239715816,-1,0
test03215_chunk_318,test03215,"According to Duraid Hikmat, an expert on minority relationships and resident of Mosul, the Christians were fearful to attend.",supported,1,1,0.9873046875,1,1,0.94921875,1,1,0.7863016032617116,-1,1
test03215_chunk_319,test03215,"According to Duraid Hikmat, an expert on minority relationships and resident of Mosul, the Christians were fearful to attend.",supported,1,1,0.64208984375,1,1,0.63818359375,1,1,0.6451156443506374,-1,1
test03215_chunk_320,test03215,"According to Duraid Hikmat, an expert on minority relationships and resident of Mosul, the Christians were fearful to attend.",supported,1,1,0.81689453125,1,1,0.89794921875,1,1,0.7678701631302272,-1,1
test01297_chunk_321,test01297,"However, it was important that Serena was blonde and Blair was brunette, so Meester dyed her hair brown for the role.",supported,1,0,0.07696533203125,0,0,0.0198822021484375,0,0,0.3760557188336456,-1,0
test01297_chunk_322,test01297,"However, it was important that Serena was blonde and Blair was brunette, so Meester dyed her hair brown for the role.",supported,1,0,0.138916015625,0,0,0.1400146484375,0,0,0.3722919103769858,-1,0
test01297_chunk_323,test01297,"However, it was important that Serena was blonde and Blair was brunette, so Meester dyed her hair brown for the role.",supported,1,0,0.028961181640625,0,0,0.017242431640625,0,0,0.2949660519741404,-1,0
test04524_chunk_324,test04524,"On 15 January 2019, Martin O'Neill was appointed as the new manager and Ireland therefore continued as a member of the staff.",supported,1,0,0.0275726318359375,0,1,0.4326171875,0,1,0.5758087158178172,-1,1
test04524_chunk_325,test04524,"On 15 January 2019, Martin O'Neill was appointed as the new manager and Ireland therefore continued as a member of the staff.",supported,1,0,0.08563232421875,0,0,0.08074951171875,0,0,0.4562099999923621,-1,0
test04524_chunk_326,test04524,"On 15 January 2019, Martin O'Neill was appointed as the new manager and Ireland therefore continued as a member of the staff.",supported,1,0,0.08746337890625,0,0,0.060577392578125,0,0,0.4409231394435081,-1,0
test03052_chunk_327,test03052,Filming began in early February 2018 and later that month Priya Anand was signed to play the female lead opposite Ganesh.,partially_supported,0,1,0.76611328125,1,0,0.18359375,1,0,0.4885290884548789,-1,1
test03052_chunk_328,test03052,Filming began in early February 2018 and later that month Priya Anand was signed to play the female lead opposite Ganesh.,partially_supported,0,1,0.73388671875,1,1,0.55224609375,1,1,0.6289286003566136,-1,1
test03052_chunk_329,test03052,Filming began in early February 2018 and later that month Priya Anand was signed to play the female lead opposite Ganesh.,partially_supported,0,1,0.74951171875,1,1,0.345947265625,1,1,0.5506151964822108,-1,1
test01608_chunk_330,test01608,"Amnesty International has confirmed that the RPF committed war crimes and crimes against humanity, but the crimes have largely escaped international notice.",partially_supported,0,0,0.0218963623046875,0,0,0.0021705627441406,0,0,0.2879261563003509,-1,0
test01608_chunk_331,test01608,"Amnesty International has confirmed that the RPF committed war crimes and crimes against humanity, but the crimes have largely escaped international notice.",partially_supported,0,0,0.0015020370483398,0,0,0.0006465911865234,0,0,0.2798102842656275,0,0
test01608_chunk_332,test01608,"Amnesty International has confirmed that the RPF committed war crimes and crimes against humanity, but the crimes have largely escaped international notice.",partially_supported,0,0,0.0208892822265625,0,0,0.0082550048828125,0,0,0.2893939956460774,-1,0
test02149_chunk_333,test02149,"Upon announcing his retirement, Brodeur was hired by the Blues as a special assistant to general manager Doug Armstrong.",supported,1,1,0.6865234375,1,0,0.143310546875,1,0,0.4011992678146643,-1,0
test02149_chunk_334,test02149,"Upon announcing his retirement, Brodeur was hired by the Blues as a special assistant to general manager Doug Armstrong.",supported,1,1,0.44921875,1,1,0.402099609375,1,1,0.5795638943855519,-1,1
test02149_chunk_335,test02149,"Upon announcing his retirement, Brodeur was hired by the Blues as a special assistant to general manager Doug Armstrong.",supported,1,0,0.280029296875,1,0,0.1357421875,1,0,0.4477283427850155,-1,0
test00228_chunk_336,test00228,He is best known for his work in Talakjung vs Tulke and Pashupati Prasad.,partially_supported,0,0,0.29248046875,0,0,0.0293121337890625,1,0,0.3684858436581961,-1,0
test00228_chunk_337,test00228,He is best known for his work in Talakjung vs Tulke and Pashupati Prasad.,partially_supported,0,1,0.70068359375,1,1,0.372802734375,1,1,0.5228286711899574,-1,1
test00228_chunk_338,test00228,He is best known for his work in Talakjung vs Tulke and Pashupati Prasad.,partially_supported,0,0,0.245849609375,0,0,0.0352783203125,0,0,0.3696087007583222,-1,0
test01606_chunk_339,test01606,The Bill was signed into law by Governor Sandoval in May 2017.,not_supported,0,0,0.0079345703125,0,0,0.0178680419921875,0,0,0.4136732964839559,-1,0
test01606_chunk_340,test01606,The Bill was signed into law by Governor Sandoval in May 2017.,not_supported,0,0,0.0011730194091796,0,0,0.0014581680297851,0,0,0.3032814565184313,-1,0
test01606_chunk_341,test01606,The Bill was signed into law by Governor Sandoval in May 2017.,not_supported,0,0,0.017181396484375,0,0,0.010986328125,0,0,0.384174340891126,-1,0
test01983_chunk_342,test01983,"On June 26, 2018, parent company E. W. Scripps announced that it would sell KXBL - along with its sister stations, KBEZ, KFAQ, KHTT, and KVOO to Griffin Communications.",partially_supported,0,0,0.0002648830413818,0,0,0.0003700256347656,0,0,0.4150125934999246,-1,0
test01983_chunk_343,test01983,"On June 26, 2018, parent company E. W. Scripps announced that it would sell KXBL - along with its sister stations, KBEZ, KFAQ, KHTT, and KVOO to Griffin Communications.",partially_supported,0,0,0.0038623809814453,0,0,0.0013408660888671,0,0,0.4601364264183467,-1,0
test01983_chunk_344,test01983,"On June 26, 2018, parent company E. W. Scripps announced that it would sell KXBL - along with its sister stations, KBEZ, KFAQ, KHTT, and KVOO to Griffin Communications.",partially_supported,0,0,0.0004198551177978,0,0,0.0002849102020263,0,0,0.4171328726056045,-1,0
test03014_chunk_345,test03014,released on CD in 2005.,not_supported,0,0,0.0022563934326171,0,0,0.0145797729492187,0,0,0.2821100269997428,-1,0
test03014_chunk_346,test03014,released on CD in 2005.,not_supported,0,0,0.028472900390625,0,0,0.0006074905395507,0,0,0.2872320912753258,-1,0
test03014_chunk_347,test03014,released on CD in 2005.,not_supported,0,0,0.2169189453125,0,0,0.0271148681640625,0,0,0.3010291884484739,-1,0
test00652_chunk_348,test00652,"During the Second Boer War, the regiment took part in the Battle of Belmont and the Battle of Modder River in November 1899, as well as the Battle of Magersfontein in December 1899, Relief of Kimberley in winter 1899 and the subsequent Battle of Paardeberg which resulted in Piet Cronjé’s surrender in February 1900.",partially_supported,0,0,0.0289306640625,0,0,0.028717041015625,0,0,0.4486122024095705,-1,0
test00652_chunk_349,test00652,"During the Second Boer War, the regiment took part in the Battle of Belmont and the Battle of Modder River in November 1899, as well as the Battle of Magersfontein in December 1899, Relief of Kimberley in winter 1899 and the subsequent Battle of Paardeberg which resulted in Piet Cronjé’s surrender in February 1900.",partially_supported,0,0,0.0289306640625,0,0,0.028717041015625,0,0,0.4486122024095705,-1,0
test00652_chunk_350,test00652,"During the Second Boer War, the regiment took part in the Battle of Belmont and the Battle of Modder River in November 1899, as well as the Battle of Magersfontein in December 1899, Relief of Kimberley in winter 1899 and the subsequent Battle of Paardeberg which resulted in Piet Cronjé’s surrender in February 1900.",partially_supported,0,0,0.0134811401367187,0,0,0.0107269287109375,0,0,0.456936764107775,-1,0
test02040_chunk_351,test02040,"His famous speech, in which he said, ""I came through and I shall return"", was first made at Terowie railway station  in South Australia, on 20 March, where he changed trains.",partially_supported,0,0,0.000741958618164,0,0,0.016510009765625,0,0,0.2945875924462852,-1,0
test02040_chunk_352,test02040,"His famous speech, in which he said, ""I came through and I shall return"", was first made at Terowie railway station  in South Australia, on 20 March, where he changed trains.",partially_supported,0,0,0.0099868774414062,0,0,0.0099334716796875,0,0,0.2914237811797797,-1,0
test02040_chunk_353,test02040,"His famous speech, in which he said, ""I came through and I shall return"", was first made at Terowie railway station  in South Australia, on 20 March, where he changed trains.",partially_supported,0,0,0.001199722290039,0,0,0.0277099609375,0,0,0.3002063102900301,-1,0
test03321_chunk_354,test03321,"Academically, Gronkowski was in the National Honor Society, citing math as his best subject, and English the worst.",not_supported,0,0,0.0023860931396484,0,0,0.0050811767578125,0,0,0.2912864037952449,-1,0
test03321_chunk_355,test03321,"Academically, Gronkowski was in the National Honor Society, citing math as his best subject, and English the worst.",not_supported,0,0,0.0002627372741699,0,0,0.0002223253250122,0,0,0.2862140941781306,-1,0
test03321_chunk_356,test03321,"Academically, Gronkowski was in the National Honor Society, citing math as his best subject, and English the worst.",not_supported,0,0,0.0019054412841796,0,0,0.000206708908081,0,0,0.2805788095778415,-1,0
test01656_chunk_357,test01656,"An Associated Press investigation outlined that the military coalition in Yemen actively reduced AQAP in Yemen without military intervention, instead by offering them deals and even actively recruiting them in the coalition because ""they are considered as exceptional fighters"".",supported,1,1,0.845703125,1,1,0.89599609375,1,1,0.7622022784787018,-1,1
test01656_chunk_358,test01656,"An Associated Press investigation outlined that the military coalition in Yemen actively reduced AQAP in Yemen without military intervention, instead by offering them deals and even actively recruiting them in the coalition because ""they are considered as exceptional fighters"".",supported,1,1,0.609375,1,1,0.50439453125,1,1,0.593537134409597,-1,1
test01656_chunk_359,test01656,"An Associated Press investigation outlined that the military coalition in Yemen actively reduced AQAP in Yemen without military intervention, instead by offering them deals and even actively recruiting them in the coalition because ""they are considered as exceptional fighters"".",supported,1,0,0.18212890625,0,0,0.18212890625,0,0,0.4014730395166701,-1,0
test04324_chunk_360,test04324,"In addition, there was a foreword by Cahal Moran (co-author of The Econocracy), and an appendix ""The Five Stages of Economic Grief"" on how the economics profession is coming to terms with its role in the great financial crisis, which was excerpted in ""Evonomics"".",not_supported,0,0,0.0003719329833984,0,0,0.0002295970916748,0,0,0.2866443958813436,-1,0
test04324_chunk_361,test04324,"In addition, there was a foreword by Cahal Moran (co-author of The Econocracy), and an appendix ""The Five Stages of Economic Grief"" on how the economics profession is coming to terms with its role in the great financial crisis, which was excerpted in ""Evonomics"".",not_supported,0,0,0.0008387565612792,0,0,0.0005197525024414,0,0,0.2817753464988208,-1,0
test04324_chunk_362,test04324,"In addition, there was a foreword by Cahal Moran (co-author of The Econocracy), and an appendix ""The Five Stages of Economic Grief"" on how the economics profession is coming to terms with its role in the great financial crisis, which was excerpted in ""Evonomics"".",not_supported,0,0,0.0013236999511718,0,0,0.0020389556884765,0,0,0.2782483219305794,0,0
test02896_chunk_363,test02896,"Originally proposed by the Olmsted Brothers, architects involved in the planning for Portland's Lewis and Clark Centennial Exposition of 1905, it has expanded to a projected 140 miles (230 km), encircling the city and connecting parks along the Columbia, Sandy, and Willamette rivers and Johnson Creek.",partially_supported,0,0,0.05731201171875,0,0,0.04681396484375,0,0,0.4418889611577296,-1,0
test02896_chunk_364,test02896,"Originally proposed by the Olmsted Brothers, architects involved in the planning for Portland's Lewis and Clark Centennial Exposition of 1905, it has expanded to a projected 140 miles (230 km), encircling the city and connecting parks along the Columbia, Sandy, and Willamette rivers and Johnson Creek.",partially_supported,0,0,0.059783935546875,0,0,0.047119140625,0,0,0.4152601209158672,-1,0
test02896_chunk_365,test02896,"Originally proposed by the Olmsted Brothers, architects involved in the planning for Portland's Lewis and Clark Centennial Exposition of 1905, it has expanded to a projected 140 miles (230 km), encircling the city and connecting parks along the Columbia, Sandy, and Willamette rivers and Johnson Creek.",partially_supported,0,0,0.021514892578125,0,0,0.0968017578125,0,0,0.4748578172951763,-1,0
test01488_chunk_366,test01488,"Frederick (Fredrak) W. Fraske (March 8, 1872 – June 18, 1973) is believed to have been the last surviving veteran of the Indian Wars.",partially_supported,0,0,0.002450942993164,0,0,0.00408935546875,0,0,0.4215143133447841,-1,0
test01488_chunk_367,test01488,"Frederick (Fredrak) W. Fraske (March 8, 1872 – June 18, 1973) is believed to have been the last surviving veteran of the Indian Wars.",partially_supported,0,0,0.0004034042358398,0,0,0.0006122589111328,0,0,0.4150178907062979,-1,0
test01488_chunk_368,test01488,"Frederick (Fredrak) W. Fraske (March 8, 1872 – June 18, 1973) is believed to have been the last surviving veteran of the Indian Wars.",partially_supported,0,0,0.0089797973632812,0,0,0.0044898986816406,0,0,0.4587917995963648,-1,0
test00374_chunk_369,test00374,"After which he moved back to Tanzania from Germany, and became a member of parliament and held various positions as minister.",partially_supported,0,1,0.42578125,1,1,0.34326171875,1,0,0.4604320628098005,-1,0
test00374_chunk_370,test00374,"After which he moved back to Tanzania from Germany, and became a member of parliament and held various positions as minister.",partially_supported,0,1,0.55419921875,1,0,0.09979248046875,1,0,0.335364467101013,-1,0
test00374_chunk_371,test00374,"After which he moved back to Tanzania from Germany, and became a member of parliament and held various positions as minister.",partially_supported,0,0,0.08087158203125,0,0,0.0292816162109375,0,0,0.2684320552502108,0,0
test02744_chunk_372,test02744,"Elsa D'Silva served as the Vice President, Network Planning at Kingfisher Airlines where she headed the Network Planning & Charters department.",partially_supported,0,0,0.18310546875,0,0,0.16748046875,0,0,0.3739291699318906,-1,0
test02744_chunk_373,test02744,"Elsa D'Silva served as the Vice President, Network Planning at Kingfisher Airlines where she headed the Network Planning & Charters department.",partially_supported,0,0,0.0889892578125,0,0,0.05291748046875,0,0,0.3115386173816942,-1,0
test02744_chunk_374,test02744,"Elsa D'Silva served as the Vice President, Network Planning at Kingfisher Airlines where she headed the Network Planning & Charters department.",partially_supported,0,0,0.1824951171875,0,0,0.031951904296875,0,0,0.3014664691350698,-1,0
test00606_chunk_375,test00606,"In 1861, he was elected an officer in a Georgia military unit but was not allowed to serve because of his youth; in 1863, he went to England to secure ships for blockade running.",partially_supported,0,0,0.0007123947143554,0,0,0.0018186569213867,0,0,0.4489668959902949,-1,0
test00606_chunk_376,test00606,"In 1861, he was elected an officer in a Georgia military unit but was not allowed to serve because of his youth; in 1863, he went to England to secure ships for blockade running.",partially_supported,0,0,0.0034103393554687,0,0,0.0010690689086914,0,0,0.4564776401769779,-1,0
test00606_chunk_377,test00606,"In 1861, he was elected an officer in a Georgia military unit but was not allowed to serve because of his youth; in 1863, he went to England to secure ships for blockade running.",partially_supported,0,0,0.0011463165283203,0,0,0.0007195472717285,0,0,0.4581549192980813,-1,0
test01005_chunk_378,test01005,"""Jack the Writer"" is the fourth episode of the first season of the American situation comedy ""30 Rock"", which aired on November 1, 2006 on the NBC network in the United States, and on November 1, 2007 in the United Kingdom.",not_supported,0,0,0.0033988952636718,0,0,0.058135986328125,0,0,0.4106358055225577,-1,0
test01005_chunk_379,test01005,"""Jack the Writer"" is the fourth episode of the first season of the American situation comedy ""30 Rock"", which aired on November 1, 2006 on the NBC network in the United States, and on November 1, 2007 in the United Kingdom.",not_supported,0,0,0.0010585784912109,0,0,0.07666015625,0,0,0.4302348952146245,-1,0
test01005_chunk_380,test01005,"""Jack the Writer"" is the fourth episode of the first season of the American situation comedy ""30 Rock"", which aired on November 1, 2006 on the NBC network in the United States, and on November 1, 2007 in the United Kingdom.",not_supported,0,0,0.09912109375,0,0,0.054962158203125,0,0,0.4558003543949797,-1,0
test01228_chunk_381,test01228,"The band's earlier songs, recorded on two- and four-track equipment, needed to be reworked into a multitrack format that is essential in providing feedback to players.",partially_supported,0,0,0.0968017578125,0,1,0.46337890625,0,1,0.5386698586133788,-1,1
test01228_chunk_382,test01228,"The band's earlier songs, recorded on two- and four-track equipment, needed to be reworked into a multitrack format that is essential in providing feedback to players.",partially_supported,0,1,0.91064453125,1,1,0.8330078125,1,1,0.7381755980417601,-1,1
test01228_chunk_383,test01228,"The band's earlier songs, recorded on two- and four-track equipment, needed to be reworked into a multitrack format that is essential in providing feedback to players.",partially_supported,0,1,0.95751953125,1,1,0.98876953125,1,1,0.8048507727602282,-1,1
test00238_chunk_384,test00238,"Group A was contested in Rouen, France running from 12 to 18 April 2015, and Group B in Beijing, China, running from 6 to 12 April 2015.",supported,1,1,0.70068359375,1,1,0.69580078125,1,1,0.6733966417701925,-1,1
test00238_chunk_385,test00238,"Group A was contested in Rouen, France running from 12 to 18 April 2015, and Group B in Beijing, China, running from 6 to 12 April 2015.",supported,1,0,0.25341796875,1,1,0.26416015625,0,1,0.5080487383380432,-1,1
test00238_chunk_386,test00238,"Group A was contested in Rouen, France running from 12 to 18 April 2015, and Group B in Beijing, China, running from 6 to 12 April 2015.",supported,1,1,0.375244140625,1,1,0.48291015625,0,1,0.5903563315470179,-1,1
test03377_chunk_387,test03377,"The singer later revealed that because of the dye, her hair started to fall out, so she got a boy's haircut and wore a wig.",supported,1,1,0.5380859375,1,1,0.96435546875,1,1,0.7867315250678074,-1,1
test03377_chunk_388,test03377,"The singer later revealed that because of the dye, her hair started to fall out, so she got a boy's haircut and wore a wig.",supported,1,1,0.96435546875,1,1,0.9638671875,1,1,0.7938633181967962,-1,1
test03377_chunk_389,test03377,"The singer later revealed that because of the dye, her hair started to fall out, so she got a boy's haircut and wore a wig.",supported,1,0,0.1546630859375,0,1,0.94140625,0,1,0.7872618975013194,-1,1
test02578_chunk_390,test02578,"In late 2012, Nintendo released a version of the North American black edition, including ""Wii Sports"" and ""Wii Sports Resort"" games on a single disc instead of the ""New Super Mario Bros. Wii"" game and the ""Super Mario Galaxy"" soundtrack.",partially_supported,0,1,0.6435546875,1,1,0.71533203125,1,1,0.7144929497276612,-1,1
test02578_chunk_391,test02578,"In late 2012, Nintendo released a version of the North American black edition, including ""Wii Sports"" and ""Wii Sports Resort"" games on a single disc instead of the ""New Super Mario Bros. Wii"" game and the ""Super Mario Galaxy"" soundtrack.",partially_supported,0,1,0.85009765625,1,1,0.7314453125,1,1,0.7228446561486014,-1,1
test02578_chunk_392,test02578,"In late 2012, Nintendo released a version of the North American black edition, including ""Wii Sports"" and ""Wii Sports Resort"" games on a single disc instead of the ""New Super Mario Bros. Wii"" game and the ""Super Mario Galaxy"" soundtrack.",partially_supported,0,1,0.72021484375,1,0,0.0985107421875,1,0,0.3474630885678562,-1,0
test02018_chunk_393,test02018,Phillip Liu previously worked at Facebook for four years as a software architect and Karthik Rau worked at Delphix and VMware.,partially_supported,0,0,0.001953125,0,0,0.0010566711425781,0,0,0.2985879529690232,-1,0
test02018_chunk_394,test02018,Phillip Liu previously worked at Facebook for four years as a software architect and Karthik Rau worked at Delphix and VMware.,partially_supported,0,0,0.0017280578613281,0,0,0.0009765625,0,0,0.3146604917433012,-1,0
test02018_chunk_395,test02018,Phillip Liu previously worked at Facebook for four years as a software architect and Karthik Rau worked at Delphix and VMware.,partially_supported,0,0,0.0023574829101562,0,0,0.0019521713256835,0,0,0.3744681272357414,-1,0
test00931_chunk_396,test00931,"The Government of Alberta announced a plan to airlift approximately 8,000 of 25,000 people who had evacuated to oil sands work camps north of Fort McMurray, with assistance from a Royal Canadian Air Force Hercules aircraft, and other planes owned by energy companies operating in the oil sands.",partially_supported,0,1,0.98681640625,1,1,0.984375,1,1,0.8010813404571604,-1,1
test00931_chunk_397,test00931,"The Government of Alberta announced a plan to airlift approximately 8,000 of 25,000 people who had evacuated to oil sands work camps north of Fort McMurray, with assistance from a Royal Canadian Air Force Hercules aircraft, and other planes owned by energy companies operating in the oil sands.",partially_supported,0,1,0.8720703125,1,1,0.81787109375,1,1,0.7350049820706055,-1,1
test00931_chunk_398,test00931,"The Government of Alberta announced a plan to airlift approximately 8,000 of 25,000 people who had evacuated to oil sands work camps north of Fort McMurray, with assistance from a Royal Canadian Air Force Hercules aircraft, and other planes owned by energy companies operating in the oil sands.",partially_supported,0,1,0.7822265625,1,1,0.96044921875,1,1,0.7959806348180837,-1,1
test00188_chunk_399,test00188,"However, unlike many other derbies, it is not rare for families in the city to contain supporters of both clubs.",supported,1,0,0.0875244140625,0,0,0.046783447265625,0,0,0.2740993437304516,0,0
test00188_chunk_400,test00188,"However, unlike many other derbies, it is not rare for families in the city to contain supporters of both clubs.",supported,1,0,0.0875244140625,0,0,0.046630859375,0,0,0.2745005119963121,0,0
test00188_chunk_401,test00188,"However, unlike many other derbies, it is not rare for families in the city to contain supporters of both clubs.",supported,1,0,0.0875244140625,0,0,0.046630859375,0,0,0.2745005119963121,0,0
test00391_chunk_402,test00391,"He said the project would bring ""colossal"" benefits and ""turbo-charge the economy"".",supported,1,1,0.97705078125,1,1,0.99853515625,1,1,0.799047024767309,-1,1
test00391_chunk_403,test00391,"He said the project would bring ""colossal"" benefits and ""turbo-charge the economy"".",supported,1,1,0.98681640625,1,1,0.9931640625,1,1,0.7966065726595474,-1,1
test00391_chunk_404,test00391,"He said the project would bring ""colossal"" benefits and ""turbo-charge the economy"".",supported,1,1,0.9970703125,1,1,0.99755859375,1,1,0.7986819359412215,-1,1
test01734_chunk_405,test01734,"Efron has been cast to voice Fred Jones in Warner Bros.' 2020 ""Scooby-Doo"" animated film.",supported,1,0,0.2998046875,1,1,0.298828125,1,1,0.5192665343572881,-1,1
test01734_chunk_406,test01734,"Efron has been cast to voice Fred Jones in Warner Bros.' 2020 ""Scooby-Doo"" animated film.",supported,1,0,0.044281005859375,0,0,0.0034809112548828,0,0,0.4420595801010208,-1,0
test01734_chunk_407,test01734,"Efron has been cast to voice Fred Jones in Warner Bros.' 2020 ""Scooby-Doo"" animated film.",supported,1,0,0.0085067749023437,0,0,0.0027904510498046,0,0,0.4253087895349796,-1,0
test03636_chunk_408,test03636,"Jeffrey John Wolf won the title after defeating Mikael Torpegaard 6–7, 6–3, 6–4 in the final.",partially_supported,0,0,0.0611572265625,0,0,0.11981201171875,0,0,0.3649034803001206,-1,0
test03636_chunk_409,test03636,"Jeffrey John Wolf won the title after defeating Mikael Torpegaard 6–7, 6–3, 6–4 in the final.",partially_supported,0,0,0.10260009765625,0,0,0.11981201171875,0,0,0.3649034803001206,-1,0
test03636_chunk_410,test03636,"Jeffrey John Wolf won the title after defeating Mikael Torpegaard 6–7, 6–3, 6–4 in the final.",partially_supported,0,0,0.0611572265625,0,0,0.11981201171875,0,0,0.3649034803001206,-1,0
test04307_chunk_411,test04307,"It was announced in April 2005 that Belladonna, Spitz and Bello would return to Anthrax for a reunion tour and potentially new recordings.",supported,1,1,0.65966796875,1,1,0.80078125,1,1,0.7290285241994942,-1,1
test04307_chunk_412,test04307,"It was announced in April 2005 that Belladonna, Spitz and Bello would return to Anthrax for a reunion tour and potentially new recordings.",supported,1,0,0.0229034423828125,0,1,0.73681640625,0,1,0.7032469607007408,-1,1
test04307_chunk_413,test04307,"It was announced in April 2005 that Belladonna, Spitz and Bello would return to Anthrax for a reunion tour and potentially new recordings.",supported,1,1,0.70751953125,1,1,0.859375,1,1,0.7490265352891864,-1,1
test03529_chunk_414,test03529,"On 18 July 2019, Harness joined League One rivals Portsmouth on a three-year deal for an undisclosed fee.",partially_supported,0,1,0.7001953125,1,1,0.7109375,1,1,0.7082623368705107,-1,1
test03529_chunk_415,test03529,"On 18 July 2019, Harness joined League One rivals Portsmouth on a three-year deal for an undisclosed fee.",partially_supported,0,1,0.4736328125,1,1,0.638671875,1,1,0.6663657022027617,-1,1
test03529_chunk_416,test03529,"On 18 July 2019, Harness joined League One rivals Portsmouth on a three-year deal for an undisclosed fee.",partially_supported,0,1,0.99267578125,1,1,0.9677734375,1,1,0.7984135829241207,-1,1
test03922_chunk_417,test03922,"Mason played on with Souths for 3 more years, but was not a member of the 1955 premiership winning side which defeated Newtown 12-11.",not_supported,0,1,0.7490234375,1,1,0.6611328125,1,1,0.6829610211796181,-1,1
test03922_chunk_418,test03922,"Mason played on with Souths for 3 more years, but was not a member of the 1955 premiership winning side which defeated Newtown 12-11.",not_supported,0,1,0.64892578125,1,1,0.5146484375,1,1,0.5836877431902192,-1,1
test03922_chunk_419,test03922,"Mason played on with Souths for 3 more years, but was not a member of the 1955 premiership winning side which defeated Newtown 12-11.",not_supported,0,1,0.476806640625,1,1,0.245361328125,1,0,0.4317724761435423,-1,0
test03779_chunk_420,test03779,"Initially, the battalion was based at the Fort Osborne Barracks, now the location of the Rady Jewish Community Centre.",partially_supported,0,1,0.85009765625,1,1,0.87353515625,1,1,0.7531457307271692,-1,1
test03779_chunk_421,test03779,"Initially, the battalion was based at the Fort Osborne Barracks, now the location of the Rady Jewish Community Centre.",partially_supported,0,1,0.76953125,1,1,0.8603515625,1,1,0.7578576945997616,-1,1
test03779_chunk_422,test03779,"Initially, the battalion was based at the Fort Osborne Barracks, now the location of the Rady Jewish Community Centre.",partially_supported,0,1,0.79248046875,1,1,0.8603515625,1,1,0.7578576945997616,-1,1
test03756_chunk_423,test03756,"In 2016, he was named Co-Chair of the High Level Assembly of the Carbon Pricing Leadership Coalition (CPLC) which is organized by the World Bank Group.",partially_supported,0,0,0.0027103424072265,0,0,0.0032501220703125,0,0,0.2951273138463551,-1,0
test03756_chunk_424,test03756,"In 2016, he was named Co-Chair of the High Level Assembly of the Carbon Pricing Leadership Coalition (CPLC) which is organized by the World Bank Group.",partially_supported,0,0,0.06341552734375,0,0,0.0023136138916015,0,0,0.2825859931740276,-1,0
test03756_chunk_425,test03756,"In 2016, he was named Co-Chair of the High Level Assembly of the Carbon Pricing Leadership Coalition (CPLC) which is organized by the World Bank Group.",partially_supported,0,0,0.0028800964355468,0,0,0.0037460327148437,0,0,0.2955785990461474,-1,0
test01801_chunk_426,test01801,Watt received the AP NFL Defensive Player of the Year Award three times in his first five seasons.,partially_supported,0,0,0.11279296875,0,0,0.12103271484375,0,0,0.3506365574288846,-1,0
test01801_chunk_427,test01801,Watt received the AP NFL Defensive Player of the Year Award three times in his first five seasons.,partially_supported,0,0,0.057281494140625,0,0,0.054595947265625,0,0,0.3606934174688817,-1,0
test01801_chunk_428,test01801,Watt received the AP NFL Defensive Player of the Year Award three times in his first five seasons.,partially_supported,0,0,0.10003662109375,0,0,0.08056640625,0,0,0.3270428226438684,-1,0
test01620_chunk_429,test01620,"US Rights for the film were acquired by Kino Lorber, which started a limited theatrical run beginning in December 2015.",partially_supported,0,0,0.005584716796875,0,0,0.0780029296875,0,0,0.3240620540640581,-1,0
test01620_chunk_430,test01620,"US Rights for the film were acquired by Kino Lorber, which started a limited theatrical run beginning in December 2015.",partially_supported,0,0,0.0061607360839843,0,0,0.15966796875,0,0,0.3656648048152775,-1,0
test01620_chunk_431,test01620,"US Rights for the film were acquired by Kino Lorber, which started a limited theatrical run beginning in December 2015.",partially_supported,0,0,0.0060653686523437,0,0,0.044403076171875,0,0,0.3002392695102508,-1,0
test02134_chunk_432,test02134,"Set between the 17th and 21st centuries, the novel is a ""philosophical rumination on modern-day travel"".",partially_supported,0,1,0.994140625,1,1,0.98876953125,1,1,0.8039152980759061,-1,1
test02134_chunk_433,test02134,"Set between the 17th and 21st centuries, the novel is a ""philosophical rumination on modern-day travel"".",partially_supported,0,1,0.619140625,1,1,0.396240234375,1,1,0.511389704753009,-1,1
test02134_chunk_434,test02134,"Set between the 17th and 21st centuries, the novel is a ""philosophical rumination on modern-day travel"".",partially_supported,0,1,0.9150390625,1,1,0.9189453125,1,1,0.7697100316756009,-1,1
test02823_chunk_435,test02823,"They currently live in Washington, D.C., and Jaffrey, New Hampshire, and are ordained members of the United Church of Christ.",supported,1,0,0.0076522827148437,0,0,0.0058860778808593,0,0,0.2734370427040667,0,0
test02823_chunk_436,test02823,"They currently live in Washington, D.C., and Jaffrey, New Hampshire, and are ordained members of the United Church of Christ.",supported,1,0,0.0073661804199218,0,0,0.0130767822265625,0,0,0.2888947446525898,-1,0
test02823_chunk_437,test02823,"They currently live in Washington, D.C., and Jaffrey, New Hampshire, and are ordained members of the United Church of Christ.",supported,1,0,0.0175933837890625,0,0,0.03399658203125,0,0,0.292901540217848,-1,0
test00846_chunk_438,test00846,Bidwells LLP is an independent property consultancy currently managing over £5.2 billion in property assets and employing 550 people in England and Scotland.,partially_supported,0,0,0.0047531127929687,0,0,0.0093536376953125,0,0,0.2884956236350307,-1,0
test00846_chunk_439,test00846,Bidwells LLP is an independent property consultancy currently managing over £5.2 billion in property assets and employing 550 people in England and Scotland.,partially_supported,0,0,0.0047531127929687,0,0,0.0093536376953125,0,0,0.2884956236350307,-1,0
test00846_chunk_440,test00846,Bidwells LLP is an independent property consultancy currently managing over £5.2 billion in property assets and employing 550 people in England and Scotland.,partially_supported,0,0,0.0047531127929687,0,0,0.0086898803710937,0,0,0.2881902446130806,-1,0
test03334_chunk_441,test03334,"The five ads were timed to air during the commercial break following the scene where the song was featured; NBC's advertising chief Dan Lovinger considered the ads to be a way to ""enhance the excitement"" of the presentation for families.",supported,1,1,0.86962890625,1,1,0.94140625,1,1,0.7921549024084733,-1,1
test03334_chunk_442,test03334,"The five ads were timed to air during the commercial break following the scene where the song was featured; NBC's advertising chief Dan Lovinger considered the ads to be a way to ""enhance the excitement"" of the presentation for families.",supported,1,0,0.0027408599853515,0,0,0.00848388671875,0,0,0.3339927029464392,-1,0
test03334_chunk_443,test03334,"The five ads were timed to air during the commercial break following the scene where the song was featured; NBC's advertising chief Dan Lovinger considered the ads to be a way to ""enhance the excitement"" of the presentation for families.",supported,1,0,0.0570068359375,0,0,0.0031414031982421,0,0,0.2882050946101899,-1,0
test04092_chunk_444,test04092,He was waived three days later.,supported,1,1,0.77490234375,1,1,0.9951171875,1,1,0.8070317614393021,-1,1
test04092_chunk_445,test04092,He was waived three days later.,supported,1,1,0.4296875,1,1,0.91015625,1,1,0.7819122989278855,-1,1
test04092_chunk_446,test04092,He was waived three days later.,supported,1,1,0.67724609375,1,1,0.99169921875,1,1,0.8043743299228706,-1,1
test00777_chunk_447,test00777,This victory earned him a two-year World Snooker Tour card.,supported,1,0,0.1611328125,0,0,0.082763671875,0,0,0.4307757435489854,-1,0
test00777_chunk_448,test00777,This victory earned him a two-year World Snooker Tour card.,supported,1,0,0.1583251953125,0,0,0.07757568359375,0,0,0.4292568354621289,-1,0
test00777_chunk_449,test00777,This victory earned him a two-year World Snooker Tour card.,supported,1,0,0.1583251953125,0,0,0.07757568359375,0,0,0.4292568354621289,-1,0
test03722_chunk_450,test03722,"Wagner asked Grant if he could help him write the ""Tarzan"" comic he was working on; so began the Wagner/Grant writing partnership.",partially_supported,0,0,0.0050277709960937,0,0,0.040679931640625,0,0,0.2992083919088472,-1,0
test03722_chunk_451,test03722,"Wagner asked Grant if he could help him write the ""Tarzan"" comic he was working on; so began the Wagner/Grant writing partnership.",partially_supported,0,0,0.0032424926757812,0,0,0.11932373046875,0,0,0.3402799266437079,-1,0
test03722_chunk_452,test03722,"Wagner asked Grant if he could help him write the ""Tarzan"" comic he was working on; so began the Wagner/Grant writing partnership.",partially_supported,0,0,0.059326171875,0,1,0.2763671875,0,0,0.4925076208836128,-1,0
test01938_chunk_453,test01938,"As of February 2019 the song has sold 132,000 units in the United Kingdom making it Marina's 4th best selling single in the United Kingdom as of February 2019.",supported,1,0,0.04620361328125,0,0,0.01385498046875,0,0,0.4021062321847919,-1,0
test01938_chunk_454,test01938,"As of February 2019 the song has sold 132,000 units in the United Kingdom making it Marina's 4th best selling single in the United Kingdom as of February 2019.",supported,1,0,0.054595947265625,0,0,0.1151123046875,0,0,0.476610997138286,-1,0
test01938_chunk_455,test01938,"As of February 2019 the song has sold 132,000 units in the United Kingdom making it Marina's 4th best selling single in the United Kingdom as of February 2019.",supported,1,0,0.0186767578125,0,0,0.0200653076171875,0,0,0.31102286401528,-1,0
test02879_chunk_456,test02879,"Modie's brother, Arthur Spiegel, was the great-grandfather of Spike Jonez.",partially_supported,0,0,0.0243377685546875,0,0,0.04010009765625,0,0,0.3075803118500017,-1,0
test02879_chunk_457,test02879,"Modie's brother, Arthur Spiegel, was the great-grandfather of Spike Jonez.",partially_supported,0,0,0.135009765625,0,0,0.0611572265625,0,0,0.3076363925005805,-1,0
test02879_chunk_458,test02879,"Modie's brother, Arthur Spiegel, was the great-grandfather of Spike Jonez.",partially_supported,0,0,0.0037498474121093,0,0,0.0540771484375,0,0,0.3063106082585189,-1,0
test03497_chunk_459,test03497,He won the Hobey Baker Award as the best collegiate player in America in 1992 while playing for the University of Maine.,partially_supported,0,0,0.00103759765625,0,0,0.0015182495117187,0,0,0.2865993059253074,-1,0
test03497_chunk_460,test03497,He won the Hobey Baker Award as the best collegiate player in America in 1992 while playing for the University of Maine.,partially_supported,0,0,0.0010910034179687,0,0,0.0011768341064453,0,0,0.2841514840685665,-1,0
test03497_chunk_461,test03497,He won the Hobey Baker Award as the best collegiate player in America in 1992 while playing for the University of Maine.,partially_supported,0,0,0.0014781951904296,0,0,0.0012388229370117,0,0,0.2865799630424209,-1,0
test03535_chunk_462,test03535,"In July 2018, Barbieri was appointed as an assistant coach of the Melbourne City W-League team.",partially_supported,0,0,0.043975830078125,0,0,0.039825439453125,0,0,0.4513406608910075,-1,0
test03535_chunk_463,test03535,"In July 2018, Barbieri was appointed as an assistant coach of the Melbourne City W-League team.",partially_supported,0,0,0.0222930908203125,0,0,0.0090560913085937,0,0,0.4466038618496945,-1,0
test03535_chunk_464,test03535,"In July 2018, Barbieri was appointed as an assistant coach of the Melbourne City W-League team.",partially_supported,0,0,0.0115203857421875,0,0,0.040283203125,0,0,0.4094274117600586,-1,0
test00585_chunk_465,test00585,"In June 2018, the FAA announced an additional review of environmental impacts of passenger airline service, delaying the start of service to between November 2018 and November 2019.",supported,1,0,0.2008056640625,1,0,0.169189453125,1,1,0.5150679410772733,-1,0
test00585_chunk_466,test00585,"In June 2018, the FAA announced an additional review of environmental impacts of passenger airline service, delaying the start of service to between November 2018 and November 2019.",supported,1,0,0.0076103210449218,0,0,0.0030345916748046,0,0,0.4606645374963381,-1,0
test00585_chunk_467,test00585,"In June 2018, the FAA announced an additional review of environmental impacts of passenger airline service, delaying the start of service to between November 2018 and November 2019.",supported,1,0,0.33837890625,1,1,0.33447265625,1,1,0.5191288407541436,-1,1
test02497_chunk_468,test02497,"Following the United States' win at the 2015 FIFA Women's World Cup, Harris and her teammates became the first women's sports team to be honored with a Ticker Tape Parade in New York City.",partially_supported,0,1,0.99853515625,1,1,0.99658203125,1,1,0.807840785560993,-1,1
test02497_chunk_469,test02497,"Following the United States' win at the 2015 FIFA Women's World Cup, Harris and her teammates became the first women's sports team to be honored with a Ticker Tape Parade in New York City.",partially_supported,0,0,0.046722412109375,0,0,0.060943603515625,0,0,0.2990365440350304,-1,0
test02497_chunk_470,test02497,"Following the United States' win at the 2015 FIFA Women's World Cup, Harris and her teammates became the first women's sports team to be honored with a Ticker Tape Parade in New York City.",partially_supported,0,1,0.9990234375,1,1,0.9990234375,1,1,0.8004747269112573,-1,1
test03300_chunk_471,test03300,"The hyper-velocity rounds weigh 10 kg (23 lb), are 18 in (460 mm), and are fired at Mach 7.",supported,1,0,0.01739501953125,0,0,0.0206146240234375,0,0,0.2955558135145251,-1,0
test03300_chunk_472,test03300,"The hyper-velocity rounds weigh 10 kg (23 lb), are 18 in (460 mm), and are fired at Mach 7.",supported,1,0,0.029541015625,0,0,0.0313720703125,0,0,0.3023594075747908,-1,0
test03300_chunk_473,test03300,"The hyper-velocity rounds weigh 10 kg (23 lb), are 18 in (460 mm), and are fired at Mach 7.",supported,1,0,0.09619140625,0,0,0.0261688232421875,0,0,0.2999347768313813,-1,0
test00772_chunk_474,test00772,"It shows an elephant and a barrel, and is a play on words on the village's name, the elephant representing the syllable ""E"" and the barrel a ""tun"".",supported,1,1,0.845703125,1,1,0.99853515625,1,1,0.8088545634410608,-1,1
test00772_chunk_475,test00772,"It shows an elephant and a barrel, and is a play on words on the village's name, the elephant representing the syllable ""E"" and the barrel a ""tun"".",supported,1,1,0.912109375,1,1,0.99755859375,1,1,0.8061399757456642,-1,1
test00772_chunk_476,test00772,"It shows an elephant and a barrel, and is a play on words on the village's name, the elephant representing the syllable ""E"" and the barrel a ""tun"".",supported,1,1,0.88818359375,1,1,0.99755859375,1,1,0.8061146313861326,-1,1
test01447_chunk_477,test01447,"After playing in some of Wycombe's pre-season friendlies, it was announced on 25 July 2017 that Tyson had signed a one-year deal to return to Wycombe.",supported,1,1,0.9873046875,1,1,0.962890625,1,1,0.7983360748204784,-1,1
test01447_chunk_478,test01447,"After playing in some of Wycombe's pre-season friendlies, it was announced on 25 July 2017 that Tyson had signed a one-year deal to return to Wycombe.",supported,1,1,0.97412109375,1,1,0.97509765625,1,1,0.798456854841794,-1,1
test01447_chunk_479,test01447,"After playing in some of Wycombe's pre-season friendlies, it was announced on 25 July 2017 that Tyson had signed a one-year deal to return to Wycombe.",supported,1,1,0.9921875,1,1,0.986328125,1,1,0.8053025680897052,-1,1
test02682_chunk_480,test02682,"""The Simpsons"" is a joint production by Gracie Films and 20th Century Fox Television and syndicated by 20th Television.",partially_supported,0,0,0.0027103424072265,0,0,0.0048255920410156,0,0,0.4137361357585282,-1,0
test02682_chunk_481,test02682,"""The Simpsons"" is a joint production by Gracie Films and 20th Century Fox Television and syndicated by 20th Television.",partially_supported,0,0,0.06903076171875,0,0,0.0235595703125,0,0,0.3900539602061267,-1,0
test02682_chunk_482,test02682,"""The Simpsons"" is a joint production by Gracie Films and 20th Century Fox Television and syndicated by 20th Television.",partially_supported,0,1,0.58740234375,1,1,0.30712890625,1,0,0.4392897351798695,-1,0
test00056_chunk_483,test00056,"In areas of water scarcity, such as the Thar Desert in Pakistan, coal mining and coal power plants would use significant quantities of water.",partially_supported,0,1,0.99609375,1,1,0.99609375,1,1,0.8071204461258915,-1,1
test00056_chunk_484,test00056,"In areas of water scarcity, such as the Thar Desert in Pakistan, coal mining and coal power plants would use significant quantities of water.",partially_supported,0,1,0.57568359375,1,1,0.57421875,1,1,0.563867830879676,-1,1
test00056_chunk_485,test00056,"In areas of water scarcity, such as the Thar Desert in Pakistan, coal mining and coal power plants would use significant quantities of water.",partially_supported,0,1,0.91748046875,1,1,0.91796875,1,1,0.7782632354572597,-1,1
test03102_chunk_486,test03102,"The charity is run by a board of trustees, who delegate the day-to-day management to a chief executive and his senior management team.",partially_supported,0,0,0.0091323852539062,0,0,0.011260986328125,1,0,0.4616237000920365,-1,0
test03102_chunk_487,test03102,"The charity is run by a board of trustees, who delegate the day-to-day management to a chief executive and his senior management team.",partially_supported,0,0,0.0091323852539062,0,0,0.011260986328125,1,0,0.4616237000920365,-1,0
test03102_chunk_488,test03102,"The charity is run by a board of trustees, who delegate the day-to-day management to a chief executive and his senior management team.",partially_supported,0,1,0.362060546875,1,1,0.2366943359375,1,0,0.4795361888417991,-1,1
test01749_chunk_489,test01749,In January 1991 Ford was arrested and charged with public intoxication on his college campus.,partially_supported,0,0,0.18115234375,0,0,0.038299560546875,0,0,0.3377628907145746,-1,0
test01749_chunk_490,test01749,In January 1991 Ford was arrested and charged with public intoxication on his college campus.,partially_supported,0,0,0.0034656524658203,0,0,0.001962661743164,0,0,0.4416522054405032,-1,0
test01749_chunk_491,test01749,In January 1991 Ford was arrested and charged with public intoxication on his college campus.,partially_supported,0,0,0.014404296875,0,0,0.0124893188476562,0,0,0.4286506620714317,-1,0
test03564_chunk_492,test03564,"In a July 2018 interview with the ""Toronto Sun"", Baker confirmed that at least three albums' worth of unreleased material was recorded with Downie before his death, but stated that the band had yet to decide how it would be released.",supported,1,1,0.84326171875,1,1,0.861328125,1,1,0.7530123048153929,-1,1
test03564_chunk_493,test03564,"In a July 2018 interview with the ""Toronto Sun"", Baker confirmed that at least three albums' worth of unreleased material was recorded with Downie before his death, but stated that the band had yet to decide how it would be released.",supported,1,0,0.127197265625,0,0,0.1290283203125,0,0,0.38676841648777,-1,0
test03564_chunk_494,test03564,"In a July 2018 interview with the ""Toronto Sun"", Baker confirmed that at least three albums' worth of unreleased material was recorded with Downie before his death, but stated that the band had yet to decide how it would be released.",supported,1,1,0.70166015625,1,1,0.73974609375,1,1,0.6864072018805226,-1,1
test02467_chunk_495,test02467,"It is the sport's highest honor and is awarded within five years of the athlete's retirement, acknowledging an exceptional rowing career and exemplary sportsmanship.",partially_supported,0,0,0.0046310424804687,0,0,0.003204345703125,0,0,0.2891097611658039,-1,0
test02467_chunk_496,test02467,"It is the sport's highest honor and is awarded within five years of the athlete's retirement, acknowledging an exceptional rowing career and exemplary sportsmanship.",partially_supported,0,0,0.0242156982421875,0,0,0.0015220642089843,0,0,0.2567900449617654,0,0
test02467_chunk_497,test02467,"It is the sport's highest honor and is awarded within five years of the athlete's retirement, acknowledging an exceptional rowing career and exemplary sportsmanship.",partially_supported,0,1,0.59521484375,1,1,0.57470703125,1,1,0.6388354134226142,-1,1
test00515_chunk_498,test00515,Rebecca Blumenstein is a journalist and newspaper editor.,supported,1,1,0.884765625,1,1,0.97119140625,1,1,0.7932694298279324,-1,1
test00515_chunk_499,test00515,Rebecca Blumenstein is a journalist and newspaper editor.,supported,1,1,0.7451171875,1,1,0.95166015625,1,1,0.7579721036885225,-1,1
test00515_chunk_500,test00515,Rebecca Blumenstein is a journalist and newspaper editor.,supported,1,1,0.9560546875,1,1,0.990234375,1,1,0.7734839490094803,-1,1
test04149_chunk_501,test04149,"Zach Handlen of "" The A.V. Club"" gave the episode a ""B+"", praising it for giving McCoy a stronger presence and better lines.",partially_supported,0,1,0.55029296875,1,1,0.70458984375,1,1,0.6709501457081856,-1,1
test04149_chunk_502,test04149,"Zach Handlen of "" The A.V. Club"" gave the episode a ""B+"", praising it for giving McCoy a stronger presence and better lines.",partially_supported,0,1,0.55029296875,1,1,0.340576171875,1,1,0.5043554704219507,-1,0
test04149_chunk_503,test04149,"Zach Handlen of "" The A.V. Club"" gave the episode a ""B+"", praising it for giving McCoy a stronger presence and better lines.",partially_supported,0,1,0.37451171875,1,1,0.83056640625,1,1,0.7361722647888713,-1,1
test03611_chunk_504,test03611,"She played a leading role in season one of the FOX horror comedy series ""Scream Queens"".",partially_supported,0,1,0.449462890625,1,1,0.3154296875,1,0,0.4794314140416796,-1,0
test03611_chunk_505,test03611,"She played a leading role in season one of the FOX horror comedy series ""Scream Queens"".",partially_supported,0,1,0.53076171875,1,1,0.70361328125,1,1,0.6873067109188042,-1,1
test03611_chunk_506,test03611,"She played a leading role in season one of the FOX horror comedy series ""Scream Queens"".",partially_supported,0,1,0.51416015625,1,1,0.6640625,1,1,0.6766616406803968,-1,1
test03850_chunk_507,test03850,"The Daily Wire editor-in-chief Ben Shapiro said on Laura Ingraham’s The Ingraham Angle on June 3 that ""My impression was that if you are posting anonymously on Facebook, then it’s not really within Facebook’s purvey to start handing that information to media outlets, but I guess that isn’t true"".",partially_supported,0,0,0.048828125,0,0,0.09844970703125,0,0,0.3713722814640874,-1,0
test03850_chunk_508,test03850,"The Daily Wire editor-in-chief Ben Shapiro said on Laura Ingraham’s The Ingraham Angle on June 3 that ""My impression was that if you are posting anonymously on Facebook, then it’s not really within Facebook’s purvey to start handing that information to media outlets, but I guess that isn’t true"".",partially_supported,0,0,0.15478515625,0,0,0.1990966796875,0,0,0.4303745631830892,-1,0
test03850_chunk_509,test03850,"The Daily Wire editor-in-chief Ben Shapiro said on Laura Ingraham’s The Ingraham Angle on June 3 that ""My impression was that if you are posting anonymously on Facebook, then it’s not really within Facebook’s purvey to start handing that information to media outlets, but I guess that isn’t true"".",partially_supported,0,0,0.0016412734985351,0,0,0.0017204284667968,0,0,0.3223999577443724,-1,0
test02139_chunk_510,test02139,"""The New York Times"" published an article on Adams on September 23, 2015.",supported,1,1,0.99462890625,1,1,0.9990234375,1,1,0.7957383077310928,-1,1
test02139_chunk_511,test02139,"""The New York Times"" published an article on Adams on September 23, 2015.",supported,1,1,0.38818359375,1,1,0.77392578125,1,1,0.7171093591028385,-1,1
test02139_chunk_512,test02139,"""The New York Times"" published an article on Adams on September 23, 2015.",supported,1,1,0.984375,1,1,0.998046875,1,1,0.8082415003020584,-1,1
test02281_chunk_513,test02281,"The book features previously published material as well as interviews, including an interview with legendary folk singer Dave Van Ronk.",partially_supported,0,1,0.99072265625,1,1,0.98681640625,1,1,0.8032089235165133,-1,1
test02281_chunk_514,test02281,"The book features previously published material as well as interviews, including an interview with legendary folk singer Dave Van Ronk.",partially_supported,0,1,0.97900390625,1,1,0.99560546875,1,1,0.8082057434106816,-1,1
test02281_chunk_515,test02281,"The book features previously published material as well as interviews, including an interview with legendary folk singer Dave Van Ronk.",partially_supported,0,1,0.99072265625,1,1,0.99609375,1,1,0.8052460791531294,-1,1
test03396_chunk_516,test03396,"Prior to the game, Hershiser trailed teammate Tim Leary in shutouts, six to three, and Leary also combined with other pitchers to record a shutout that was not counted in his individual total.",partially_supported,0,0,0.189453125,0,1,0.2900390625,0,0,0.4416219823189198,-1,0
test03396_chunk_517,test03396,"Prior to the game, Hershiser trailed teammate Tim Leary in shutouts, six to three, and Leary also combined with other pitchers to record a shutout that was not counted in his individual total.",partially_supported,0,1,0.88671875,1,1,0.87841796875,1,1,0.7627490801819938,-1,1
test03396_chunk_518,test03396,"Prior to the game, Hershiser trailed teammate Tim Leary in shutouts, six to three, and Leary also combined with other pitchers to record a shutout that was not counted in his individual total.",partially_supported,0,1,0.76416015625,1,1,0.8720703125,1,1,0.7586612600403426,-1,1
test00350_chunk_519,test00350,"Lodging is available in the monument at the Chateau, which has 23 rooms to rent.",partially_supported,0,0,0.0002301931381225,0,0,0.0002503395080566,0,0,0.252012683546795,0,0
test00350_chunk_520,test00350,"Lodging is available in the monument at the Chateau, which has 23 rooms to rent.",partially_supported,0,0,0.0002245903015136,0,0,0.0002849102020263,0,0,0.2506815029082124,0,0
test00350_chunk_521,test00350,"Lodging is available in the monument at the Chateau, which has 23 rooms to rent.",partially_supported,0,0,0.0002260208129882,0,0,0.0002342462539672,0,0,0.2517071404072413,0,0
test00580_chunk_522,test00580,"If infected during pregnancy, a condition known as congenital toxoplasmosis may affect the child.",partially_supported,0,1,0.9912109375,1,1,0.99560546875,1,1,0.7983751883724569,-1,1
test00580_chunk_523,test00580,"If infected during pregnancy, a condition known as congenital toxoplasmosis may affect the child.",partially_supported,0,1,0.998046875,1,1,0.9990234375,1,1,0.799223766773461,-1,1
test00580_chunk_524,test00580,"If infected during pregnancy, a condition known as congenital toxoplasmosis may affect the child.",partially_supported,0,1,0.99560546875,1,1,0.99853515625,1,1,0.7991543352245504,-1,1
test02815_chunk_525,test02815,"Her daughter, Dorothy Helen was also known for her fashion-sense and authored several ""Smart Set"" columns.",not_supported,0,0,0.0003645420074462,0,0,0.0004839897155761,0,0,0.2849292299991194,-1,0
test02815_chunk_526,test02815,"Her daughter, Dorothy Helen was also known for her fashion-sense and authored several ""Smart Set"" columns.",not_supported,0,0,0.0007123947143554,0,0,0.0019426345825195,0,0,0.2793186658499767,0,0
test00060_chunk_527,test00060,"Ceremonies such as weddings, Namkaran naming ceremonies and Shnathi Puja are held in Vedic style by traditional Brahmins.",not_supported,0,0,0.1644287109375,0,1,0.45361328125,0,1,0.5453505852860223,-1,1
test00060_chunk_528,test00060,"Ceremonies such as weddings, Namkaran naming ceremonies and Shnathi Puja are held in Vedic style by traditional Brahmins.",not_supported,0,0,0.0108718872070312,0,0,0.006927490234375,0,0,0.2901916970370026,-1,0
test00060_chunk_529,test00060,"Ceremonies such as weddings, Namkaran naming ceremonies and Shnathi Puja are held in Vedic style by traditional Brahmins.",not_supported,0,1,0.387939453125,1,1,0.2303466796875,1,0,0.405647077106639,-1,0
test00106_chunk_530,test00106,"He dedicated the record to his mother, Barbara Warner, who died on May 13, 2014, eight years after being diagnosed with Alzheimer's disease.",partially_supported,0,0,0.06329345703125,0,0,0.1363525390625,0,0,0.4465810979560526,-1,0
test00106_chunk_531,test00106,"He dedicated the record to his mother, Barbara Warner, who died on May 13, 2014, eight years after being diagnosed with Alzheimer's disease.",partially_supported,0,0,0.054534912109375,0,0,0.041961669921875,0,0,0.3261620376894183,-1,0
test00106_chunk_532,test00106,"He dedicated the record to his mother, Barbara Warner, who died on May 13, 2014, eight years after being diagnosed with Alzheimer's disease.",partially_supported,0,0,0.02191162109375,0,0,0.02239990234375,0,0,0.308504416845177,-1,0
test03584_chunk_533,test03584,She is a public advocate of increasing the number of female founders and investors in the Silicon Valley.,supported,1,1,0.439697265625,1,1,0.5673828125,1,1,0.6053527635272244,-1,1
test03584_chunk_534,test03584,She is a public advocate of increasing the number of female founders and investors in the Silicon Valley.,supported,1,0,0.32958984375,0,1,0.438720703125,1,1,0.5301081952144471,-1,1
test03584_chunk_535,test03584,She is a public advocate of increasing the number of female founders and investors in the Silicon Valley.,supported,1,1,0.88037109375,1,1,0.83837890625,1,1,0.7418818416676636,-1,1
test03587_chunk_536,test03587,"He set up the Araniko White Dagoba Gallery in Kirtipur, Kathmandu, using historical artifacts related to Arniko.",supported,1,0,0.1318359375,0,0,0.1597900390625,1,1,0.5127936141070711,-1,1
test03587_chunk_537,test03587,"He set up the Araniko White Dagoba Gallery in Kirtipur, Kathmandu, using historical artifacts related to Arniko.",supported,1,0,0.0689697265625,0,0,0.07208251953125,1,0,0.4820690543375467,-1,0
test03587_chunk_538,test03587,"He set up the Araniko White Dagoba Gallery in Kirtipur, Kathmandu, using historical artifacts related to Arniko.",supported,1,0,0.0018444061279296,0,0,0.0024356842041015,0,0,0.4192539032917254,-1,0
test01842_chunk_539,test01842,"Grayson's replacement was Alex Neil, appointed on 4 July 2017.",supported,1,1,0.99462890625,1,1,0.69384765625,1,1,0.6657883865476725,-1,1
test01842_chunk_540,test01842,"Grayson's replacement was Alex Neil, appointed on 4 July 2017.",supported,1,1,0.99462890625,1,1,0.50146484375,1,1,0.6413080577534561,-1,1
test01842_chunk_541,test01842,"Grayson's replacement was Alex Neil, appointed on 4 July 2017.",supported,1,1,0.986328125,1,0,0.201171875,1,1,0.5047569197098737,-1,0
test03629_chunk_542,test03629,"On 5 June 2019, Atlético Madrid of La Liga, who hold an ownership stake in Atlético San Luis, announced the signing of Ibáñez; effective from July.",partially_supported,0,0,0.114501953125,0,0,0.2130126953125,0,0,0.3934847492890287,-1,0
test03629_chunk_543,test03629,"On 5 June 2019, Atlético Madrid of La Liga, who hold an ownership stake in Atlético San Luis, announced the signing of Ibáñez; effective from July.",partially_supported,0,0,0.114501953125,0,0,0.2130126953125,0,0,0.3934847492890287,-1,0
test03629_chunk_544,test03629,"On 5 June 2019, Atlético Madrid of La Liga, who hold an ownership stake in Atlético San Luis, announced the signing of Ibáñez; effective from July.",partially_supported,0,0,0.0643310546875,0,0,0.19873046875,0,0,0.3846055861680353,-1,0
test02405_chunk_545,test02405,"Gaskell was born Elizabeth Cleghorn Stevenson on 29 September 1810 in Lindsey Row, Chelsea, London, at the house that is now 93 Cheyne Walk.",supported,1,0,0.0723876953125,0,0,0.0166778564453125,0,0,0.4561600363331492,-1,0
test02405_chunk_546,test02405,"Gaskell was born Elizabeth Cleghorn Stevenson on 29 September 1810 in Lindsey Row, Chelsea, London, at the house that is now 93 Cheyne Walk.",supported,1,0,0.0105819702148437,0,0,0.0052375793457031,1,0,0.4609332500269382,-1,0
test02405_chunk_547,test02405,"Gaskell was born Elizabeth Cleghorn Stevenson on 29 September 1810 in Lindsey Row, Chelsea, London, at the house that is now 93 Cheyne Walk.",supported,1,0,0.024169921875,0,0,0.0009965896606445,0,0,0.462819120554308,-1,0
test04098_chunk_548,test04098,"Some individuals and religious groups, for example, retain beliefs or practices which involve acts contrary to established law, such as the use of cannabis by members of the Rastafari movement, the religious use of eagle feathers by non-Native Americans (contrary to the eagle feather law, 50 CFR 22), or the practice of polygamy amongst the LDS Church in the 19th century.",not_supported,0,1,0.99658203125,1,1,0.99658203125,1,1,0.7994306598593879,-1,1
test04098_chunk_549,test04098,"Some individuals and religious groups, for example, retain beliefs or practices which involve acts contrary to established law, such as the use of cannabis by members of the Rastafari movement, the religious use of eagle feathers by non-Native Americans (contrary to the eagle feather law, 50 CFR 22), or the practice of polygamy amongst the LDS Church in the 19th century.",not_supported,0,1,0.9814453125,1,1,0.98291015625,1,1,0.796673310601414,-1,1
test04098_chunk_550,test04098,"Some individuals and religious groups, for example, retain beliefs or practices which involve acts contrary to established law, such as the use of cannabis by members of the Rastafari movement, the religious use of eagle feathers by non-Native Americans (contrary to the eagle feather law, 50 CFR 22), or the practice of polygamy amongst the LDS Church in the 19th century.",not_supported,0,1,0.95703125,1,1,0.95703125,1,1,0.7934856218337859,-1,1
test04229_chunk_551,test04229,The hotel was used to provide hospitality to visitors who had jail related business.,supported,1,1,0.92431640625,1,1,0.861328125,1,1,0.7539963881099704,-1,1
test04229_chunk_552,test04229,The hotel was used to provide hospitality to visitors who had jail related business.,supported,1,0,0.09393310546875,0,0,0.08685302734375,0,0,0.3319014278113,-1,0
test04229_chunk_553,test04229,The hotel was used to provide hospitality to visitors who had jail related business.,supported,1,1,0.9462890625,1,1,0.830078125,1,1,0.7150035496238809,-1,1
test01985_chunk_554,test01985,He died at his home in Eaton Square in London on 18 April 1862 and was buried and commemorated by a table tomb at St John's Church at West Wickham in Bromley.,partially_supported,0,0,0.0004665851593017,0,0,0.0002477169036865,0,0,0.4152533879128031,-1,0
test01985_chunk_555,test01985,He died at his home in Eaton Square in London on 18 April 1862 and was buried and commemorated by a table tomb at St John's Church at West Wickham in Bromley.,partially_supported,0,0,0.0028839111328125,0,0,0.001047134399414,0,0,0.4107666635053317,-1,0
test01985_chunk_556,test01985,He died at his home in Eaton Square in London on 18 April 1862 and was buried and commemorated by a table tomb at St John's Church at West Wickham in Bromley.,partially_supported,0,0,0.0011825561523437,0,0,0.0003840923309326,0,0,0.4127890289598815,-1,0
test00342_chunk_557,test00342,His experience and views on the subject are amply expressed in the book titled ‘Innocence of the Pen Questioned' that he published in 2009.,partially_supported,0,0,0.001378059387207,0,0,0.001814842224121,0,0,0.4137308019945721,-1,0
test00342_chunk_558,test00342,His experience and views on the subject are amply expressed in the book titled ‘Innocence of the Pen Questioned' that he published in 2009.,partially_supported,0,0,0.0035629272460937,0,0,0.0045585632324218,0,0,0.4032326381957741,-1,0
test00342_chunk_559,test00342,His experience and views on the subject are amply expressed in the book titled ‘Innocence of the Pen Questioned' that he published in 2009.,partially_supported,0,0,0.052947998046875,0,0,0.042724609375,0,0,0.4503808797515695,-1,0
test01756_chunk_560,test01756,The Dakota War of 1862 and the American Civil War delayed further improvements.,not_supported,0,0,0.271240234375,0,0,0.11334228515625,0,0,0.3403703190966525,-1,0
test01756_chunk_561,test01756,The Dakota War of 1862 and the American Civil War delayed further improvements.,not_supported,0,0,0.08343505859375,0,0,0.193359375,0,0,0.3852163328550108,-1,0
test01756_chunk_562,test01756,The Dakota War of 1862 and the American Civil War delayed further improvements.,not_supported,0,0,0.0045394897460937,0,0,0.01324462890625,0,0,0.2929934462344884,-1,0
test04331_chunk_563,test04331,"The Court announced judgment in favor of the bank on April 24, 2018, voting to affirm the lower court by a vote of 5-4.",supported,1,0,0.1207275390625,0,0,0.130859375,0,0,0.353232969756662,-1,0
test04331_chunk_564,test04331,"The Court announced judgment in favor of the bank on April 24, 2018, voting to affirm the lower court by a vote of 5-4.",supported,1,0,0.0465087890625,0,0,0.0858154296875,0,0,0.336949079710965,-1,0
test04331_chunk_565,test04331,"The Court announced judgment in favor of the bank on April 24, 2018, voting to affirm the lower court by a vote of 5-4.",supported,1,0,0.14208984375,0,1,0.958984375,0,1,0.7879463472709938,-1,1
test03043_chunk_566,test03043,"Hayden Norman Thorpe is an English singer, songwriter and multi-instrumentalist, originally from Kendal, Cumbria and currently based in Walthamstow, London.",partially_supported,0,0,0.1334228515625,0,1,0.58984375,0,1,0.6052683064705745,-1,1
test03043_chunk_567,test03043,"Hayden Norman Thorpe is an English singer, songwriter and multi-instrumentalist, originally from Kendal, Cumbria and currently based in Walthamstow, London.",partially_supported,0,0,0.06048583984375,0,0,0.09783935546875,0,0,0.3384425033037375,-1,0
test03043_chunk_568,test03043,"Hayden Norman Thorpe is an English singer, songwriter and multi-instrumentalist, originally from Kendal, Cumbria and currently based in Walthamstow, London.",partially_supported,0,0,0.298095703125,0,0,0.035003662109375,0,0,0.3065279264747702,-1,0
test01037_chunk_569,test01037,"The number of children who are out of school increased to 1.8 million in 2015–2016 out of more than 5 million registered students, according to the 2013 statistics released by the Ministry of Education.",not_supported,0,0,0.0256500244140625,0,0,0.018035888671875,0,0,0.4265822675763986,-1,0
test01037_chunk_570,test01037,"The number of children who are out of school increased to 1.8 million in 2015–2016 out of more than 5 million registered students, according to the 2013 statistics released by the Ministry of Education.",not_supported,0,0,0.32666015625,0,0,0.0044670104980468,0,0,0.4243400978750493,-1,0
test01037_chunk_571,test01037,"The number of children who are out of school increased to 1.8 million in 2015–2016 out of more than 5 million registered students, according to the 2013 statistics released by the Ministry of Education.",not_supported,0,0,0.1705322265625,0,1,0.421630859375,0,1,0.5068732214832768,-1,1
test00441_chunk_572,test00441,"It is named ""Sarmientosaurus musacchio"" in honor of the town and of the late Dr. Eduardo Musacchio, a paleontologist and professor at the National University of Patagonia San Juan Bosco.",partially_supported,0,0,0.03179931640625,0,0,0.03521728515625,0,0,0.3059502836549512,-1,0
test00441_chunk_573,test00441,"It is named ""Sarmientosaurus musacchio"" in honor of the town and of the late Dr. Eduardo Musacchio, a paleontologist and professor at the National University of Patagonia San Juan Bosco.",partially_supported,0,0,0.078857421875,0,0,0.0654296875,0,0,0.4299250452802515,-1,0
test00441_chunk_574,test00441,"It is named ""Sarmientosaurus musacchio"" in honor of the town and of the late Dr. Eduardo Musacchio, a paleontologist and professor at the National University of Patagonia San Juan Bosco.",partially_supported,0,0,0.041473388671875,0,0,0.03216552734375,0,0,0.4197426662780881,-1,0
test03681_chunk_575,test03681,"Named after Selman Waksman, it was first awarded in 1968.",supported,1,0,0.0039443969726562,0,1,0.30419921875,0,0,0.4959082203607596,-1,1
test03681_chunk_576,test03681,"Named after Selman Waksman, it was first awarded in 1968.",supported,1,0,0.0061416625976562,0,0,0.07763671875,0,0,0.4458589772115627,-1,0
test03681_chunk_577,test03681,"Named after Selman Waksman, it was first awarded in 1968.",supported,1,0,0.0654296875,0,0,0.0758056640625,0,0,0.3147723511285405,-1,0
test00010_chunk_578,test00010,"The ABC complaints unit agreed with AIJAC that Hamas's status was not, according to the Australian Government, based on any occupation.",supported,1,1,0.85791015625,1,1,0.9560546875,1,1,0.7878824455789714,-1,1
test00010_chunk_579,test00010,"The ABC complaints unit agreed with AIJAC that Hamas's status was not, according to the Australian Government, based on any occupation.",supported,1,1,0.63916015625,1,1,0.80224609375,1,1,0.752246400204035,-1,1
test00010_chunk_580,test00010,"The ABC complaints unit agreed with AIJAC that Hamas's status was not, according to the Australian Government, based on any occupation.",supported,1,1,0.88427734375,1,1,0.75927734375,1,1,0.7188791317960808,-1,1
test01701_chunk_581,test01701,"A new siding was provided in 1956 for Woodhall paper mill at the station, however in 1958, reports recommended that the station should be closed as revenue was in the region of £1,750 per annum and there was only one goods train per day.",supported,1,0,0.27001953125,0,1,0.27294921875,1,0,0.4604207204384843,-1,0
test01701_chunk_582,test01701,"A new siding was provided in 1956 for Woodhall paper mill at the station, however in 1958, reports recommended that the station should be closed as revenue was in the region of £1,750 per annum and there was only one goods train per day.",supported,1,0,0.11138916015625,0,0,0.10980224609375,0,0,0.4363096745801538,-1,0
test01701_chunk_583,test01701,"A new siding was provided in 1956 for Woodhall paper mill at the station, however in 1958, reports recommended that the station should be closed as revenue was in the region of £1,750 per annum and there was only one goods train per day.",supported,1,1,0.6279296875,1,1,0.6240234375,1,1,0.6410507224265335,-1,1
test02729_chunk_584,test02729,"In January 2011, the group signed to Shady Records and left E1 Entertainment.",partially_supported,0,1,0.7451171875,1,1,0.630859375,1,1,0.6575795719607215,-1,1
test02729_chunk_585,test02729,"In January 2011, the group signed to Shady Records and left E1 Entertainment.",partially_supported,0,1,0.5517578125,1,1,0.52294921875,1,1,0.602716909860461,-1,1
test02729_chunk_586,test02729,"In January 2011, the group signed to Shady Records and left E1 Entertainment.",partially_supported,0,1,0.787109375,1,1,0.59375,1,1,0.6347882506079351,-1,1
test04405_chunk_587,test04405,"In 2019, it was reported that the campus had the highest number of “major crimes” of any public NYC high school in the 2017-18 school year, although it was not the most violent.",supported,1,0,0.0134658813476562,0,0,0.000706672668457,0,0,0.3665563505489181,-1,0
test04405_chunk_588,test04405,"In 2019, it was reported that the campus had the highest number of “major crimes” of any public NYC high school in the 2017-18 school year, although it was not the most violent.",supported,1,0,0.0003855228424072,0,0,0.0002899169921875,0,0,0.287086120475291,-1,0
test04405_chunk_589,test04405,"In 2019, it was reported that the campus had the highest number of “major crimes” of any public NYC high school in the 2017-18 school year, although it was not the most violent.",supported,1,0,0.0020160675048828,0,0,0.001561164855957,0,0,0.274686515896185,0,0
test03237_chunk_590,test03237,"In the 18-34 male demographic, it's 5.0 rating nearly tripled its lead-in (1.7).",partially_supported,0,0,0.0036125183105468,0,0,0.0106201171875,0,0,0.2618480795922685,0,0
test03237_chunk_591,test03237,"In the 18-34 male demographic, it's 5.0 rating nearly tripled its lead-in (1.7).",partially_supported,0,0,0.07403564453125,0,0,0.0870361328125,0,0,0.3039595931351883,-1,0
test03237_chunk_592,test03237,"In the 18-34 male demographic, it's 5.0 rating nearly tripled its lead-in (1.7).",partially_supported,0,1,0.62060546875,1,1,0.72998046875,1,1,0.6843296194616973,-1,1
test01047_chunk_593,test01047,"The album featured contributions from Sia Furler, Mike Del Rio, Cutfather, Pharrell Williams, MNEK and Ariel Rechtshaid.",partially_supported,0,0,0.170166015625,0,1,0.2332763671875,0,0,0.4079316103453248,-1,0
test01047_chunk_594,test01047,"The album featured contributions from Sia Furler, Mike Del Rio, Cutfather, Pharrell Williams, MNEK and Ariel Rechtshaid.",partially_supported,0,1,0.50830078125,1,0,0.10870361328125,1,0,0.3357167489989006,-1,0
test01047_chunk_595,test01047,"The album featured contributions from Sia Furler, Mike Del Rio, Cutfather, Pharrell Williams, MNEK and Ariel Rechtshaid.",partially_supported,0,0,0.1036376953125,0,1,0.2337646484375,0,0,0.4038329167545894,-1,0
test02640_chunk_596,test02640,"In Tripoli, the GNC announced the temporary closure of the borders with Algeria, Niger, Chad and Sudan, and declared southern Libya as a ""closed military zone"".",supported,1,0,0.07403564453125,0,0,0.05963134765625,0,0,0.4269135811759328,-1,0
test02640_chunk_597,test02640,"In Tripoli, the GNC announced the temporary closure of the borders with Algeria, Niger, Chad and Sudan, and declared southern Libya as a ""closed military zone"".",supported,1,0,0.1654052734375,0,0,0.120849609375,0,0,0.402676594737064,-1,0
test02640_chunk_598,test02640,"In Tripoli, the GNC announced the temporary closure of the borders with Algeria, Niger, Chad and Sudan, and declared southern Libya as a ""closed military zone"".",supported,1,0,0.0784912109375,0,0,0.033843994140625,0,0,0.4262540561673014,-1,0
test01467_chunk_599,test01467,"In November 2006, Hirst was curator of ""In the darkest hour there may be light"", shown at the Serpentine Gallery, London, the first public exhibition of (a small part of) his own collection.",partially_supported,0,1,0.61474609375,1,1,0.51904296875,1,1,0.5800486796870785,-1,1
test01467_chunk_600,test01467,"In November 2006, Hirst was curator of ""In the darkest hour there may be light"", shown at the Serpentine Gallery, London, the first public exhibition of (a small part of) his own collection.",partially_supported,0,1,0.7998046875,1,1,0.84521484375,1,1,0.747727125320463,-1,1
test01467_chunk_601,test01467,"In November 2006, Hirst was curator of ""In the darkest hour there may be light"", shown at the Serpentine Gallery, London, the first public exhibition of (a small part of) his own collection.",partially_supported,0,1,0.466796875,1,1,0.407470703125,1,1,0.5162219367012049,-1,1
test04144_chunk_602,test04144,"Some have argued that the methodology behind the determination of those who are subject to being detained at such facilities is not scientific and rational, resulting in the detention being merely punitive.",supported,1,0,0.0009436607360839,0,0,0.0009622573852539,0,0,0.2867117773140749,-1,0
test04144_chunk_603,test04144,"Some have argued that the methodology behind the determination of those who are subject to being detained at such facilities is not scientific and rational, resulting in the detention being merely punitive.",supported,1,0,0.021270751953125,0,0,0.033050537109375,0,0,0.3012042726639656,-1,0
test04144_chunk_604,test04144,"Some have argued that the methodology behind the determination of those who are subject to being detained at such facilities is not scientific and rational, resulting in the detention being merely punitive.",supported,1,0,0.0011138916015625,0,0,0.0010881423950195,0,0,0.2869421587650429,-1,0
test04225_chunk_605,test04225,"Harrison was tutored at home until age 14 when he entered Hampden–Sydney College, a Presbyterian college in Virginia.",partially_supported,0,0,0.0056114196777343,0,0,0.0077400207519531,0,0,0.3835226220747051,-1,0
test04225_chunk_606,test04225,"Harrison was tutored at home until age 14 when he entered Hampden–Sydney College, a Presbyterian college in Virginia.",partially_supported,0,0,0.0008020401000976,0,0,0.0008769035339355,0,0,0.3562353218866809,-1,0
test04225_chunk_607,test04225,"Harrison was tutored at home until age 14 when he entered Hampden–Sydney College, a Presbyterian college in Virginia.",partially_supported,0,0,0.0037555694580078,0,0,0.0007834434509277,0,0,0.3869245553398888,-1,0
test02854_chunk_608,test02854,"Automatic number-plate recognition (ANPR) was introduced for use by the Traffic Corps in 2009, and the 'nationwide roll-out of ANPR technology [..] completed in 2010.",partially_supported,0,0,0.0004892349243164,0,0,0.0001342296600341,0,0,0.462565295662448,-1,0
test02854_chunk_609,test02854,"Automatic number-plate recognition (ANPR) was introduced for use by the Traffic Corps in 2009, and the 'nationwide roll-out of ANPR technology [..] completed in 2010.",partially_supported,0,0,0.0014934539794921,0,0,0.0003314018249511,0,0,0.4572306792421426,-1,0
test02854_chunk_610,test02854,"Automatic number-plate recognition (ANPR) was introduced for use by the Traffic Corps in 2009, and the 'nationwide roll-out of ANPR technology [..] completed in 2010.",partially_supported,0,0,0.0029163360595703,0,0,0.0021781921386718,0,0,0.3060290896879342,-1,0
test00185_chunk_611,test00185,"In 2016, the fate of the agency became uncertain, following a lack of commitment from the Government to include it in the budget documents following a spending review by then Chancellor of the Exchequer George Osborne.",partially_supported,0,1,0.99853515625,1,1,0.9990234375,1,1,0.8059126924692375,-1,1
test00185_chunk_612,test00185,"In 2016, the fate of the agency became uncertain, following a lack of commitment from the Government to include it in the budget documents following a spending review by then Chancellor of the Exchequer George Osborne.",partially_supported,0,1,0.998046875,1,1,0.9970703125,1,1,0.7986551291141624,-1,1
test00185_chunk_613,test00185,"In 2016, the fate of the agency became uncertain, following a lack of commitment from the Government to include it in the budget documents following a spending review by then Chancellor of the Exchequer George Osborne.",partially_supported,0,1,0.99609375,1,1,0.99267578125,1,1,0.8057647040475343,-1,1
test00057_chunk_614,test00057,The Granby Zoo eventually traded Cornelius to the San Diego Zoo in exchange for a giraffe.,supported,1,0,0.0018014907836914,0,0,0.045379638671875,0,0,0.4583743344671306,-1,0
test00057_chunk_615,test00057,The Granby Zoo eventually traded Cornelius to the San Diego Zoo in exchange for a giraffe.,supported,1,0,0.0055427551269531,0,0,0.045379638671875,0,0,0.4583743344671306,-1,0
test00057_chunk_616,test00057,The Granby Zoo eventually traded Cornelius to the San Diego Zoo in exchange for a giraffe.,supported,1,0,0.0086898803710937,0,1,0.324951171875,0,1,0.5753363842233092,-1,1
test04273_chunk_617,test04273,"In 2018, Lincicome was granted a sponsor's exemption into the Barbasol Championship on the PGA Tour.",supported,1,0,0.01458740234375,0,0,0.0071983337402343,0,0,0.3511120958932266,-1,0
test04273_chunk_618,test04273,"In 2018, Lincicome was granted a sponsor's exemption into the Barbasol Championship on the PGA Tour.",supported,1,0,0.019927978515625,0,0,0.026641845703125,0,0,0.4664092363611463,-1,0
test04273_chunk_619,test04273,"In 2018, Lincicome was granted a sponsor's exemption into the Barbasol Championship on the PGA Tour.",supported,1,0,0.2213134765625,1,1,0.377197265625,1,1,0.6063007161431826,-1,1
test00308_chunk_620,test00308,"The selection was based on a vote by the general public, for his work with both ""Backtrax USA"" and Sirius XM Hits 1.",supported,1,1,0.98828125,1,1,0.986328125,1,1,0.8019424381834026,-1,1
test00308_chunk_621,test00308,"The selection was based on a vote by the general public, for his work with both ""Backtrax USA"" and Sirius XM Hits 1.",supported,1,1,0.671875,1,1,0.5400390625,1,1,0.5774900340698963,-1,1
test00308_chunk_622,test00308,"The selection was based on a vote by the general public, for his work with both ""Backtrax USA"" and Sirius XM Hits 1.",supported,1,0,0.1630859375,0,1,0.33642578125,0,0,0.4643488687517261,-1,0
test03168_chunk_623,test03168,"Burn One credits the experience with teaching him how to ""sell"" music, from a marketing standpoint, to an interested customer.",supported,1,1,0.9677734375,1,1,0.9169921875,1,1,0.7741577548145339,-1,1
test03168_chunk_624,test03168,"Burn One credits the experience with teaching him how to ""sell"" music, from a marketing standpoint, to an interested customer.",supported,1,1,0.99609375,1,1,0.99658203125,1,1,0.8049441608008261,-1,1
test03168_chunk_625,test03168,"Burn One credits the experience with teaching him how to ""sell"" music, from a marketing standpoint, to an interested customer.",supported,1,0,0.35107421875,1,0,0.1392822265625,1,1,0.5127864061408371,-1,0
test03568_chunk_626,test03568,"As a result, the British tabloids dubbed him ""Bonking Boris"".",supported,1,0,0.0198974609375,0,0,0.018280029296875,0,0,0.3225699270995351,-1,0
test03568_chunk_627,test03568,"As a result, the British tabloids dubbed him ""Bonking Boris"".",supported,1,0,0.0029258728027343,0,0,0.0045890808105468,0,0,0.4351295457912835,-1,0
test03568_chunk_628,test03568,"As a result, the British tabloids dubbed him ""Bonking Boris"".",supported,1,0,0.0206298828125,0,0,0.04718017578125,0,0,0.2946931995595916,-1,0
test01537_chunk_629,test01537,"The decision was made despite the protests of VanderMeer, and prompted her to end her association with the magazine.",supported,1,1,0.802734375,1,1,0.476806640625,1,1,0.5563903228167995,-1,1
test01537_chunk_630,test01537,"The decision was made despite the protests of VanderMeer, and prompted her to end her association with the magazine.",supported,1,1,0.9775390625,1,1,0.994140625,1,1,0.7989254322667091,-1,1
test01537_chunk_631,test01537,"The decision was made despite the protests of VanderMeer, and prompted her to end her association with the magazine.",supported,1,1,0.98828125,1,1,0.9921875,1,1,0.7904435761512734,-1,1
test00373_chunk_632,test00373,"By the late 1990s, the bridge was carrying twice as much traffic as it was designed to handle, and calls from Eastside cities and companies for a replacement bridge intensified.",supported,1,0,0.0013551712036132,0,0,0.0163116455078125,0,0,0.3702771159188567,-1,0
test00373_chunk_633,test00373,"By the late 1990s, the bridge was carrying twice as much traffic as it was designed to handle, and calls from Eastside cities and companies for a replacement bridge intensified.",supported,1,1,0.6552734375,1,1,0.44287109375,1,1,0.5332806050383376,-1,1
test00373_chunk_634,test00373,"By the late 1990s, the bridge was carrying twice as much traffic as it was designed to handle, and calls from Eastside cities and companies for a replacement bridge intensified.",supported,1,1,0.9951171875,1,1,0.48193359375,1,1,0.563727337058109,-1,1
test00784_chunk_635,test00784,"The film was praised for its visual style, acting, and cinematography, but was controversial for whitewashing the cast, particularly Johansson's character, a cyborg who was meant to hold the memories of a Japanese woman.",partially_supported,0,0,0.050018310546875,0,0,0.2073974609375,0,0,0.3834817826095307,-1,0
test00784_chunk_636,test00784,"The film was praised for its visual style, acting, and cinematography, but was controversial for whitewashing the cast, particularly Johansson's character, a cyborg who was meant to hold the memories of a Japanese woman.",partially_supported,0,0,0.3037109375,0,1,0.8310546875,0,1,0.7330122529432168,-1,1
test00784_chunk_637,test00784,"The film was praised for its visual style, acting, and cinematography, but was controversial for whitewashing the cast, particularly Johansson's character, a cyborg who was meant to hold the memories of a Japanese woman.",partially_supported,0,1,0.36328125,0,1,0.87548828125,0,1,0.7483904513551085,-1,1
test03288_chunk_638,test03288,"However, there is another Torah commandment known as ""onah"" (Heb: עונה) which obligates a man to provide sexual intercourse to his wife on a regular basis, regardless of whether they have already had children.",not_supported,0,0,0.0123977661132812,0,0,0.0178985595703125,0,0,0.278677102692405,0,0
test03288_chunk_639,test03288,"However, there is another Torah commandment known as ""onah"" (Heb: עונה) which obligates a man to provide sexual intercourse to his wife on a regular basis, regardless of whether they have already had children.",not_supported,0,0,0.0124282836914062,0,0,0.03057861328125,0,0,0.2879437825561999,-1,0
test00732_chunk_640,test00732,"In 2014, McCord and Mikael Jorgensen (pianist/keyboardist for Wilco) formed the duo Prism Break, inspired by early 1970s German experimental rock.",partially_supported,0,0,0.05316162109375,0,1,0.2427978515625,0,0,0.4638633856478277,-1,0
test00732_chunk_641,test00732,"In 2014, McCord and Mikael Jorgensen (pianist/keyboardist for Wilco) formed the duo Prism Break, inspired by early 1970s German experimental rock.",partially_supported,0,0,0.0369873046875,0,0,0.08026123046875,1,0,0.4678371165706984,-1,0
test00732_chunk_642,test00732,"In 2014, McCord and Mikael Jorgensen (pianist/keyboardist for Wilco) formed the duo Prism Break, inspired by early 1970s German experimental rock.",partially_supported,0,0,0.003671646118164,0,0,0.02630615234375,0,0,0.4421219102286511,-1,0
test03232_chunk_643,test03232,"The diving beetle swims by thrusting its hind legs simultaneously, and can remain underwater for extended periods of time by storing an air bubble beneath its wings.",supported,1,1,0.97802734375,1,1,0.98486328125,1,1,0.8052149069101422,-1,1
test03232_chunk_644,test03232,"The diving beetle swims by thrusting its hind legs simultaneously, and can remain underwater for extended periods of time by storing an air bubble beneath its wings.",supported,1,1,0.97802734375,1,1,0.98486328125,1,1,0.8052149069101422,-1,1
test03232_chunk_645,test03232,"The diving beetle swims by thrusting its hind legs simultaneously, and can remain underwater for extended periods of time by storing an air bubble beneath its wings.",supported,1,1,0.97802734375,1,1,0.98486328125,1,1,0.8052149069101422,-1,1
test00276_chunk_646,test00276,"In addition to scripted content, Basch produced the documentary film ""Life Itself"", for which he won the Producers Guild of America Award in 2015.",supported,1,0,0.0266571044921875,0,0,0.0054397583007812,0,0,0.2874586139549824,-1,0
test00276_chunk_647,test00276,"In addition to scripted content, Basch produced the documentary film ""Life Itself"", for which he won the Producers Guild of America Award in 2015.",supported,1,0,0.0140228271484375,0,0,0.0086288452148437,0,0,0.2903341432837981,-1,0
test00276_chunk_648,test00276,"In addition to scripted content, Basch produced the documentary film ""Life Itself"", for which he won the Producers Guild of America Award in 2015.",supported,1,0,0.001774787902832,0,0,0.0021305084228515,0,0,0.2497993503081197,0,0
test03989_chunk_649,test03989,"The tunnel was temporarily closed for nine days in December after a computer glitch disrupted the tunnel's new emergency-control system, which was repaired and replaced.",partially_supported,0,0,0.0091705322265625,0,0,0.011749267578125,0,0,0.2916015367421931,-1,0
test03989_chunk_650,test03989,"The tunnel was temporarily closed for nine days in December after a computer glitch disrupted the tunnel's new emergency-control system, which was repaired and replaced.",partially_supported,0,0,0.0067520141601562,0,0,0.0149307250976562,0,0,0.2924259916693558,-1,0
test03989_chunk_651,test03989,"The tunnel was temporarily closed for nine days in December after a computer glitch disrupted the tunnel's new emergency-control system, which was repaired and replaced.",partially_supported,0,0,0.01580810546875,0,0,0.0045623779296875,0,0,0.2919275112146881,-1,0
test01296_chunk_652,test01296,"May 2019, a day before the start of the World Cup.",partially_supported,0,1,0.99462890625,1,1,0.96240234375,1,1,0.7955580809375684,-1,1
test01296_chunk_653,test01296,"May 2019, a day before the start of the World Cup.",partially_supported,0,1,0.998046875,1,1,0.998046875,1,1,0.7821075351497011,-1,1
test01296_chunk_654,test01296,"May 2019, a day before the start of the World Cup.",partially_supported,0,1,0.99462890625,1,1,0.9853515625,1,1,0.7759458510829133,-1,1
test00837_chunk_655,test00837,"The cities of New Smyrna Beach and Edgewater, the Merritt Island National Wildlife Refuge and the Kennedy Space Center adjoin the lagoon.",partially_supported,0,0,0.00128173828125,0,0,0.0013961791992187,0,0,0.2874169736346948,-1,0
test00837_chunk_656,test00837,"The cities of New Smyrna Beach and Edgewater, the Merritt Island National Wildlife Refuge and the Kennedy Space Center adjoin the lagoon.",partially_supported,0,0,0.0031299591064453,0,0,0.0022811889648437,0,0,0.2880696547948999,-1,0
test00837_chunk_657,test00837,"The cities of New Smyrna Beach and Edgewater, the Merritt Island National Wildlife Refuge and the Kennedy Space Center adjoin the lagoon.",partially_supported,0,0,0.0009174346923828,0,0,0.0008378028869628,0,0,0.2871474228142912,-1,0
test01299_chunk_658,test01299,"She has been nominated for four Golden Globes Awards, two British Academy Film Awards winning one for each and by earning the Academy Award for Best Supporting Actress honor for ""Fences"", Davis became the first black actor to achieve the Triple Crown of Acting: winning a competitive Oscar, Emmy and Tony in acting categories.",partially_supported,0,0,0.07073974609375,0,0,0.111083984375,0,0,0.320894514742774,-1,0
test01299_chunk_659,test01299,"She has been nominated for four Golden Globes Awards, two British Academy Film Awards winning one for each and by earning the Academy Award for Best Supporting Actress honor for ""Fences"", Davis became the first black actor to achieve the Triple Crown of Acting: winning a competitive Oscar, Emmy and Tony in acting categories.",partially_supported,0,0,0.1253662109375,0,0,0.2156982421875,0,0,0.4311172231734004,-1,0
test01299_chunk_660,test01299,"She has been nominated for four Golden Globes Awards, two British Academy Film Awards winning one for each and by earning the Academy Award for Best Supporting Actress honor for ""Fences"", Davis became the first black actor to achieve the Triple Crown of Acting: winning a competitive Oscar, Emmy and Tony in acting categories.",partially_supported,0,0,0.10382080078125,0,0,0.052947998046875,0,0,0.3032433137607273,-1,0
test02272_chunk_661,test02272,"In 2007 citing the city's bicycle lanes, buses and LRT, ""Forbes"" identified Minneapolis the world's fifth cleanest city.",not_supported,0,0,0.0097427368164062,0,0,0.042144775390625,0,0,0.3038101028976914,-1,0
test02272_chunk_662,test02272,"In 2007 citing the city's bicycle lanes, buses and LRT, ""Forbes"" identified Minneapolis the world's fifth cleanest city.",not_supported,0,0,0.242919921875,0,0,0.19580078125,0,0,0.3940084503467179,-1,0
test02272_chunk_663,test02272,"In 2007 citing the city's bicycle lanes, buses and LRT, ""Forbes"" identified Minneapolis the world's fifth cleanest city.",not_supported,0,0,0.041229248046875,0,0,0.10284423828125,0,0,0.3461221405456814,-1,0
test02672_chunk_664,test02672,A certification and assurance was announced by US Secretary of State Mike Pompeo stating that maximum efforts are being taken by the Saudi-led coalition to avoid civilian casualties in order to legally authorize American military to refuel coalition military aircraft and has affirmed to continued its support.,supported,1,0,0.0057411193847656,0,0,0.0081863403320312,0,0,0.2926595277454614,-1,0
test02672_chunk_665,test02672,A certification and assurance was announced by US Secretary of State Mike Pompeo stating that maximum efforts are being taken by the Saudi-led coalition to avoid civilian casualties in order to legally authorize American military to refuel coalition military aircraft and has affirmed to continued its support.,supported,1,0,0.015838623046875,0,0,0.0122222900390625,0,0,0.2955908321976328,-1,0
test02672_chunk_666,test02672,A certification and assurance was announced by US Secretary of State Mike Pompeo stating that maximum efforts are being taken by the Saudi-led coalition to avoid civilian casualties in order to legally authorize American military to refuel coalition military aircraft and has affirmed to continued its support.,supported,1,0,0.06036376953125,0,0,0.05035400390625,0,0,0.3122046142072572,-1,0
test01643_chunk_667,test01643,"It is a Massive Open Online Course (MOOC) learning platform, and as of May 2018 included 143 UK and international partners, including non-university partners.",partially_supported,0,1,0.435546875,1,1,0.8759765625,0,1,0.7494181078343336,-1,1
test01643_chunk_668,test01643,"It is a Massive Open Online Course (MOOC) learning platform, and as of May 2018 included 143 UK and international partners, including non-university partners.",partially_supported,0,0,0.1094970703125,0,0,0.215576171875,0,0,0.4024959986230969,-1,0
test01643_chunk_669,test01643,"It is a Massive Open Online Course (MOOC) learning platform, and as of May 2018 included 143 UK and international partners, including non-university partners.",partially_supported,0,1,0.5419921875,1,1,0.302734375,1,0,0.4864083040250392,-1,0
test02423_chunk_670,test02423,"On 20 May 2018, Pope Francis announced that he planned to make Ladaria a cardinal on 28 June.",partially_supported,0,0,0.014923095703125,0,0,0.045166015625,0,0,0.4534271370001246,-1,0
test02423_chunk_671,test02423,"On 20 May 2018, Pope Francis announced that he planned to make Ladaria a cardinal on 28 June.",partially_supported,0,0,0.033966064453125,0,0,0.0477294921875,0,0,0.4480694225471479,-1,0
test02423_chunk_672,test02423,"On 20 May 2018, Pope Francis announced that he planned to make Ladaria a cardinal on 28 June.",partially_supported,0,0,0.0189208984375,0,0,0.0667724609375,0,0,0.4453509617049247,-1,0
test00258_chunk_673,test00258,Each player received a key to the city from Mayor Bill de Blasio.,supported,1,0,0.10546875,0,0,0.0916748046875,0,0,0.3456143553529028,-1,0
test00258_chunk_674,test00258,Each player received a key to the city from Mayor Bill de Blasio.,supported,1,0,0.0021190643310546,0,0,0.0051002502441406,0,0,0.2894430513723723,-1,0
test00258_chunk_675,test00258,Each player received a key to the city from Mayor Bill de Blasio.,supported,1,0,0.0247955322265625,0,0,0.02398681640625,0,0,0.3158131020481953,-1,0
test01759_chunk_676,test01759,"Their members choose the Senators of the Dutch Senate, in a manner similar to the members of the provincial councils in the European Netherlands.",supported,1,1,0.50830078125,1,1,0.51123046875,1,1,0.5741479946659712,-1,1
test01759_chunk_677,test01759,"Their members choose the Senators of the Dutch Senate, in a manner similar to the members of the provincial councils in the European Netherlands.",supported,1,0,0.0248870849609375,0,0,0.0271148681640625,0,0,0.45580238395843,-1,0
test01759_chunk_678,test01759,"Their members choose the Senators of the Dutch Senate, in a manner similar to the members of the provincial councils in the European Netherlands.",supported,1,1,0.81494140625,1,1,0.6484375,1,1,0.7012075979153088,-1,1
test00820_chunk_679,test00820,Peltier lives on the Unceded Anishinawbe Territory on Manitoulin Island in northern Ontario.,partially_supported,0,0,0.2122802734375,0,0,0.128662109375,0,0,0.3863584152734036,-1,0
test00820_chunk_680,test00820,Peltier lives on the Unceded Anishinawbe Territory on Manitoulin Island in northern Ontario.,partially_supported,0,0,0.0113754272460937,0,0,0.033843994140625,0,0,0.312150321058043,-1,0
test00820_chunk_681,test00820,Peltier lives on the Unceded Anishinawbe Territory on Manitoulin Island in northern Ontario.,partially_supported,0,0,0.0066375732421875,0,0,0.021759033203125,0,0,0.2698133663931933,0,0
test01702_chunk_682,test01702,"He also has a master's, juris doctor, and doctorate degree from Ohio State University.",supported,1,0,0.04815673828125,0,1,0.2369384765625,0,1,0.5118972010122143,-1,0
test01702_chunk_683,test01702,"He also has a master's, juris doctor, and doctorate degree from Ohio State University.",supported,1,0,0.00311279296875,0,0,0.04461669921875,0,0,0.3071410126027074,-1,0
test01702_chunk_684,test01702,"He also has a master's, juris doctor, and doctorate degree from Ohio State University.",supported,1,0,0.0054588317871093,0,0,0.04461669921875,0,0,0.3071410126027074,-1,0
test00265_chunk_685,test00265,The bridge over the River Tolka in Drumcondra at Millmount Avenue/Botanic Avenue was named Droichead Frank Flood on 14 March 2018.,partially_supported,0,0,0.0166778564453125,0,0,0.0099945068359375,0,0,0.3970527209968528,-1,0
test00265_chunk_686,test00265,The bridge over the River Tolka in Drumcondra at Millmount Avenue/Botanic Avenue was named Droichead Frank Flood on 14 March 2018.,partially_supported,0,0,0.059051513671875,0,1,0.335205078125,0,1,0.5051561493095533,-1,0
test00265_chunk_687,test00265,The bridge over the River Tolka in Drumcondra at Millmount Avenue/Botanic Avenue was named Droichead Frank Flood on 14 March 2018.,partially_supported,0,0,0.0240020751953125,0,0,0.0187225341796875,0,0,0.4386985705328165,-1,0
test02220_chunk_688,test02220,She would continue to learn from her father for another 13 years.,supported,1,0,0.0003118515014648,0,0,0.0004663467407226,0,0,0.2841803449752447,-1,0
test02220_chunk_689,test02220,She would continue to learn from her father for another 13 years.,supported,1,0,0.0018777847290039,0,0,0.0006628036499023,0,0,0.284710523008562,-1,0
test02220_chunk_690,test02220,She would continue to learn from her father for another 13 years.,supported,1,0,0.0010242462158203,0,0,0.0007300376892089,0,0,0.2866798806284844,-1,0
test01413_chunk_691,test01413,"The Bahamas Ministry of Tourism apologized on behalf of the nation, and denied having any responsibility for how the events unfolded.",partially_supported,0,0,0.0020408630371093,0,0,0.0151748657226562,0,0,0.2818185857798172,-1,0
test01413_chunk_692,test01413,"The Bahamas Ministry of Tourism apologized on behalf of the nation, and denied having any responsibility for how the events unfolded.",partially_supported,0,0,0.000737190246582,0,0,0.000856876373291,0,0,0.2840007125594197,-1,0
test01413_chunk_693,test01413,"The Bahamas Ministry of Tourism apologized on behalf of the nation, and denied having any responsibility for how the events unfolded.",partially_supported,0,0,0.0019187927246093,0,0,0.0151748657226562,0,0,0.2818185857798172,-1,0
test01486_chunk_694,test01486,"They are seen weathering a sandstorm, followed by a snowstorm and a rainstorm which culminates in a standoff of sorts .",partially_supported,0,0,0.06365966796875,0,1,0.3974609375,0,1,0.507379358320709,-1,0
test01486_chunk_695,test01486,"They are seen weathering a sandstorm, followed by a snowstorm and a rainstorm which culminates in a standoff of sorts .",partially_supported,0,0,0.200927734375,0,1,0.312255859375,0,0,0.4524735108035687,-1,0
test01486_chunk_696,test01486,"They are seen weathering a sandstorm, followed by a snowstorm and a rainstorm which culminates in a standoff of sorts .",partially_supported,0,0,0.278076171875,0,1,0.2320556640625,0,0,0.4098460036370653,-1,0
test00223_chunk_697,test00223,"The first legs were played on March 6–7, and the second legs were played on March 13–14, 2018.",supported,1,1,0.9296875,1,1,0.87255859375,1,1,0.7421937144223479,-1,1
test00223_chunk_698,test00223,"The first legs were played on March 6–7, and the second legs were played on March 13–14, 2018.",supported,1,0,0.2420654296875,1,1,0.24755859375,0,0,0.4608765472251806,-1,0
test00223_chunk_699,test00223,"The first legs were played on March 6–7, and the second legs were played on March 13–14, 2018.",supported,1,1,0.71533203125,1,1,0.8857421875,1,1,0.7571095756946574,-1,1
test01678_chunk_700,test01678,"Following the film's end credits, Angelica's voodoo doll of Sparrow has drifted to the island that she is marooned on.",not_supported,0,1,0.8095703125,1,1,0.9638671875,1,1,0.7811140637814264,-1,1
test01678_chunk_701,test01678,"Following the film's end credits, Angelica's voodoo doll of Sparrow has drifted to the island that she is marooned on.",not_supported,0,1,0.64453125,1,1,0.466552734375,1,1,0.5840114798939159,-1,1
test01678_chunk_702,test01678,"Following the film's end credits, Angelica's voodoo doll of Sparrow has drifted to the island that she is marooned on.",not_supported,0,1,0.7822265625,1,1,0.28466796875,1,0,0.4460570358424138,-1,0
test02543_chunk_703,test02543,"He was on the Glickenhaus team for 2016, but their car was crashed during a practice session.",not_supported,0,0,0.0048179626464843,0,0,0.001317024230957,0,0,0.2752363147321557,0,0
test02543_chunk_704,test02543,"He was on the Glickenhaus team for 2016, but their car was crashed during a practice session.",not_supported,0,0,0.0018825531005859,0,0,0.0033187866210937,0,0,0.2760649714860704,0,0
test02543_chunk_705,test02543,"He was on the Glickenhaus team for 2016, but their car was crashed during a practice session.",not_supported,0,0,0.0018281936645507,0,0,0.0026683807373046,0,0,0.2912685158672384,-1,0
test03456_chunk_706,test03456,"Students that arrived late would have to check in with the front office, and staff members began to screen students with metal detector wands before allowing them to enter.",partially_supported,0,0,0.0225372314453125,0,0,0.0086288452148437,0,0,0.2905803873767314,-1,0
test03456_chunk_707,test03456,"Students that arrived late would have to check in with the front office, and staff members began to screen students with metal detector wands before allowing them to enter.",partially_supported,0,0,0.0068626403808593,0,0,0.0061988830566406,0,0,0.2888218292026528,-1,0
test03456_chunk_708,test03456,"Students that arrived late would have to check in with the front office, and staff members began to screen students with metal detector wands before allowing them to enter.",partially_supported,0,0,0.0015640258789062,0,0,0.0020389556884765,0,0,0.2876603725529231,-1,0
test00164_chunk_709,test00164,"Dziabiak was born in Freedom, Pennsylvania, in 1987.",partially_supported,0,0,0.0013713836669921,0,0,0.0010690689086914,0,0,0.4147944732720649,-1,0
test00164_chunk_710,test00164,"Dziabiak was born in Freedom, Pennsylvania, in 1987.",partially_supported,0,0,0.0014858245849609,0,0,0.002634048461914,0,0,0.4171868695465711,-1,0
test00164_chunk_711,test00164,"Dziabiak was born in Freedom, Pennsylvania, in 1987.",partially_supported,0,0,0.0012226104736328,0,0,0.0024852752685546,0,0,0.4160199387022654,-1,0
test00224_chunk_712,test00224,New Zealand were the fourth and final team to qualify for the semi-finals after Pakistan were unable to increase their net run rate sufficiently enough in their match against Bangladesh at Lord's.,partially_supported,0,1,0.953125,1,1,0.94091796875,1,1,0.7843573331939728,-1,1
test00224_chunk_713,test00224,New Zealand were the fourth and final team to qualify for the semi-finals after Pakistan were unable to increase their net run rate sufficiently enough in their match against Bangladesh at Lord's.,partially_supported,0,1,0.91943359375,1,1,0.9765625,1,1,0.7921988126891532,-1,1
test00224_chunk_714,test00224,New Zealand were the fourth and final team to qualify for the semi-finals after Pakistan were unable to increase their net run rate sufficiently enough in their match against Bangladesh at Lord's.,partially_supported,0,1,0.6337890625,1,1,0.787109375,1,1,0.7245040905832367,-1,1
test01679_chunk_715,test01679,"Trading as Lürssen Yachts, it is one of the leading builders of custom superyachts such as Paul Allen's ""Octopus"", David Geffen's ""Rising Sun"", and ""Azzam"", the largest private yacht in the world at 180 m in length.",partially_supported,0,0,0.2257080078125,0,0,0.2218017578125,0,0,0.425025564228445,-1,0
test01679_chunk_716,test01679,"Trading as Lürssen Yachts, it is one of the leading builders of custom superyachts such as Paul Allen's ""Octopus"", David Geffen's ""Rising Sun"", and ""Azzam"", the largest private yacht in the world at 180 m in length.",partially_supported,0,1,0.92431640625,1,1,0.8544921875,1,1,0.7535542861414743,-1,1
test01679_chunk_717,test01679,"Trading as Lürssen Yachts, it is one of the leading builders of custom superyachts such as Paul Allen's ""Octopus"", David Geffen's ""Rising Sun"", and ""Azzam"", the largest private yacht in the world at 180 m in length.",partially_supported,0,1,0.65771484375,1,1,0.619140625,1,1,0.6425495718646519,-1,1
test01645_chunk_718,test01645,"After a 3–2 home win over Bermuda and two losses to El Salvador, Jamaica finished in third place and was eliminated.",partially_supported,0,0,0.09405517578125,0,0,0.09405517578125,0,0,0.4524977477261684,-1,0
test01645_chunk_719,test01645,"After a 3–2 home win over Bermuda and two losses to El Salvador, Jamaica finished in third place and was eliminated.",partially_supported,0,1,0.5361328125,1,1,0.5361328125,1,1,0.629300499276694,-1,1
test01645_chunk_720,test01645,"After a 3–2 home win over Bermuda and two losses to El Salvador, Jamaica finished in third place and was eliminated.",partially_supported,0,0,0.252685546875,0,1,0.25146484375,0,0,0.4395410026865864,-1,0
test01459_chunk_721,test01459,"The museum was completed on budget, and opened three days ahead of schedule on July 1, 1976.",partially_supported,0,0,0.0002194643020629,0,0,0.0002768039703369,0,0,0.2866181151592059,-1,0
test01459_chunk_722,test01459,"The museum was completed on budget, and opened three days ahead of schedule on July 1, 1976.",partially_supported,0,0,0.0001710653305053,0,0,0.0002322196960449,0,0,0.2846151828531703,-1,0
test01459_chunk_723,test01459,"The museum was completed on budget, and opened three days ahead of schedule on July 1, 1976.",partially_supported,0,0,0.0002715587615966,0,0,0.0002994537353515,0,0,0.2866300237959002,-1,0
test00329_chunk_724,test00329,"The film won the award, making it one of six International Emmys for the UK, and one of three for the BBC, in 2009.",partially_supported,0,0,0.1102294921875,0,1,0.49169921875,1,1,0.6250620120377808,-1,1
test00329_chunk_725,test00329,"The film won the award, making it one of six International Emmys for the UK, and one of three for the BBC, in 2009.",partially_supported,0,1,0.5390625,1,1,0.7626953125,1,1,0.7176504158351411,-1,1
test00329_chunk_726,test00329,"The film won the award, making it one of six International Emmys for the UK, and one of three for the BBC, in 2009.",partially_supported,0,0,0.1654052734375,0,1,0.285400390625,1,0,0.4978169521181769,-1,0
test01288_chunk_727,test01288,"Among the wounded were two US citizens, six Japanese, and one Dutch national.",partially_supported,0,0,0.0054702758789062,0,0,0.0010566711425781,1,0,0.461194335948598,-1,0
test01288_chunk_728,test01288,"Among the wounded were two US citizens, six Japanese, and one Dutch national.",partially_supported,0,0,0.0059471130371093,0,0,0.0011482238769531,0,0,0.4620267176410294,-1,0
test01288_chunk_729,test01288,"Among the wounded were two US citizens, six Japanese, and one Dutch national.",partially_supported,0,0,0.006195068359375,0,0,0.0007181167602539,0,0,0.4154819068748059,-1,0
test02207_chunk_730,test02207,"On 1 February 2018, Austin was selected to represent Melbourne Victory in the E-League's inaugural season, alongside Mouad Zwed, becoming one of a handful of professional football players to compete in e-sports as well.",not_supported,0,1,0.372314453125,1,1,0.82421875,1,1,0.7372568485624257,-1,1
test02207_chunk_731,test02207,"On 1 February 2018, Austin was selected to represent Melbourne Victory in the E-League's inaugural season, alongside Mouad Zwed, becoming one of a handful of professional football players to compete in e-sports as well.",not_supported,0,1,0.43994140625,1,1,0.77587890625,1,1,0.7140634012032401,-1,1
test01176_chunk_732,test01176,"In 2014, the Central Bank of Malta issued a silver €10 and gold €50 coin in Camilleri's honour - and as part of the EUROPA star collector coin series which  highlights European culture and events on an annual basis.",supported,1,0,0.10394287109375,0,0,0.0295867919921875,0,0,0.3056616423862538,-1,0
test01176_chunk_733,test01176,"In 2014, the Central Bank of Malta issued a silver €10 and gold €50 coin in Camilleri's honour - and as part of the EUROPA star collector coin series which  highlights European culture and events on an annual basis.",supported,1,0,0.1422119140625,0,0,0.038330078125,0,0,0.3223332044510322,-1,0
test01176_chunk_734,test01176,"In 2014, the Central Bank of Malta issued a silver €10 and gold €50 coin in Camilleri's honour - and as part of the EUROPA star collector coin series which  highlights European culture and events on an annual basis.",supported,1,0,0.041412353515625,0,0,0.0228424072265625,0,0,0.313611572707817,-1,0
test03648_chunk_735,test03648,"In Madras, she met and married the distinguished economist and diplomat Sir Benegal Rama Rau a Chitrapur Saraswat Brahmin and a south Indian from a distinguished family.",partially_supported,0,0,0.0015878677368164,0,0,0.0026988983154296,0,0,0.2819761442520073,-1,0
test03648_chunk_736,test03648,"In Madras, she met and married the distinguished economist and diplomat Sir Benegal Rama Rau a Chitrapur Saraswat Brahmin and a south Indian from a distinguished family.",partially_supported,0,0,0.0049171447753906,0,0,0.0140914916992187,0,0,0.2925175044613619,-1,0
test03648_chunk_737,test03648,"In Madras, she met and married the distinguished economist and diplomat Sir Benegal Rama Rau a Chitrapur Saraswat Brahmin and a south Indian from a distinguished family.",partially_supported,0,0,0.001509666442871,0,0,0.0028114318847656,0,0,0.2817759214628106,-1,0
test02730_chunk_738,test02730,"In 2003, the station began syndication of the program """"Exploring Music"" with Bill McGlaughlin"", an educational daily program on various themes in classical music.",partially_supported,0,1,0.9794921875,1,1,0.9697265625,1,1,0.8017043262154764,-1,1
test02730_chunk_739,test02730,"In 2003, the station began syndication of the program """"Exploring Music"" with Bill McGlaughlin"", an educational daily program on various themes in classical music.",partially_supported,0,1,0.986328125,1,1,0.9892578125,1,1,0.8068236589403343,-1,1
test02730_chunk_740,test02730,"In 2003, the station began syndication of the program """"Exploring Music"" with Bill McGlaughlin"", an educational daily program on various themes in classical music.",partially_supported,0,1,0.9755859375,1,1,0.984375,1,1,0.8041166978794454,-1,1
test01374_chunk_741,test01374,"GECF joined as an eighth partner in 2014, enabling JODI also to cover nearly 90 percent of the global market for natural gas.",partially_supported,0,0,0.0894775390625,0,0,0.055511474609375,0,0,0.331187669550612,-1,0
test01374_chunk_742,test01374,"GECF joined as an eighth partner in 2014, enabling JODI also to cover nearly 90 percent of the global market for natural gas.",partially_supported,0,0,0.04730224609375,0,0,0.1756591796875,0,0,0.4563770170855196,-1,0
test01374_chunk_743,test01374,"GECF joined as an eighth partner in 2014, enabling JODI also to cover nearly 90 percent of the global market for natural gas.",partially_supported,0,0,0.224853515625,0,0,0.226806640625,0,0,0.4370957500646781,-1,0
test00454_chunk_744,test00454,"Brazil's Deputy Sports Minister, Luis Fernandes, responded by stating that there was ""no panic"".",partially_supported,0,0,0.0301361083984375,0,0,0.07098388671875,0,0,0.327683736217232,-1,0
test00454_chunk_745,test00454,"Brazil's Deputy Sports Minister, Luis Fernandes, responded by stating that there was ""no panic"".",partially_supported,0,0,0.04534912109375,0,0,0.031890869140625,0,0,0.3099366165714886,-1,0
test00454_chunk_746,test00454,"Brazil's Deputy Sports Minister, Luis Fernandes, responded by stating that there was ""no panic"".",partially_supported,0,0,0.06488037109375,0,0,0.0044097900390625,0,0,0.2890863237726985,-1,0
test02789_chunk_747,test02789,"The 2016 Maryland flood severely impacted the historic district on July 30, 2016, as did another flood on May 27, 2018.",partially_supported,0,0,0.0141677856445312,0,0,0.002328872680664,0,0,0.2860921188494994,-1,0
test02789_chunk_748,test02789,"The 2016 Maryland flood severely impacted the historic district on July 30, 2016, as did another flood on May 27, 2018.",partially_supported,0,0,0.012939453125,0,0,0.0068855285644531,0,0,0.2885693417016894,-1,0
test02789_chunk_749,test02789,"The 2016 Maryland flood severely impacted the historic district on July 30, 2016, as did another flood on May 27, 2018.",partially_supported,0,0,0.0036334991455078,0,0,0.0026760101318359,0,0,0.2822297210961329,-1,0
test03082_chunk_750,test03082,"Kevin J. Anderson was born March 27, 1962 in Racine, Wisconsin, and grew up in Oregon, Wisconsin.",partially_supported,0,0,0.04351806640625,0,1,0.376953125,0,0,0.4866031069674158,-1,0
test03082_chunk_751,test03082,"Kevin J. Anderson was born March 27, 1962 in Racine, Wisconsin, and grew up in Oregon, Wisconsin.",partially_supported,0,0,0.04351806640625,0,1,0.376953125,0,0,0.4866031069674158,-1,0
test03082_chunk_752,test03082,"Kevin J. Anderson was born March 27, 1962 in Racine, Wisconsin, and grew up in Oregon, Wisconsin.",partially_supported,0,0,0.07806396484375,0,1,0.383544921875,0,0,0.4901750343245523,-1,0
test01371_chunk_753,test01371,"The first leg was played on April 17, and the second leg was played on April 25, 2018.",partially_supported,0,1,0.406982421875,1,1,0.4765625,1,1,0.5885766972929257,-1,1
test01371_chunk_754,test01371,"The first leg was played on April 17, and the second leg was played on April 25, 2018.",partially_supported,0,1,0.3671875,1,0,0.197265625,1,1,0.5161675967646259,-1,1
test01371_chunk_755,test01371,"The first leg was played on April 17, and the second leg was played on April 25, 2018.",partially_supported,0,1,0.9072265625,1,1,0.8232421875,1,1,0.7383783607907612,-1,1
test00615_chunk_756,test00615,"The series order was officially announced in May, with an anticipated premiere date of 2020.",supported,1,1,0.7099609375,1,1,0.576171875,1,1,0.599514601734552,-1,1
test00615_chunk_757,test00615,"The series order was officially announced in May, with an anticipated premiere date of 2020.",supported,1,1,0.66455078125,1,1,0.765625,1,1,0.7063136267640215,-1,1
test00615_chunk_758,test00615,"The series order was officially announced in May, with an anticipated premiere date of 2020.",supported,1,1,0.7578125,1,1,0.95654296875,1,1,0.7912104807251644,-1,1
test03050_chunk_759,test03050,"The council was founded on 1 July 1997 with the amalgamation of the District Council of Clare, the District Council of Riverton and the District Council of Saddleworth and Auburn.",supported,1,0,0.11065673828125,0,0,0.150146484375,0,0,0.3829341488098425,-1,0
test03050_chunk_760,test03050,"The council was founded on 1 July 1997 with the amalgamation of the District Council of Clare, the District Council of Riverton and the District Council of Saddleworth and Auburn.",supported,1,0,0.0094680786132812,0,1,0.669921875,0,1,0.6672815881980833,-1,1
test03050_chunk_761,test03050,"The council was founded on 1 July 1997 with the amalgamation of the District Council of Clare, the District Council of Riverton and the District Council of Saddleworth and Auburn.",supported,1,0,0.053985595703125,0,0,0.0209503173828125,0,0,0.2974175975417073,-1,0
test03107_chunk_762,test03107,"Roughly half of this welfare assistance, or $462 billion went to families with children, most of which are headed by single parents.",not_supported,0,0,0.10284423828125,0,0,0.1864013671875,0,0,0.3851677423577566,-1,0
test03107_chunk_763,test03107,"Roughly half of this welfare assistance, or $462 billion went to families with children, most of which are headed by single parents.",not_supported,0,0,0.274658203125,0,1,0.447265625,0,1,0.5305184263536175,-1,1
test03107_chunk_764,test03107,"Roughly half of this welfare assistance, or $462 billion went to families with children, most of which are headed by single parents.",not_supported,0,1,0.74365234375,1,1,0.86572265625,1,1,0.7569423938663411,-1,1
test02052_chunk_765,test02052,"On January 25, 2019, it was announced that Annett would be driving the No. 1 Chevrolet with the points from the No. 5 car going over to the No. 1 car.",supported,1,1,0.6044921875,1,1,0.59765625,1,1,0.6833458485682674,-1,1
test02052_chunk_766,test02052,"On January 25, 2019, it was announced that Annett would be driving the No. 1 Chevrolet with the points from the No. 5 car going over to the No. 1 car.",supported,1,1,0.97216796875,1,1,0.92431640625,1,1,0.7888413107089295,-1,1
test02052_chunk_767,test02052,"On January 25, 2019, it was announced that Annett would be driving the No. 1 Chevrolet with the points from the No. 5 car going over to the No. 1 car.",supported,1,0,0.3251953125,1,1,0.302490234375,1,1,0.56508049238467,-1,1
test00156_chunk_768,test00156,"On January 5, 1971, fellow Manson Family member Catherine ""Gypsy"" Share gave birth to a son while in jail awaiting trial; she later revealed that Grogan was the father.",partially_supported,0,1,0.397216796875,1,1,0.374267578125,1,0,0.4986313643327734,-1,0
test00156_chunk_769,test00156,"On January 5, 1971, fellow Manson Family member Catherine ""Gypsy"" Share gave birth to a son while in jail awaiting trial; she later revealed that Grogan was the father.",partially_supported,0,0,0.168212890625,0,0,0.1544189453125,0,0,0.3910623486324404,-1,0
test00156_chunk_770,test00156,"On January 5, 1971, fellow Manson Family member Catherine ""Gypsy"" Share gave birth to a son while in jail awaiting trial; she later revealed that Grogan was the father.",partially_supported,0,0,0.266357421875,0,1,0.39501953125,0,0,0.4935051651235096,-1,1
test01052_chunk_771,test01052,Wingfield was a recipient of the Christiaan Hendrik Persoon medal for her scientific achievements from the Southern African Society for Plant Pathology.,not_supported,0,0,0.0088043212890625,0,0,0.0014934539794921,0,0,0.2860021168835495,-1,0
test01052_chunk_772,test01052,Wingfield was a recipient of the Christiaan Hendrik Persoon medal for her scientific achievements from the Southern African Society for Plant Pathology.,not_supported,0,0,0.0131988525390625,0,0,0.0041351318359375,0,0,0.2935777596905486,-1,0
test01052_chunk_773,test01052,Wingfield was a recipient of the Christiaan Hendrik Persoon medal for her scientific achievements from the Southern African Society for Plant Pathology.,not_supported,0,0,0.2137451171875,0,0,0.0860595703125,0,0,0.4468916105567083,-1,0
test00601_chunk_774,test00601,"It is also located just a few blocks away from the Capital One Arena, the home court of the men's basketball team.",not_supported,0,0,0.0006422996520996,0,0,0.0004465579986572,0,0,0.2848120513185415,-1,0
test00601_chunk_775,test00601,"It is also located just a few blocks away from the Capital One Arena, the home court of the men's basketball team.",not_supported,0,0,0.0176544189453125,0,0,0.0019645690917968,0,0,0.2868842072033963,-1,0
test00601_chunk_776,test00601,"It is also located just a few blocks away from the Capital One Arena, the home court of the men's basketball team.",not_supported,0,0,0.0169830322265625,0,0,0.0061836242675781,0,0,0.2879546755075205,-1,0
test01846_chunk_777,test01846,"His mother moved the family back to the United States, and in 1954 when Janklow was 15, they settled in her home town of Flandreau, South Dakota.",supported,1,1,0.453857421875,1,0,0.00799560546875,1,0,0.2906634645924535,-1,0
test01846_chunk_778,test01846,"His mother moved the family back to the United States, and in 1954 when Janklow was 15, they settled in her home town of Flandreau, South Dakota.",supported,1,0,0.0027084350585937,0,0,0.0120620727539062,0,0,0.2926294285117925,-1,0
test01846_chunk_779,test01846,"His mother moved the family back to the United States, and in 1954 when Janklow was 15, they settled in her home town of Flandreau, South Dakota.",supported,1,0,0.33935546875,0,0,0.20751953125,0,0,0.4113864280528973,-1,0
test00690_chunk_780,test00690,"St. Mary’s University is accredited to offer a Bachelor of Science degree, a Bachelor of Education after degree, eight Bachelor of Arts degrees including: 3 Year General Studies Degree, 4 Year Liberal Studies Degree, 3 and 4 Year English Degrees, 3 and 4 year History Degrees, 3 and 4 year Psychology Degrees as well as transferable university courses in 35 academic disciplines.",partially_supported,0,0,0.0517578125,0,0,0.0193939208984375,0,0,0.3218044119418836,-1,0
test00690_chunk_781,test00690,"St. Mary’s University is accredited to offer a Bachelor of Science degree, a Bachelor of Education after degree, eight Bachelor of Arts degrees including: 3 Year General Studies Degree, 4 Year Liberal Studies Degree, 3 and 4 Year English Degrees, 3 and 4 year History Degrees, 3 and 4 year Psychology Degrees as well as transferable university courses in 35 academic disciplines.",partially_supported,0,0,0.0007963180541992,0,0,0.0009880065917968,0,0,0.2898686334815202,-1,0
test00690_chunk_782,test00690,"St. Mary’s University is accredited to offer a Bachelor of Science degree, a Bachelor of Education after degree, eight Bachelor of Arts degrees including: 3 Year General Studies Degree, 4 Year Liberal Studies Degree, 3 and 4 Year English Degrees, 3 and 4 year History Degrees, 3 and 4 year Psychology Degrees as well as transferable university courses in 35 academic disciplines.",partially_supported,0,0,0.0858154296875,0,0,0.04876708984375,0,0,0.316080789274263,-1,0
test03887_chunk_783,test03887,"He was also concerned in the event of their deaths on the Moon, he would be forced to return to Earth alone and, as the mission's sole survivor, be regarded as ""a marked man for life"".",supported,1,1,0.943359375,1,1,0.97705078125,1,1,0.8020157100439418,-1,1
test03887_chunk_784,test03887,"He was also concerned in the event of their deaths on the Moon, he would be forced to return to Earth alone and, as the mission's sole survivor, be regarded as ""a marked man for life"".",supported,1,1,0.77978515625,1,1,0.833984375,1,1,0.7417062303304963,-1,1
test03887_chunk_785,test03887,"He was also concerned in the event of their deaths on the Moon, he would be forced to return to Earth alone and, as the mission's sole survivor, be regarded as ""a marked man for life"".",supported,1,1,0.7041015625,1,1,0.693359375,1,1,0.6739270210803965,-1,1
test02351_chunk_786,test02351,"Her parents were Russian Jewish immigrants and founded the ""New York Daily Call"", a Socialist newspaper",not_supported,0,0,0.0039710998535156,0,0,0.1402587890625,0,0,0.348939174675311,-1,0
test02351_chunk_787,test02351,"Her parents were Russian Jewish immigrants and founded the ""New York Daily Call"", a Socialist newspaper",not_supported,0,0,0.0048637390136718,0,0,0.033203125,0,0,0.2873525650816204,-1,0
test03613_chunk_788,test03613,"It was established in 1238, dissolved in 1538 and re-established in 1938.",partially_supported,0,0,0.0123748779296875,0,0,0.0021915435791015,0,0,0.287531603756114,-1,0
test03613_chunk_789,test03613,"It was established in 1238, dissolved in 1538 and re-established in 1938.",partially_supported,0,0,0.0117034912109375,0,0,0.0061721801757812,0,0,0.2893970337327464,-1,0
test03613_chunk_790,test03613,"It was established in 1238, dissolved in 1538 and re-established in 1938.",partially_supported,0,0,0.044281005859375,0,0,0.0066108703613281,0,0,0.289912087012315,-1,0
test04541_chunk_791,test04541,"The album's first promotional single ""Common"" features Brandi Carlile and was released on February 8.",partially_supported,0,0,0.0101318359375,0,0,0.01611328125,0,0,0.398712872534281,-1,0
test04541_chunk_792,test04541,"The album's first promotional single ""Common"" features Brandi Carlile and was released on February 8.",partially_supported,0,1,0.46240234375,1,0,0.0081405639648437,1,0,0.4200489516108127,-1,0
test04541_chunk_793,test04541,"The album's first promotional single ""Common"" features Brandi Carlile and was released on February 8.",partially_supported,0,0,0.0046768188476562,0,0,0.011322021484375,0,0,0.3923004926837683,-1,0
test01191_chunk_794,test01191,"In 2017, Popular Mechanics said that ""Starship Mine"" was one of the top ten most fun episodes of ""Star Trek: The Next Generation,"" noting that Captain Picard must save his ship as races against the clock.",supported,1,0,0.048065185546875,0,0,0.172119140625,1,0,0.4277438066452215,-1,0
test01191_chunk_795,test01191,"In 2017, Popular Mechanics said that ""Starship Mine"" was one of the top ten most fun episodes of ""Star Trek: The Next Generation,"" noting that Captain Picard must save his ship as races against the clock.",supported,1,1,0.625,1,1,0.345947265625,1,1,0.5131403726940017,-1,1
test01191_chunk_796,test01191,"In 2017, Popular Mechanics said that ""Starship Mine"" was one of the top ten most fun episodes of ""Star Trek: The Next Generation,"" noting that Captain Picard must save his ship as races against the clock.",supported,1,0,0.046661376953125,0,0,0.042816162109375,1,0,0.3714723189927527,-1,0
test00733_chunk_797,test00733,He was also a former spokesman and one of the founding  general secretaries of Praja Rajyam Party.,partially_supported,0,0,0.0117645263671875,0,0,0.019622802734375,0,0,0.2991533744181908,-1,0
test00733_chunk_798,test00733,He was also a former spokesman and one of the founding  general secretaries of Praja Rajyam Party.,partially_supported,0,0,0.0030269622802734,0,0,0.05462646484375,0,0,0.314399014915597,-1,0
test00733_chunk_799,test00733,He was also a former spokesman and one of the founding  general secretaries of Praja Rajyam Party.,partially_supported,0,0,0.0216522216796875,0,0,0.03997802734375,0,0,0.3066452918467316,-1,0
test04131_chunk_800,test04131,"Blake Morrison published a volume of poetry, ""A Discoverie of Witches"".",not_supported,0,0,0.0074272155761718,0,0,0.01544189453125,0,0,0.4039313187497873,-1,0
test04131_chunk_801,test04131,"Blake Morrison published a volume of poetry, ""A Discoverie of Witches"".",not_supported,0,0,0.026214599609375,0,0,0.025482177734375,0,0,0.2929829942959771,-1,0
test04131_chunk_802,test04131,"Blake Morrison published a volume of poetry, ""A Discoverie of Witches"".",not_supported,0,0,0.0032901763916015,0,0,0.011199951171875,0,0,0.3824497969830453,-1,0
test02480_chunk_803,test02480,"In June 2018, RetailMeNot sued competitor Honey Science Corporation over patent infringement in computer-related technologies.",partially_supported,0,0,0.0030498504638671,0,0,0.0024547576904296,0,0,0.2745072336648168,0,0
test02480_chunk_804,test02480,"In June 2018, RetailMeNot sued competitor Honey Science Corporation over patent infringement in computer-related technologies.",partially_supported,0,0,0.0065956115722656,0,0,0.0258636474609375,0,0,0.3034960765146378,-1,0
test02480_chunk_805,test02480,"In June 2018, RetailMeNot sued competitor Honey Science Corporation over patent infringement in computer-related technologies.",partially_supported,0,0,0.031524658203125,0,0,0.061676025390625,0,0,0.3047120471926532,-1,0
test03553_chunk_806,test03553,"Leonard-Morgan then went to Los Angeles, California to dub the music for the film.",not_supported,0,0,0.0011520385742187,0,0,0.0084075927734375,0,0,0.2752446571343992,0,0
test03553_chunk_807,test03553,"Leonard-Morgan then went to Los Angeles, California to dub the music for the film.",not_supported,0,0,0.0016241073608398,0,0,0.0014543533325195,0,0,0.2533110115119338,0,0
test03553_chunk_808,test03553,"Leonard-Morgan then went to Los Angeles, California to dub the music for the film.",not_supported,0,0,0.0009822845458984,0,0,0.006683349609375,0,0,0.28439812435499,-1,0
test04216_chunk_809,test04216,"He did not receive any formal secular education as a child, dropping out before he even completed first grade.",supported,1,1,0.97607421875,1,1,0.88525390625,1,1,0.7644774556748651,-1,1
test04216_chunk_810,test04216,"He did not receive any formal secular education as a child, dropping out before he even completed first grade.",supported,1,1,0.47265625,1,1,0.7431640625,1,1,0.6990130254147159,-1,1
test04216_chunk_811,test04216,"He did not receive any formal secular education as a child, dropping out before he even completed first grade.",supported,1,1,0.3974609375,1,1,0.3017578125,1,0,0.4501906714787149,-1,0
test02264_chunk_812,test02264,"Nothomb's first novel, ""Hygiène de l'assassin"", was published in 1992.",supported,1,1,0.6689453125,1,1,0.693359375,1,1,0.6792789262708155,-1,1
test02264_chunk_813,test02264,"Nothomb's first novel, ""Hygiène de l'assassin"", was published in 1992.",supported,1,0,0.2313232421875,0,1,0.96728515625,0,1,0.794748212267379,-1,1
test02264_chunk_814,test02264,"Nothomb's first novel, ""Hygiène de l'assassin"", was published in 1992.",supported,1,0,0.207275390625,0,1,0.984375,0,1,0.8051023595099372,-1,1
test01181_chunk_815,test01181,"Arthur's post-presidency was the second shortest of all presidents who lived past their presidency, after James K. Polk's brief three-month retirement before he died.",partially_supported,0,0,0.0035362243652343,0,0,0.0062637329101562,0,0,0.2913736827022724,-1,0
test01181_chunk_816,test01181,"Arthur's post-presidency was the second shortest of all presidents who lived past their presidency, after James K. Polk's brief three-month retirement before he died.",partially_supported,0,0,0.197265625,0,1,0.42578125,0,1,0.5104219576128257,-1,1
test01181_chunk_817,test01181,"Arthur's post-presidency was the second shortest of all presidents who lived past their presidency, after James K. Polk's brief three-month retirement before he died.",partially_supported,0,0,0.09991455078125,0,0,0.131103515625,0,0,0.3488573645666756,-1,0
test01375_chunk_818,test01375,It is currently one of the most important features of the Internet to develop.,partially_supported,0,0,0.22412109375,0,1,0.93017578125,0,1,0.7764446759019511,-1,1
test01375_chunk_819,test01375,It is currently one of the most important features of the Internet to develop.,partially_supported,0,1,0.363037109375,0,1,0.71533203125,1,1,0.6849024508831808,-1,1
test01375_chunk_820,test01375,It is currently one of the most important features of the Internet to develop.,partially_supported,0,0,0.3037109375,0,1,0.75146484375,1,1,0.7072265398096852,-1,1
test00747_chunk_821,test00747,The architect William Whitfield designed the building as a flexible performance space which also included three bars.,supported,1,1,0.53173828125,1,1,0.9697265625,1,1,0.7959457898132413,-1,1
test00747_chunk_822,test00747,The architect William Whitfield designed the building as a flexible performance space which also included three bars.,supported,1,1,0.474853515625,1,1,0.4794921875,1,1,0.5798670390785409,-1,1
test00747_chunk_823,test00747,The architect William Whitfield designed the building as a flexible performance space which also included three bars.,supported,1,1,0.56103515625,1,1,0.576171875,1,1,0.6275619349934483,-1,1
test03549_chunk_824,test03549,"On 9 July, a few weeks before the Games began, a sculpture outside the new national headquarters of the English Institute of Sport at SportCity was unveiled by the middle-distance runner Steve Cram.",partially_supported,0,0,0.342529296875,1,0,0.11468505859375,1,1,0.5088552692654856,-1,0
test03549_chunk_825,test03549,"On 9 July, a few weeks before the Games began, a sculpture outside the new national headquarters of the English Institute of Sport at SportCity was unveiled by the middle-distance runner Steve Cram.",partially_supported,0,0,0.342529296875,1,0,0.11468505859375,1,1,0.5088552692654856,-1,0
test03549_chunk_826,test03549,"On 9 July, a few weeks before the Games began, a sculpture outside the new national headquarters of the English Institute of Sport at SportCity was unveiled by the middle-distance runner Steve Cram.",partially_supported,0,0,0.342529296875,1,0,0.11468505859375,1,1,0.5088552692654856,-1,0
test03983_chunk_827,test03983,"Phillip Noyce, an executive producer for the series, directed the first two episodes of the season after signing a multi-year deal with 20th Century Fox Television.",partially_supported,0,0,0.16748046875,0,1,0.367431640625,0,0,0.4952269628573958,-1,0
test03983_chunk_828,test03983,"Phillip Noyce, an executive producer for the series, directed the first two episodes of the season after signing a multi-year deal with 20th Century Fox Television.",partially_supported,0,0,0.34814453125,1,1,0.26611328125,0,0,0.4204233401239021,-1,0
test03983_chunk_829,test03983,"Phillip Noyce, an executive producer for the series, directed the first two episodes of the season after signing a multi-year deal with 20th Century Fox Television.",partially_supported,0,0,0.258056640625,0,0,0.1767578125,0,0,0.3804194654942981,-1,0
test04426_chunk_830,test04426,"However, Elon Musk has explained that although BFR was the official name, he drew inspiration from the BFG weapon in the ""Doom"" video games.",partially_supported,0,1,0.92626953125,1,1,0.87255859375,1,1,0.7522737208402346,-1,1
test04426_chunk_831,test04426,"However, Elon Musk has explained that although BFR was the official name, he drew inspiration from the BFG weapon in the ""Doom"" video games.",partially_supported,0,1,0.94970703125,1,1,0.97412109375,1,1,0.7910113588753117,-1,1
test04426_chunk_832,test04426,"However, Elon Musk has explained that although BFR was the official name, he drew inspiration from the BFG weapon in the ""Doom"" video games.",partially_supported,0,1,0.994140625,1,1,0.99462890625,1,1,0.7983005969621461,-1,1
test02996_chunk_833,test02996,"The organization will be working with public defense offices and community partners across the country to establish 40 sites across the country with the goal of paying bail for 160,000 people.",partially_supported,0,1,0.673828125,1,1,0.336181640625,1,0,0.4733316224173376,-1,0
test02996_chunk_834,test02996,"The organization will be working with public defense offices and community partners across the country to establish 40 sites across the country with the goal of paying bail for 160,000 people.",partially_supported,0,1,0.478271484375,1,1,0.5576171875,1,1,0.6182744757499588,-1,1
test02996_chunk_835,test02996,"The organization will be working with public defense offices and community partners across the country to establish 40 sites across the country with the goal of paying bail for 160,000 people.",partially_supported,0,1,0.66552734375,1,0,0.1949462890625,1,0,0.4064080962195746,-1,0
test04409_chunk_836,test04409,"At the 2019 Women's World Cup, she scored a goal in Germany's 1-0, and 4-0 wins over Spain and South Africa, earning the player of the match award on both occasions.",partially_supported,0,0,0.045196533203125,0,0,0.0138397216796875,1,0,0.3997555965716022,-1,0
test04409_chunk_837,test04409,"At the 2019 Women's World Cup, she scored a goal in Germany's 1-0, and 4-0 wins over Spain and South Africa, earning the player of the match award on both occasions.",partially_supported,0,0,0.0250244140625,0,0,0.0083084106445312,0,0,0.3012311825584827,-1,0
test04409_chunk_838,test04409,"At the 2019 Women's World Cup, she scored a goal in Germany's 1-0, and 4-0 wins over Spain and South Africa, earning the player of the match award on both occasions.",partially_supported,0,0,0.08026123046875,0,0,0.039276123046875,0,0,0.397651086787243,-1,0
test02917_chunk_839,test02917,"She is inspired by New York neighborhoods and advertising, bringing imagery from Chinatown and Times Square in the form of old signs, billboards, and neon signs.",supported,1,0,0.0046920776367187,0,0,0.0027275085449218,0,0,0.2889103049428558,-1,0
test02917_chunk_840,test02917,"She is inspired by New York neighborhoods and advertising, bringing imagery from Chinatown and Times Square in the form of old signs, billboards, and neon signs.",supported,1,0,0.0076522827148437,0,0,0.0038585662841796,0,0,0.3149952884061439,-1,0
test02917_chunk_841,test02917,"She is inspired by New York neighborhoods and advertising, bringing imagery from Chinatown and Times Square in the form of old signs, billboards, and neon signs.",supported,1,0,0.0091400146484375,0,0,0.0053443908691406,0,0,0.2901814093568743,-1,0
test02958_chunk_842,test02958,"Joel, being a history enthusiast, took advantage of this opportunity, knowing that this would impact the history of the Cold War.",partially_supported,0,0,0.000800609588623,0,0,0.0005102157592773,0,0,0.2760737609665182,0,0
test02958_chunk_843,test02958,"Joel, being a history enthusiast, took advantage of this opportunity, knowing that this would impact the history of the Cold War.",partially_supported,0,0,0.0100936889648437,0,0,0.0065879821777343,0,0,0.2826208289560385,-1,0
test02958_chunk_844,test02958,"Joel, being a history enthusiast, took advantage of this opportunity, knowing that this would impact the history of the Cold War.",partially_supported,0,0,0.0194549560546875,0,0,0.0139846801757812,0,0,0.2759898477982403,0,0
test03752_chunk_845,test03752,"As Governor of New Zealand, serving from 1843 to 1845, he tried to protect the Māori from illegal land sales claimed by British settlers.",partially_supported,0,0,0.0058937072753906,0,1,0.295166015625,0,0,0.4705648596693314,-1,0
test03752_chunk_846,test03752,"As Governor of New Zealand, serving from 1843 to 1845, he tried to protect the Māori from illegal land sales claimed by British settlers.",partially_supported,0,0,0.0058937072753906,0,1,0.295166015625,0,0,0.4705648596693314,-1,0
test03752_chunk_847,test03752,"As Governor of New Zealand, serving from 1843 to 1845, he tried to protect the Māori from illegal land sales claimed by British settlers.",partially_supported,0,0,0.089111328125,0,0,0.2037353515625,0,0,0.4508780353321162,-1,0
test02743_chunk_848,test02743,"And in May 2017, he won his 13th Emmy for an investigation of the International Olympic Committee.",partially_supported,0,0,0.0733642578125,0,0,0.0120086669921875,0,0,0.4188807786257246,-1,0
test02743_chunk_849,test02743,"And in May 2017, he won his 13th Emmy for an investigation of the International Olympic Committee.",partially_supported,0,0,0.059051513671875,0,0,0.0679931640625,0,0,0.4574456184989073,-1,0
test02743_chunk_850,test02743,"And in May 2017, he won his 13th Emmy for an investigation of the International Olympic Committee.",partially_supported,0,0,0.032867431640625,0,0,0.07708740234375,0,0,0.4559974720162171,-1,0
test03774_chunk_851,test03774,"Mysore's inter-city public transportation includes rail, Bus and flights.",partially_supported,0,0,0.0231170654296875,0,0,0.0147781372070312,0,0,0.2911779483719844,-1,0
test03774_chunk_852,test03774,"Mysore's inter-city public transportation includes rail, Bus and flights.",partially_supported,0,0,0.0245513916015625,0,0,0.0037956237792968,0,0,0.2834581411131602,-1,0
test03774_chunk_853,test03774,"Mysore's inter-city public transportation includes rail, Bus and flights.",partially_supported,0,0,0.032806396484375,0,0,0.032196044921875,0,0,0.2957517716285195,-1,0
test03960_chunk_854,test03960,"Behring died on June 25, 2019 in Contra Costa County, California.",partially_supported,0,0,0.0030059814453125,0,0,0.0061988830566406,1,0,0.4502344256538242,-1,0
test03960_chunk_855,test03960,"Behring died on June 25, 2019 in Contra Costa County, California.",partially_supported,0,0,0.0046768188476562,0,0,0.002969741821289,1,0,0.4630331495348296,-1,0
test03960_chunk_856,test03960,"Behring died on June 25, 2019 in Contra Costa County, California.",partially_supported,0,0,0.0019483566284179,0,0,0.0014524459838867,0,0,0.4479570622335257,-1,0
test01913_chunk_857,test01913,"In 2012, King's article on Maines's misuse of classical material was awarded the Barbara McManus Prize of the Women's Classical Caucus.",partially_supported,0,0,0.0002822875976562,0,0,0.0002064704895019,0,0,0.4388029650664707,-1,0
test01913_chunk_858,test01913,"In 2012, King's article on Maines's misuse of classical material was awarded the Barbara McManus Prize of the Women's Classical Caucus.",partially_supported,0,0,0.000586986541748,0,0,0.0006608963012695,0,0,0.4585886799332067,-1,0
test01913_chunk_859,test01913,"In 2012, King's article on Maines's misuse of classical material was awarded the Barbara McManus Prize of the Women's Classical Caucus.",partially_supported,0,0,0.0110015869140625,0,0,0.0033798217773437,1,0,0.4637183976693408,-1,0
test00655_chunk_860,test00655,"A 2006 report by Alexander Stubb MEP highlighted that by only using English, French and German costs could be reduced from €118,000 per day (for 21 languages then –  Romanian, Bulgarian and Croatian having not yet been included) to €8,900 per day.",partially_supported,0,0,0.047210693359375,0,0,0.0084381103515625,0,0,0.3183157181994347,-1,0
test00655_chunk_861,test00655,"A 2006 report by Alexander Stubb MEP highlighted that by only using English, French and German costs could be reduced from €118,000 per day (for 21 languages then –  Romanian, Bulgarian and Croatian having not yet been included) to €8,900 per day.",partially_supported,0,0,0.1341552734375,0,0,0.0153045654296875,0,0,0.2966082858381478,-1,0
test00655_chunk_862,test00655,"A 2006 report by Alexander Stubb MEP highlighted that by only using English, French and German costs could be reduced from €118,000 per day (for 21 languages then –  Romanian, Bulgarian and Croatian having not yet been included) to €8,900 per day.",partially_supported,0,0,0.0867919921875,0,0,0.0048103332519531,0,0,0.2896660610958043,-1,0
test02374_chunk_863,test02374,Following the play-off final financial problems began to emerge with Xia struggling to move money out of China to maintain basic football operations.,supported,1,0,0.08343505859375,0,1,0.60791015625,0,1,0.618018251861761,-1,1
test02374_chunk_864,test02374,Following the play-off final financial problems began to emerge with Xia struggling to move money out of China to maintain basic football operations.,supported,1,1,0.89892578125,1,1,0.990234375,1,1,0.774411696133941,-1,1
test02374_chunk_865,test02374,Following the play-off final financial problems began to emerge with Xia struggling to move money out of China to maintain basic football operations.,supported,1,1,0.66650390625,1,1,0.921875,1,1,0.770919460876355,-1,1
test02891_chunk_866,test02891,"In May 2018, he was named in Tite’s final 23-man squad for the 2018 FIFA World Cup in Russia.",partially_supported,0,1,0.76025390625,1,1,0.6044921875,1,1,0.6120891993353526,-1,1
test02891_chunk_867,test02891,"In May 2018, he was named in Tite’s final 23-man squad for the 2018 FIFA World Cup in Russia.",partially_supported,0,0,0.357421875,1,0,0.2178955078125,0,0,0.3886179192928308,-1,0
test02891_chunk_868,test02891,"In May 2018, he was named in Tite’s final 23-man squad for the 2018 FIFA World Cup in Russia.",partially_supported,0,1,0.6806640625,1,1,0.734375,1,1,0.6916023637007764,-1,1
test02269_chunk_869,test02269,"On February 22, 2018, Bell Media sold international rights to the format to Sony Pictures Television; the company began to sell the first season of the Canadian version, and develop a British version through its production house Electric Ray.",supported,1,0,0.0043296813964843,0,0,0.0056877136230468,0,0,0.4343436845797054,-1,0
test02269_chunk_870,test02269,"On February 22, 2018, Bell Media sold international rights to the format to Sony Pictures Television; the company began to sell the first season of the Canadian version, and develop a British version through its production house Electric Ray.",supported,1,0,0.035430908203125,0,1,0.68994140625,1,1,0.6812474946956615,-1,1
test02269_chunk_871,test02269,"On February 22, 2018, Bell Media sold international rights to the format to Sony Pictures Television; the company began to sell the first season of the Canadian version, and develop a British version through its production house Electric Ray.",supported,1,0,0.0018281936645507,0,0,0.0711669921875,1,0,0.438368569266415,-1,0
test02790_chunk_872,test02790,"England won the game by scoring 74 points, and Australia came second with 69 points.",partially_supported,0,0,0.0047264099121093,0,0,0.0043754577636718,0,0,0.2779495867309295,0,0
test02790_chunk_873,test02790,"England won the game by scoring 74 points, and Australia came second with 69 points.",partially_supported,0,1,0.467041015625,1,1,0.8388671875,1,1,0.7366525523135101,-1,1
test02790_chunk_874,test02790,"England won the game by scoring 74 points, and Australia came second with 69 points.",partially_supported,0,0,0.1505126953125,0,1,0.369873046875,0,1,0.5010676893920772,-1,0
test01306_chunk_875,test01306,"He also has three siblings: Wade, Shane and Bailey.",supported,1,0,0.359619140625,1,1,0.445068359375,1,1,0.5955928624357214,-1,1
test01306_chunk_876,test01306,"He also has three siblings: Wade, Shane and Bailey.",supported,1,1,0.8046875,1,1,0.93408203125,1,1,0.7926514168765963,-1,1
test01306_chunk_877,test01306,"He also has three siblings: Wade, Shane and Bailey.",supported,1,1,0.87060546875,1,1,0.95654296875,1,1,0.7984878871011853,-1,1
test02836_chunk_878,test02836,As of 2015 the average high temperatures have risen raging from the low to mid 90's.,partially_supported,0,0,0.0020065307617187,0,0,0.0036811828613281,0,0,0.3809603565865804,-1,0
test02836_chunk_879,test02836,As of 2015 the average high temperatures have risen raging from the low to mid 90's.,partially_supported,0,0,0.015716552734375,0,0,0.0584716796875,0,0,0.4495400231535823,-1,0
test02836_chunk_880,test02836,As of 2015 the average high temperatures have risen raging from the low to mid 90's.,partially_supported,0,0,0.0110244750976562,0,0,0.0134735107421875,0,0,0.3078727100403324,-1,0
test02918_chunk_881,test02918,"However, after recording a new album with the band, Nelson left in July 2009 and was replaced for future tour dates by Bush.",supported,1,0,0.1983642578125,0,1,0.759765625,0,1,0.701205871711955,-1,1
test02918_chunk_882,test02918,"However, after recording a new album with the band, Nelson left in July 2009 and was replaced for future tour dates by Bush.",supported,1,1,0.650390625,1,1,0.91796875,1,1,0.7744570370942874,-1,1
test02918_chunk_883,test02918,"However, after recording a new album with the band, Nelson left in July 2009 and was replaced for future tour dates by Bush.",supported,1,1,0.87109375,1,1,0.94873046875,1,1,0.7819097215400359,-1,1
test03214_chunk_884,test03214,"Her Painting was influenced by the Buddhistischen Thangka Technik, according to her statement.",supported,1,0,0.00738525390625,0,0,0.0089645385742187,0,0,0.4507727062698393,-1,0
test03214_chunk_885,test03214,"Her Painting was influenced by the Buddhistischen Thangka Technik, according to her statement.",supported,1,0,0.0186767578125,0,0,0.15673828125,0,1,0.5045727911852641,-1,0
test03214_chunk_886,test03214,"Her Painting was influenced by the Buddhistischen Thangka Technik, according to her statement.",supported,1,0,0.0450439453125,0,0,0.038818359375,0,0,0.462576744452524,-1,0
test01144_chunk_887,test01144,Students are known to give speeches at Ivy Day to commemorate their time and work at the college.,supported,1,0,0.0157928466796875,0,0,0.07476806640625,0,0,0.3244682860251573,-1,0
test01144_chunk_888,test01144,Students are known to give speeches at Ivy Day to commemorate their time and work at the college.,supported,1,0,0.03167724609375,0,0,0.21435546875,0,0,0.4002565604627769,-1,0
test01144_chunk_889,test01144,Students are known to give speeches at Ivy Day to commemorate their time and work at the college.,supported,1,0,0.012939453125,0,0,0.0165252685546875,0,0,0.2945522414844178,-1,0
test01184_chunk_890,test01184,"In December 2017, The Walt Disney Company agreed to a 52.4-billion-dollar deal to acquire 21st Century Fox, including the film rights for ""Percy Jackson & The Olympians""; it's unknown if Disney (the owners of Disney Hyperion) will continue the series or reboot it.",partially_supported,0,0,0.0633544921875,0,0,0.0494384765625,0,0,0.3588295480365489,-1,0
test01184_chunk_891,test01184,"In December 2017, The Walt Disney Company agreed to a 52.4-billion-dollar deal to acquire 21st Century Fox, including the film rights for ""Percy Jackson & The Olympians""; it's unknown if Disney (the owners of Disney Hyperion) will continue the series or reboot it.",partially_supported,0,1,0.456298828125,1,1,0.435302734375,1,1,0.5961673158003996,-1,1
test01184_chunk_892,test01184,"In December 2017, The Walt Disney Company agreed to a 52.4-billion-dollar deal to acquire 21st Century Fox, including the film rights for ""Percy Jackson & The Olympians""; it's unknown if Disney (the owners of Disney Hyperion) will continue the series or reboot it.",partially_supported,0,1,0.5625,1,1,0.53125,1,1,0.6604626975731179,-1,1
test00888_chunk_893,test00888,"The Commercial is one of at least 5,000 pubs which were built or rebuilt by breweries in England during the inter-war years.",partially_supported,0,1,0.8876953125,1,1,0.87548828125,1,1,0.7619750337464489,-1,1
test00888_chunk_894,test00888,"The Commercial is one of at least 5,000 pubs which were built or rebuilt by breweries in England during the inter-war years.",partially_supported,0,1,0.443115234375,1,1,0.63330078125,0,1,0.6367474463052206,-1,1
test00888_chunk_895,test00888,"The Commercial is one of at least 5,000 pubs which were built or rebuilt by breweries in England during the inter-war years.",partially_supported,0,1,0.876953125,1,1,0.884765625,1,1,0.7715272165340092,-1,1
test01958_chunk_896,test01958,"Raised Roman Catholic, he claims to have been experiencing spiritual and paranormal events since the age of four.",partially_supported,0,0,0.0002219676971435,0,0,0.0001698732376098,0,0,0.2852792484974881,-1,0
test01958_chunk_897,test01958,"Raised Roman Catholic, he claims to have been experiencing spiritual and paranormal events since the age of four.",partially_supported,0,0,0.0001808404922485,0,0,0.0002198219299316,0,0,0.2862525421871396,-1,0
test01958_chunk_898,test01958,"Raised Roman Catholic, he claims to have been experiencing spiritual and paranormal events since the age of four.",partially_supported,0,0,0.0002317428588867,0,0,0.0001609325408935,0,0,0.2799482127094154,0,0
test02535_chunk_899,test02535,"In March 2009, VentureBeat signed a partnership agreement with IDG to produce DEMO Conference, a conference for startups to announce their launches and raise funding from venture capitalists and angel investors.",partially_supported,0,0,0.0172882080078125,0,0,0.002450942993164,0,0,0.2878463161307814,-1,0
test02535_chunk_900,test02535,"In March 2009, VentureBeat signed a partnership agreement with IDG to produce DEMO Conference, a conference for startups to announce their launches and raise funding from venture capitalists and angel investors.",partially_supported,0,0,0.0146331787109375,0,0,0.002756118774414,0,0,0.2879063173377283,-1,0
test02535_chunk_901,test02535,"In March 2009, VentureBeat signed a partnership agreement with IDG to produce DEMO Conference, a conference for startups to announce their launches and raise funding from venture capitalists and angel investors.",partially_supported,0,0,0.00531005859375,0,0,0.0032482147216796,0,0,0.2870410587637178,-1,0
test01977_chunk_902,test01977,Yemeni refugee female and children are extremely susceptible to smuggling and human trafficking.,partially_supported,0,0,0.052398681640625,0,0,0.0149993896484375,0,0,0.2810261774710759,-1,0
test01977_chunk_903,test01977,Yemeni refugee female and children are extremely susceptible to smuggling and human trafficking.,partially_supported,0,0,0.021240234375,0,0,0.0289154052734375,0,0,0.2874486981581814,-1,0
test01977_chunk_904,test01977,Yemeni refugee female and children are extremely susceptible to smuggling and human trafficking.,partially_supported,0,0,0.0264434814453125,0,0,0.028076171875,0,0,0.2895609431490853,-1,0
test01115_chunk_905,test01115,Nihilistic wanted to show that the brutal killings are considered natural by Conan and not executed out of a thirst for blood.,partially_supported,0,0,0.2587890625,0,1,0.55615234375,0,1,0.6272675364992454,-1,1
test01115_chunk_906,test01115,Nihilistic wanted to show that the brutal killings are considered natural by Conan and not executed out of a thirst for blood.,partially_supported,0,1,0.916015625,1,1,0.9052734375,1,1,0.7641993952588345,-1,1
test01115_chunk_907,test01115,Nihilistic wanted to show that the brutal killings are considered natural by Conan and not executed out of a thirst for blood.,partially_supported,0,1,0.984375,1,1,0.98828125,1,1,0.7953411127188944,-1,1
test02119_chunk_908,test02119,"In 2016, their first-round pick was stripped as punishment for the Deflategate incident.",partially_supported,0,0,0.0143508911132812,0,0,0.0029411315917968,0,0,0.4427905019590907,-1,0
test02119_chunk_909,test02119,"In 2016, their first-round pick was stripped as punishment for the Deflategate incident.",partially_supported,0,0,0.0058670043945312,0,0,0.0036735534667968,0,0,0.432413889819912,-1,0
test02119_chunk_910,test02119,"In 2016, their first-round pick was stripped as punishment for the Deflategate incident.",partially_supported,0,0,0.0054283142089843,0,0,0.0024738311767578,0,0,0.4455238715734444,-1,0
test02715_chunk_911,test02715,"However, in 2012, Shaddix started rapping again in the album ""The Connection"".",not_supported,0,0,0.0034008026123046,0,0,0.0050621032714843,0,0,0.2892166859450009,-1,0
test02715_chunk_912,test02715,"However, in 2012, Shaddix started rapping again in the album ""The Connection"".",not_supported,0,0,0.0258331298828125,0,0,0.031646728515625,0,0,0.2905795323119028,-1,0
test02715_chunk_913,test02715,"However, in 2012, Shaddix started rapping again in the album ""The Connection"".",not_supported,0,0,0.0012159347534179,0,0,0.0010204315185546,0,0,0.2871290813025738,-1,0
test03843_chunk_914,test03843,"She argued that Aaliyah's second album ""One in a Million"" was ""very much ahead of its time, with the bass and electro kind of R&B sounds that they produced"", referring to collaborators Timbaland and Missy Elliott and that the sound, which ""really stood out"" at its time, was being replicated.",supported,1,1,0.93798828125,1,1,0.94580078125,1,1,0.7848383059394958,-1,1
test03843_chunk_915,test03843,"She argued that Aaliyah's second album ""One in a Million"" was ""very much ahead of its time, with the bass and electro kind of R&B sounds that they produced"", referring to collaborators Timbaland and Missy Elliott and that the sound, which ""really stood out"" at its time, was being replicated.",supported,1,1,0.99072265625,1,1,0.98876953125,1,1,0.8007688340047895,-1,1
test03843_chunk_916,test03843,"She argued that Aaliyah's second album ""One in a Million"" was ""very much ahead of its time, with the bass and electro kind of R&B sounds that they produced"", referring to collaborators Timbaland and Missy Elliott and that the sound, which ""really stood out"" at its time, was being replicated.",supported,1,1,0.91259765625,1,1,0.9072265625,1,1,0.7779324361750976,-1,1
test03451_chunk_917,test03451,"Following the film's premiere, Executive Producer Ted Dintersmith took the film on a 50-state tour, screening the film for learning communities across the country.",supported,1,1,0.9970703125,1,1,0.9931640625,1,1,0.7975756029452368,-1,1
test03451_chunk_918,test03451,"Following the film's premiere, Executive Producer Ted Dintersmith took the film on a 50-state tour, screening the film for learning communities across the country.",supported,1,1,0.97216796875,1,1,0.85107421875,1,1,0.751235327280601,-1,1
test03451_chunk_919,test03451,"Following the film's premiere, Executive Producer Ted Dintersmith took the film on a 50-state tour, screening the film for learning communities across the country.",supported,1,1,0.99755859375,1,1,0.994140625,1,1,0.8016396054792612,-1,1
test00301_chunk_920,test00301,"Weeks later, Assange was indicted on 18 charges under the 1917 wartime Espionage Act.",partially_supported,0,0,0.0007953643798828,0,0,0.0010356903076171,0,0,0.2744810265254627,0,0
test00301_chunk_921,test00301,"Weeks later, Assange was indicted on 18 charges under the 1917 wartime Espionage Act.",partially_supported,0,0,0.0022182464599609,0,0,0.0022087097167968,0,0,0.2646678478666087,0,0
test00301_chunk_922,test00301,"Weeks later, Assange was indicted on 18 charges under the 1917 wartime Espionage Act.",partially_supported,0,0,0.0022869110107421,0,0,0.0004892349243164,0,0,0.2851227082782785,-1,0
test03127_chunk_923,test03127,"On October 30, 2017, WSDZ changed their format from conservative talk (which moved to recently purchased sister station KXFN) to urban gospel, branded as ""Praise 95.1 & 1260"".",partially_supported,0,0,0.0089035034179687,0,0,0.0112762451171875,0,0,0.4175014133603179,-1,0
test03127_chunk_924,test03127,"On October 30, 2017, WSDZ changed their format from conservative talk (which moved to recently purchased sister station KXFN) to urban gospel, branded as ""Praise 95.1 & 1260"".",partially_supported,0,0,0.0007157325744628,0,0,0.0008330345153808,0,0,0.4358507791419286,-1,0
test03127_chunk_925,test03127,"On October 30, 2017, WSDZ changed their format from conservative talk (which moved to recently purchased sister station KXFN) to urban gospel, branded as ""Praise 95.1 & 1260"".",partially_supported,0,0,0.0034503936767578,0,0,0.0054092407226562,0,0,0.4306485615851053,-1,0
test03508_chunk_926,test03508,"Sharon gained custody of their minor child Ashley, who for a while was estranged from her father.",not_supported,0,0,0.0044593811035156,0,0,0.0020427703857421,0,0,0.2704012564558334,0,0
test03508_chunk_927,test03508,"Sharon gained custody of their minor child Ashley, who for a while was estranged from her father.",not_supported,0,0,0.0046653747558593,0,0,0.002389907836914,0,0,0.2875948837180302,-1,0
test03508_chunk_928,test03508,"Sharon gained custody of their minor child Ashley, who for a while was estranged from her father.",not_supported,0,0,0.009246826171875,0,0,0.003702163696289,0,0,0.2768411101887895,0,0
test04342_chunk_929,test04342,"When constructed in 1882, the route was originally part of the D&RGW's transcontinental line to Salt Lake City and remained so until more direct routes were built in the early 20th Century.",partially_supported,0,0,0.03826904296875,0,0,0.034088134765625,0,0,0.3149336095893243,-1,0
test04342_chunk_930,test04342,"When constructed in 1882, the route was originally part of the D&RGW's transcontinental line to Salt Lake City and remained so until more direct routes were built in the early 20th Century.",partially_supported,0,0,0.022491455078125,0,0,0.022430419921875,0,0,0.3972663688681765,-1,0
test04342_chunk_931,test04342,"When constructed in 1882, the route was originally part of the D&RGW's transcontinental line to Salt Lake City and remained so until more direct routes were built in the early 20th Century.",partially_supported,0,0,0.0137939453125,0,0,0.023040771484375,0,0,0.3041796788748004,-1,0
test01464_chunk_932,test01464,"Several of Hønneland’s books have appeared in new editions and translations, including to Chinese and Russian.",supported,1,1,0.99658203125,1,1,0.9892578125,1,1,0.8059307695290749,-1,1
test01464_chunk_933,test01464,"Several of Hønneland’s books have appeared in new editions and translations, including to Chinese and Russian.",supported,1,1,0.99755859375,1,1,0.9892578125,1,1,0.805816010943028,-1,1
test01464_chunk_934,test01464,"Several of Hønneland’s books have appeared in new editions and translations, including to Chinese and Russian.",supported,1,1,0.9716796875,1,1,0.9921875,1,1,0.7977397064292125,-1,1
test01932_chunk_935,test01932,"Martin Newland was editor of the ""Daily Telegraph"" from 2003 to 2005, and he took with him many former ""Telegraph"" employees, most notably Colin Randall (former ""Telegraph"" executive news editor), Sue Ryan (former managing editor) and senior photographer Stephen Lock (who covered domestic and foreign news and the international fashion circuit during 20 years on ""The Daily Telegraph"").",partially_supported,0,0,0.0075149536132812,0,0,0.016082763671875,0,0,0.2923150771295532,-1,0
test01932_chunk_936,test01932,"Martin Newland was editor of the ""Daily Telegraph"" from 2003 to 2005, and he took with him many former ""Telegraph"" employees, most notably Colin Randall (former ""Telegraph"" executive news editor), Sue Ryan (former managing editor) and senior photographer Stephen Lock (who covered domestic and foreign news and the international fashion circuit during 20 years on ""The Daily Telegraph"").",partially_supported,0,0,0.03192138671875,0,0,0.08038330078125,0,0,0.3073213060949766,-1,0
test01932_chunk_937,test01932,"Martin Newland was editor of the ""Daily Telegraph"" from 2003 to 2005, and he took with him many former ""Telegraph"" employees, most notably Colin Randall (former ""Telegraph"" executive news editor), Sue Ryan (former managing editor) and senior photographer Stephen Lock (who covered domestic and foreign news and the international fashion circuit during 20 years on ""The Daily Telegraph"").",partially_supported,0,0,0.01593017578125,0,0,0.0282745361328125,0,0,0.2920896564385936,-1,0
test01654_chunk_938,test01654,Land has a son Kai (b. 2001) with former wife Sharon Leal.,partially_supported,0,0,0.010162353515625,0,1,0.50048828125,0,1,0.606666460763721,-1,1
test01654_chunk_939,test01654,Land has a son Kai (b. 2001) with former wife Sharon Leal.,partially_supported,0,0,0.0606689453125,0,0,0.001021385192871,0,0,0.4306022316433963,-1,0
test01654_chunk_940,test01654,Land has a son Kai (b. 2001) with former wife Sharon Leal.,partially_supported,0,0,0.0276947021484375,0,0,0.036590576171875,0,0,0.4286399885847707,-1,0
test02154_chunk_941,test02154,He was bullied in school for being short.,supported,1,0,0.017974853515625,0,0,0.0283660888671875,0,0,0.2998176048351036,-1,0
test02154_chunk_942,test02154,He was bullied in school for being short.,supported,1,1,0.96728515625,1,1,0.81103515625,1,1,0.7317129995031554,-1,1
test02154_chunk_943,test02154,He was bullied in school for being short.,supported,1,1,0.75537109375,1,1,0.783203125,1,1,0.7186888419633733,-1,1
test02217_chunk_944,test02217,"The boys held the first concert of the tour in Seoul on the 8th and 9th in front of 25,000 fans.",partially_supported,0,0,0.0028038024902343,0,0,0.0019235610961914,0,0,0.3972076694455008,-1,0
test02217_chunk_945,test02217,"The boys held the first concert of the tour in Seoul on the 8th and 9th in front of 25,000 fans.",partially_supported,0,0,0.0036296844482421,0,0,0.0063591003417968,0,0,0.3407988270253521,-1,0
test02217_chunk_946,test02217,"The boys held the first concert of the tour in Seoul on the 8th and 9th in front of 25,000 fans.",partially_supported,0,0,0.02880859375,0,0,0.0574951171875,0,0,0.3615536105767755,-1,0
test01131_chunk_947,test01131,"He was wounded in the face by rifle fire and was left in critical condition, but ultimately survived his injuries.",partially_supported,0,0,0.0291748046875,0,0,0.0426025390625,0,0,0.3022926276034596,-1,0
test01131_chunk_948,test01131,"He was wounded in the face by rifle fire and was left in critical condition, but ultimately survived his injuries.",partially_supported,0,0,0.019256591796875,0,0,0.01165771484375,0,0,0.2921009943685875,-1,0
test01131_chunk_949,test01131,"He was wounded in the face by rifle fire and was left in critical condition, but ultimately survived his injuries.",partially_supported,0,0,0.059967041015625,0,0,0.0084609985351562,0,0,0.2882172407077342,-1,0
test02785_chunk_950,test02785,"In 1971, it was transferred to the Smithsonian Institution, and was displayed at the National Air and Space Museum (NASM) in Washington, DC.",supported,1,1,0.90087890625,1,1,0.92578125,1,1,0.7800316116515926,-1,1
test02785_chunk_951,test02785,"In 1971, it was transferred to the Smithsonian Institution, and was displayed at the National Air and Space Museum (NASM) in Washington, DC.",supported,1,1,0.56103515625,1,1,0.9931640625,1,1,0.7994816749971427,-1,1
test02785_chunk_952,test02785,"In 1971, it was transferred to the Smithsonian Institution, and was displayed at the National Air and Space Museum (NASM) in Washington, DC.",supported,1,1,0.96533203125,1,1,0.99658203125,1,1,0.7923653550680368,-1,1
test02736_chunk_953,test02736,"Lower activity of CYP1A2 in South Asians appears to be due to cooking these vegetables in curries using ingredients such as cumin and turmeric, ingredients known to inhibit the enzyme.",supported,1,1,0.97021484375,1,1,0.9541015625,1,1,0.7861415024366717,-1,1
test02736_chunk_954,test02736,"Lower activity of CYP1A2 in South Asians appears to be due to cooking these vegetables in curries using ingredients such as cumin and turmeric, ingredients known to inhibit the enzyme.",supported,1,1,0.83447265625,1,1,0.9921875,1,1,0.8072214614349892,-1,1
test02736_chunk_955,test02736,"Lower activity of CYP1A2 in South Asians appears to be due to cooking these vegetables in curries using ingredients such as cumin and turmeric, ingredients known to inhibit the enzyme.",supported,1,1,0.74658203125,1,1,0.98291015625,1,1,0.803976144584545,-1,1
test00638_chunk_956,test00638,"It is currently on display at Clear Lake High School in Houston, which was attended by Onizuka's children.",supported,1,0,0.1885986328125,0,0,0.177978515625,0,0,0.3666379949642697,-1,0
test00638_chunk_957,test00638,"It is currently on display at Clear Lake High School in Houston, which was attended by Onizuka's children.",supported,1,1,0.5048828125,1,1,0.5537109375,1,1,0.6001150964863796,-1,1
test00638_chunk_958,test00638,"It is currently on display at Clear Lake High School in Houston, which was attended by Onizuka's children.",supported,1,1,0.93603515625,1,1,0.53466796875,1,1,0.5877347360599976,-1,1
test02327_chunk_959,test02327,"In 1641, Pym was elected Member of Parliament for Bere Alston in the Long Parliament after the previous member was expelled.",partially_supported,0,1,0.6982421875,1,1,0.75927734375,1,1,0.717373721957767,-1,1
test02327_chunk_960,test02327,"In 1641, Pym was elected Member of Parliament for Bere Alston in the Long Parliament after the previous member was expelled.",partially_supported,0,0,0.259765625,1,0,0.13330078125,0,0,0.449929649765644,-1,0
test02327_chunk_961,test02327,"In 1641, Pym was elected Member of Parliament for Bere Alston in the Long Parliament after the previous member was expelled.",partially_supported,0,0,0.2020263671875,1,0,0.070068359375,1,0,0.4763343399384288,-1,0
test02515_chunk_962,test02515,Surah Ya Sin (the 'Heart of the Quran') is inscribed across the top of the tile work and was commissioned in the 16th century by Suleiman the Magnificent.,partially_supported,0,0,0.1689453125,0,0,0.095947265625,0,0,0.4379707725214656,-1,0
test02515_chunk_963,test02515,Surah Ya Sin (the 'Heart of the Quran') is inscribed across the top of the tile work and was commissioned in the 16th century by Suleiman the Magnificent.,partially_supported,0,1,0.498291015625,1,1,0.572265625,1,1,0.6535497208150556,-1,1
test02515_chunk_964,test02515,Surah Ya Sin (the 'Heart of the Quran') is inscribed across the top of the tile work and was commissioned in the 16th century by Suleiman the Magnificent.,partially_supported,0,0,0.111572265625,0,0,0.118896484375,0,0,0.4560581241997037,-1,0
test02557_chunk_965,test02557,"In Game Three, Lehner stopped 25 of 26 shots helping the Islanders win 4–1.",partially_supported,0,1,0.98095703125,1,1,0.98828125,1,1,0.776225999503003,-1,1
test02557_chunk_966,test02557,"In Game Three, Lehner stopped 25 of 26 shots helping the Islanders win 4–1.",partially_supported,0,1,0.96240234375,1,1,0.96240234375,1,1,0.7877954862999457,-1,1
test02557_chunk_967,test02557,"In Game Three, Lehner stopped 25 of 26 shots helping the Islanders win 4–1.",partially_supported,0,1,0.99072265625,1,1,0.9892578125,1,1,0.8052924829635937,-1,1
test00521_chunk_968,test00521,"Jabba the Hutt's musical theme throughout the film, composed by John Williams, is played on a tuba.",partially_supported,0,1,0.460205078125,1,1,0.5048828125,0,1,0.5632089419649643,-1,1
test00521_chunk_969,test00521,"Jabba the Hutt's musical theme throughout the film, composed by John Williams, is played on a tuba.",partially_supported,0,0,0.254638671875,0,0,0.1790771484375,0,0,0.3786985842343864,-1,0
test00521_chunk_970,test00521,"Jabba the Hutt's musical theme throughout the film, composed by John Williams, is played on a tuba.",partially_supported,0,0,0.06298828125,0,1,0.3037109375,0,0,0.4525995156969028,-1,0
test01785_chunk_971,test01785,"He then served as auxiliary bishop of the Roman Catholic Diocese of Butuan, Philippines and as titular bishop of ""Arba"" from 11 June 2003 until his death.",supported,1,0,0.10760498046875,0,0,0.11383056640625,0,0,0.4201675266497552,-1,0
test01785_chunk_972,test01785,"He then served as auxiliary bishop of the Roman Catholic Diocese of Butuan, Philippines and as titular bishop of ""Arba"" from 11 June 2003 until his death.",supported,1,0,0.1455078125,0,0,0.112548828125,0,0,0.4179945040491817,-1,0
test01785_chunk_973,test01785,"He then served as auxiliary bishop of the Roman Catholic Diocese of Butuan, Philippines and as titular bishop of ""Arba"" from 11 June 2003 until his death.",supported,1,0,0.10760498046875,0,0,0.11383056640625,0,0,0.4201675266497552,-1,0
test02762_chunk_974,test02762,"The host along with the top eight teams in the world ranking received automatic berths into the Olympics, while all other teams have an opportunity to qualify for the remaining three spots in the Olympics.",supported,1,1,0.6376953125,1,1,0.96044921875,1,1,0.766006396159926,-1,1
test02762_chunk_975,test02762,"The host along with the top eight teams in the world ranking received automatic berths into the Olympics, while all other teams have an opportunity to qualify for the remaining three spots in the Olympics.",supported,1,1,0.99609375,1,1,0.99609375,1,1,0.7794368267352998,-1,1
test02762_chunk_976,test02762,"The host along with the top eight teams in the world ranking received automatic berths into the Olympics, while all other teams have an opportunity to qualify for the remaining three spots in the Olympics.",supported,1,0,0.0058479309082031,0,0,0.0290069580078125,0,0,0.4226609659806704,-1,0
test00045_chunk_977,test00045,"The Eblana Theatre, originally intended as a newsreel venue, in the basement of the building was used as a theatre venue from 1959 to 1995.",partially_supported,0,1,0.88916015625,1,1,0.828125,1,1,0.7550823122469787,-1,1
test00045_chunk_978,test00045,"The Eblana Theatre, originally intended as a newsreel venue, in the basement of the building was used as a theatre venue from 1959 to 1995.",partially_supported,0,1,0.8916015625,1,1,0.859375,1,1,0.7456808995985456,-1,1
test00045_chunk_979,test00045,"The Eblana Theatre, originally intended as a newsreel venue, in the basement of the building was used as a theatre venue from 1959 to 1995.",partially_supported,0,1,0.94384765625,1,1,0.74951171875,1,1,0.7095071260731293,-1,1
test02459_chunk_980,test02459,"Currently, SriLankan operates an all-Airbus fleet with the exception of its discontinued Air-Taxi services.",partially_supported,0,0,0.0004286766052246,0,0,0.0005955696105957,0,0,0.2868395596286911,-1,0
test02459_chunk_981,test02459,"Currently, SriLankan operates an all-Airbus fleet with the exception of its discontinued Air-Taxi services.",partially_supported,0,0,0.0021820068359375,0,0,0.0007519721984863,0,0,0.2868114783044961,-1,0
test02459_chunk_982,test02459,"Currently, SriLankan operates an all-Airbus fleet with the exception of its discontinued Air-Taxi services.",partially_supported,0,0,0.0009407997131347,0,0,0.0011005401611328,0,0,0.2870649903672444,-1,0
test00256_chunk_983,test00256,"The founders' initial attempt at dealing with their constrained exhibition space was to create the Virtual Museum Of Bad Art, a CD-ROM with a cast of 95 people that presented the MOBA art collection in a fictional imaginary museum.",partially_supported,0,0,0.0061912536621093,0,0,0.013946533203125,0,0,0.2916191080460257,-1,0
test00256_chunk_984,test00256,"The founders' initial attempt at dealing with their constrained exhibition space was to create the Virtual Museum Of Bad Art, a CD-ROM with a cast of 95 people that presented the MOBA art collection in a fictional imaginary museum.",partially_supported,0,0,0.0059623718261718,0,0,0.0139694213867187,0,0,0.2879997411480809,-1,0
test00256_chunk_985,test00256,"The founders' initial attempt at dealing with their constrained exhibition space was to create the Virtual Museum Of Bad Art, a CD-ROM with a cast of 95 people that presented the MOBA art collection in a fictional imaginary museum.",partially_supported,0,0,0.0005345344543457,0,0,0.0008964538574218,0,0,0.2822127548856323,-1,0
test02954_chunk_986,test02954,"On May 1, 2019, Harris was named to the 23 player roster for the 2019 Women's World Cup.",supported,1,0,0.040679931640625,0,0,0.0072364807128906,0,0,0.4597681023783448,-1,0
test02954_chunk_987,test02954,"On May 1, 2019, Harris was named to the 23 player roster for the 2019 Women's World Cup.",supported,1,0,0.0447998046875,0,0,0.2222900390625,0,0,0.4455642270626332,-1,0
test02954_chunk_988,test02954,"On May 1, 2019, Harris was named to the 23 player roster for the 2019 Women's World Cup.",supported,1,0,0.035552978515625,0,0,0.0074806213378906,0,0,0.4434558091961912,-1,0
test00330_chunk_989,test00330,The ICC announced their team of the tournament on 15 July 2019 with Kane Williamson being named as player of the tournament and captain of the team.,supported,1,1,0.50537109375,1,1,0.57958984375,1,1,0.6025419343828814,-1,1
test00330_chunk_990,test00330,The ICC announced their team of the tournament on 15 July 2019 with Kane Williamson being named as player of the tournament and captain of the team.,supported,1,0,0.307861328125,1,0,0.2265625,0,0,0.4826687043223275,-1,0
test00330_chunk_991,test00330,The ICC announced their team of the tournament on 15 July 2019 with Kane Williamson being named as player of the tournament and captain of the team.,supported,1,1,0.44921875,1,1,0.79736328125,1,1,0.7173512452443291,-1,1
test04454_chunk_992,test04454,"One of the main focuses of the project was to improve the underground storm drain system of stormwater collected from eight northwest communities, including Silver Springs and Varsity.",partially_supported,0,0,0.0080795288085937,0,0,0.0260772705078125,0,0,0.4291787065887267,-1,0
test04454_chunk_993,test04454,"One of the main focuses of the project was to improve the underground storm drain system of stormwater collected from eight northwest communities, including Silver Springs and Varsity.",partially_supported,0,0,0.040130615234375,0,0,0.056671142578125,0,0,0.4171661878686518,-1,0
test04454_chunk_994,test04454,"One of the main focuses of the project was to improve the underground storm drain system of stormwater collected from eight northwest communities, including Silver Springs and Varsity.",partially_supported,0,0,0.0120086669921875,0,0,0.037139892578125,0,0,0.3557358644795595,-1,0
test00612_chunk_995,test00612,"According to the CDC, rapid diagnostic tests have a sensitivity of 50–75% and specificity of 90–95% when compared with viral culture.",supported,1,0,0.0008416175842285,0,0,0.001068115234375,0,0,0.2879584851858563,-1,0
test00612_chunk_996,test00612,"According to the CDC, rapid diagnostic tests have a sensitivity of 50–75% and specificity of 90–95% when compared with viral culture.",supported,1,0,0.0066032409667968,0,0,0.0101165771484375,0,0,0.3103455539163696,-1,0
test00612_chunk_997,test00612,"According to the CDC, rapid diagnostic tests have a sensitivity of 50–75% and specificity of 90–95% when compared with viral culture.",supported,1,0,0.061126708984375,0,0,0.0706787109375,0,0,0.327985078321007,-1,0
test02950_chunk_998,test02950,"The school's original Anglo Saxon motto, ""Nyle ye drede"", means ""fear nothing"" and is adopted by the school as a whole.",supported,1,0,0.03924560546875,0,0,0.07086181640625,0,0,0.3140291499347118,-1,0
test02950_chunk_999,test02950,"The school's original Anglo Saxon motto, ""Nyle ye drede"", means ""fear nothing"" and is adopted by the school as a whole.",supported,1,0,0.272705078125,0,1,0.333740234375,0,0,0.454789118152232,-1,0
test02950_chunk_1000,test02950,"The school's original Anglo Saxon motto, ""Nyle ye drede"", means ""fear nothing"" and is adopted by the school as a whole.",supported,1,0,0.04693603515625,0,0,0.0117874145507812,0,0,0.2912782045925141,-1,0
test04264_chunk_1001,test04264,"In 1943, Sir John gave the house and grounds to the National Trust, on condition that he and his descendants could continue living in the house.",supported,1,0,0.0070381164550781,0,0,0.0211181640625,0,0,0.4228319000589263,-1,0
test04264_chunk_1002,test04264,"In 1943, Sir John gave the house and grounds to the National Trust, on condition that he and his descendants could continue living in the house.",supported,1,0,0.23828125,1,1,0.42724609375,0,1,0.5719430973100245,-1,1
test04264_chunk_1003,test04264,"In 1943, Sir John gave the house and grounds to the National Trust, on condition that he and his descendants could continue living in the house.",supported,1,0,0.0699462890625,0,1,0.320068359375,0,1,0.5220589438941658,-1,1
test02095_chunk_1004,test02095,It has educated many players who have become regulars in the Bundesliga and Germany.,not_supported,0,1,0.67431640625,1,1,0.5810546875,1,1,0.5998965239786134,-1,1
test02095_chunk_1005,test02095,It has educated many players who have become regulars in the Bundesliga and Germany.,not_supported,0,0,0.0053443908691406,0,0,0.008758544921875,0,0,0.2769595677727613,0,0
test02095_chunk_1006,test02095,It has educated many players who have become regulars in the Bundesliga and Germany.,not_supported,0,0,0.05291748046875,0,0,0.050201416015625,0,0,0.299415241848442,-1,0
test04519_chunk_1007,test04519,"The next day, the ZDF issued a statement saying that it was not a coup d'état and that President Robert Mugabe was safe, although the situation would return to normal only after the ZDF had dealt with the ""criminals"" around Mugabe responsible for the socio-economic problems of Zimbabwe.",supported,1,0,0.0010013580322265,0,0,0.0028667449951171,0,0,0.2854360257742218,-1,0
test04519_chunk_1008,test04519,"The next day, the ZDF issued a statement saying that it was not a coup d'état and that President Robert Mugabe was safe, although the situation would return to normal only after the ZDF had dealt with the ""criminals"" around Mugabe responsible for the socio-economic problems of Zimbabwe.",supported,1,0,0.0086517333984375,0,0,0.007904052734375,0,0,0.2840846611538071,-1,0
test04519_chunk_1009,test04519,"The next day, the ZDF issued a statement saying that it was not a coup d'état and that President Robert Mugabe was safe, although the situation would return to normal only after the ZDF had dealt with the ""criminals"" around Mugabe responsible for the socio-economic problems of Zimbabwe.",supported,1,0,0.007171630859375,0,0,0.0054092407226562,0,0,0.2890250672321661,-1,0
test04475_chunk_1010,test04475,"Harney died at his home near Orlando, Florida, in 1889, just months after Harney County, Oregon was named for him.",supported,1,0,0.048187255859375,0,1,0.408203125,0,1,0.527007933925201,-1,1
test04475_chunk_1011,test04475,"Harney died at his home near Orlando, Florida, in 1889, just months after Harney County, Oregon was named for him.",supported,1,0,0.03253173828125,0,0,0.021484375,0,0,0.4431803485610344,-1,0
test04475_chunk_1012,test04475,"Harney died at his home near Orlando, Florida, in 1889, just months after Harney County, Oregon was named for him.",supported,1,0,0.10321044921875,0,0,0.06005859375,0,0,0.4307273273622323,-1,0
test02919_chunk_1013,test02919,"The diocese is currently a titular see of the Patriarchate of Constantinople, and Gerasimos Papadopoulos was titular Bishop of Abydos from 1962 until his death in 1995.",partially_supported,0,1,0.37744140625,1,1,0.2303466796875,1,0,0.4852672973065908,-1,0
test02919_chunk_1014,test02919,"The diocese is currently a titular see of the Patriarchate of Constantinople, and Gerasimos Papadopoulos was titular Bishop of Abydos from 1962 until his death in 1995.",partially_supported,0,0,0.1082763671875,0,0,0.095703125,0,0,0.3603324697362133,-1,0
test02919_chunk_1015,test02919,"The diocese is currently a titular see of the Patriarchate of Constantinople, and Gerasimos Papadopoulos was titular Bishop of Abydos from 1962 until his death in 1995.",partially_supported,0,0,0.0155181884765625,0,0,0.04583740234375,0,0,0.3261175192228349,-1,0
test03717_chunk_1016,test03717,"They have played at their Sandygate Road home in the Sheffield suburb of Crosspool since formation, with the ground being officially recognised by the Guinness Book of Records as ""The Oldest Football Ground in the World"".",partially_supported,0,0,0.064697265625,0,0,0.0268096923828125,0,0,0.4100535307665231,-1,0
test03717_chunk_1017,test03717,"They have played at their Sandygate Road home in the Sheffield suburb of Crosspool since formation, with the ground being officially recognised by the Guinness Book of Records as ""The Oldest Football Ground in the World"".",partially_supported,0,0,0.1221923828125,0,1,0.5,0,1,0.5942704844219383,-1,1
test03717_chunk_1018,test03717,"They have played at their Sandygate Road home in the Sheffield suburb of Crosspool since formation, with the ground being officially recognised by the Guinness Book of Records as ""The Oldest Football Ground in the World"".",partially_supported,0,0,0.2176513671875,0,1,0.4541015625,0,1,0.5510368326813481,-1,1
test02178_chunk_1019,test02178,"It was introduced in 1986 and was originally called the Satellite Tour, before being renamed with its present title in 1990.",partially_supported,0,0,0.1959228515625,0,0,0.1875,0,0,0.3918659103521462,-1,0
test02178_chunk_1020,test02178,"It was introduced in 1986 and was originally called the Satellite Tour, before being renamed with its present title in 1990.",partially_supported,0,0,0.31298828125,1,1,0.366455078125,1,1,0.5931426591585682,-1,1
test02178_chunk_1021,test02178,"It was introduced in 1986 and was originally called the Satellite Tour, before being renamed with its present title in 1990.",partially_supported,0,0,0.1959228515625,0,0,0.1875,0,0,0.3918659103521462,-1,0
test02462_chunk_1022,test02462,"In 2016, anti-abortion activist Jeremy Fraser won the party's leadership in what was called an ""invalid takeover"" by Skowronski.",partially_supported,0,0,0.0081863403320312,0,0,0.0007886886596679,0,0,0.2874297400020911,-1,0
test02462_chunk_1023,test02462,"In 2016, anti-abortion activist Jeremy Fraser won the party's leadership in what was called an ""invalid takeover"" by Skowronski.",partially_supported,0,0,0.03118896484375,0,0,0.0024452209472656,0,0,0.2772688970850958,0,0
test02462_chunk_1024,test02462,"In 2016, anti-abortion activist Jeremy Fraser won the party's leadership in what was called an ""invalid takeover"" by Skowronski.",partially_supported,0,0,0.01580810546875,0,0,0.001927375793457,0,0,0.286725071131278,-1,0
test02574_chunk_1025,test02574,"It is the eighth university in Ireland, and the fourth in the Dublin Region, following Trinity College Dublin, University College Dublin, and Dublin City University.",partially_supported,0,0,0.0002391338348388,0,0,0.0002586841583251,0,0,0.2863576399041009,-1,0
test02574_chunk_1026,test02574,"It is the eighth university in Ireland, and the fourth in the Dublin Region, following Trinity College Dublin, University College Dublin, and Dublin City University.",partially_supported,0,0,0.0003674030303955,0,0,0.0003378391265869,0,0,0.2857810134657466,-1,0
test02574_chunk_1027,test02574,"It is the eighth university in Ireland, and the fourth in the Dublin Region, following Trinity College Dublin, University College Dublin, and Dublin City University.",partially_supported,0,0,0.0003538131713867,0,0,0.0004003047943115,0,0,0.2865689036789782,-1,0
test01084_chunk_1028,test01084,"In June 2017, the University of Chicago announced plans to renovate the interior and reopen the former station entrance as a part of their Arts Block complex.",supported,1,1,0.9794921875,1,1,0.9794921875,1,1,0.798591454485696,-1,1
test01084_chunk_1029,test01084,"In June 2017, the University of Chicago announced plans to renovate the interior and reopen the former station entrance as a part of their Arts Block complex.",supported,1,1,0.94482421875,1,1,0.57666015625,1,1,0.6649928341764723,-1,1
test01084_chunk_1030,test01084,"In June 2017, the University of Chicago announced plans to renovate the interior and reopen the former station entrance as a part of their Arts Block complex.",supported,1,1,0.454833984375,1,1,0.429931640625,1,1,0.6006444594060484,-1,1
test04469_chunk_1031,test04469,"He and the Browns mutually parted ways before the teams' home opener on September 27, 2015.",partially_supported,0,0,0.0195159912109375,0,0,0.0116806030273437,0,0,0.4484326932971373,-1,0
test04469_chunk_1032,test04469,"He and the Browns mutually parted ways before the teams' home opener on September 27, 2015.",partially_supported,0,0,0.1971435546875,0,0,0.0164031982421875,0,0,0.4418753332541777,-1,0
test04469_chunk_1033,test04469,"He and the Browns mutually parted ways before the teams' home opener on September 27, 2015.",partially_supported,0,0,0.07855224609375,0,0,0.1943359375,0,0,0.4824309649702573,-1,0
test03920_chunk_1034,test03920,It began digital publishing in 2008 and became Western Canada's largest online-only publication by 2016.,partially_supported,0,0,0.0018291473388671,0,0,0.001439094543457,0,0,0.3390829122427166,-1,0
test03920_chunk_1035,test03920,It began digital publishing in 2008 and became Western Canada's largest online-only publication by 2016.,partially_supported,0,0,0.0005531311035156,0,0,0.0005264282226562,0,0,0.2847704444123268,-1,0
test03920_chunk_1036,test03920,It began digital publishing in 2008 and became Western Canada's largest online-only publication by 2016.,partially_supported,0,0,0.0002272129058837,0,0,0.0003907680511474,0,0,0.2893590590082291,-1,0
test04305_chunk_1037,test04305,"Marie Wilcox is the last fluent speaker of Wukchumni, a dialect of Tule-Kaweah, which is a Yokutsan indigenous language spoken by the Tule-Kaweah Yokuts of California.",partially_supported,0,0,0.045074462890625,0,0,0.038238525390625,0,0,0.3051095253401154,-1,0
test04305_chunk_1038,test04305,"Marie Wilcox is the last fluent speaker of Wukchumni, a dialect of Tule-Kaweah, which is a Yokutsan indigenous language spoken by the Tule-Kaweah Yokuts of California.",partially_supported,0,0,0.20263671875,0,1,0.33935546875,0,0,0.474588392372047,-1,0
test04305_chunk_1039,test04305,"Marie Wilcox is the last fluent speaker of Wukchumni, a dialect of Tule-Kaweah, which is a Yokutsan indigenous language spoken by the Tule-Kaweah Yokuts of California.",partially_supported,0,0,0.051666259765625,0,0,0.052154541015625,0,0,0.3208332494628239,-1,0
test04024_chunk_1040,test04024,"Keane is an Advisory Board Member of Spirit of America, a 501(c)(3) organization that supports the safety and success of Americans serving abroad and the local people and partners they seek to help.",partially_supported,0,0,0.0078659057617187,0,0,0.0015802383422851,0,0,0.2853057220336782,-1,0
test04024_chunk_1041,test04024,"Keane is an Advisory Board Member of Spirit of America, a 501(c)(3) organization that supports the safety and success of Americans serving abroad and the local people and partners they seek to help.",partially_supported,0,1,0.70849609375,1,0,0.0033092498779296,1,0,0.2880556013405175,-1,0
test04024_chunk_1042,test04024,"Keane is an Advisory Board Member of Spirit of America, a 501(c)(3) organization that supports the safety and success of Americans serving abroad and the local people and partners they seek to help.",partially_supported,0,1,0.943359375,1,1,0.491943359375,1,1,0.5621338372401778,-1,1
test04394_chunk_1043,test04394,"As of April 2013, the movie is reported to have survived but without a projection print as of yet.",supported,1,0,0.0104522705078125,0,0,0.0075454711914062,0,0,0.2894799808011893,-1,0
test04394_chunk_1044,test04394,"As of April 2013, the movie is reported to have survived but without a projection print as of yet.",supported,1,1,0.96533203125,1,1,0.99072265625,1,1,0.8069887881101911,-1,1
test04394_chunk_1045,test04394,"As of April 2013, the movie is reported to have survived but without a projection print as of yet.",supported,1,0,0.0044746398925781,0,0,0.045074462890625,0,0,0.2928962563412794,-1,0
test02845_chunk_1046,test02845,"The organization aims to reform Taiwan's referendum laws and push for legislative review of the CSSTA, along with other cross-strait pacts and economic bills.",partially_supported,0,0,0.06292724609375,0,1,0.7958984375,0,1,0.718982570710307,-1,1
test02845_chunk_1047,test02845,"The organization aims to reform Taiwan's referendum laws and push for legislative review of the CSSTA, along with other cross-strait pacts and economic bills.",partially_supported,0,1,0.556640625,1,1,0.796875,1,1,0.7265742005349003,-1,1
test02845_chunk_1048,test02845,"The organization aims to reform Taiwan's referendum laws and push for legislative review of the CSSTA, along with other cross-strait pacts and economic bills.",partially_supported,0,0,0.08538818359375,0,0,0.000328779220581,0,0,0.4166694525323247,-1,0
test00737_chunk_1049,test00737,"Olivier offered her the chance to work and study at the Bristol Old Vic, advising her to play anything they threw at her to get experience; she was under contract to the Rank Organisation, which vetoed the idea.",partially_supported,0,0,0.055694580078125,0,0,0.0399169921875,0,0,0.4076117124059113,-1,0
test00737_chunk_1050,test00737,"Olivier offered her the chance to work and study at the Bristol Old Vic, advising her to play anything they threw at her to get experience; she was under contract to the Rank Organisation, which vetoed the idea.",partially_supported,0,0,0.054840087890625,0,0,0.07861328125,0,0,0.3313743706965762,-1,0
test00737_chunk_1051,test00737,"Olivier offered her the chance to work and study at the Bristol Old Vic, advising her to play anything they threw at her to get experience; she was under contract to the Rank Organisation, which vetoed the idea.",partially_supported,0,0,0.020355224609375,0,0,0.0242919921875,0,0,0.3231610816244473,-1,0
test01578_chunk_1052,test01578,"On 21 June 2017, Becker was declared bankrupt by the Bankruptcy and Companies Court.",partially_supported,0,0,0.0016212463378906,0,0,0.0025825500488281,0,0,0.4589418705469993,-1,0
test01578_chunk_1053,test01578,"On 21 June 2017, Becker was declared bankrupt by the Bankruptcy and Companies Court.",partially_supported,0,0,0.0019187927246093,0,0,0.1971435546875,0,1,0.5066080192717197,-1,1
test01578_chunk_1054,test01578,"On 21 June 2017, Becker was declared bankrupt by the Bankruptcy and Companies Court.",partially_supported,0,0,0.256591796875,1,1,0.2310791015625,1,1,0.5130020439248314,-1,1
test00780_chunk_1055,test00780,The church later became a United Church in 1925 which was closed in 1968 and the building sold for $100 and moved to the Methodist Church camp at Arlington Beach on nearby Last Mountain Lake.,partially_supported,0,0,0.0008430480957031,0,0,0.0006442070007324,0,0,0.4152899783024804,-1,0
test00780_chunk_1056,test00780,The church later became a United Church in 1925 which was closed in 1968 and the building sold for $100 and moved to the Methodist Church camp at Arlington Beach on nearby Last Mountain Lake.,partially_supported,0,0,0.0001723766326904,0,0,0.0002163648605346,0,0,0.4323837674863259,-1,0
test00780_chunk_1057,test00780,The church later became a United Church in 1925 which was closed in 1968 and the building sold for $100 and moved to the Methodist Church camp at Arlington Beach on nearby Last Mountain Lake.,partially_supported,0,0,0.0002118349075317,0,0,0.0002553462982177,0,0,0.4205803893583252,-1,0
test01032_chunk_1058,test01032,It also speaks about their biggest accomplishments and that without their fans it would feel empty.,supported,1,1,0.97900390625,1,1,0.958984375,1,1,0.7894816405215603,-1,1
test01032_chunk_1059,test01032,It also speaks about their biggest accomplishments and that without their fans it would feel empty.,supported,1,1,0.9296875,1,1,0.99267578125,1,1,0.8003721400582038,-1,1
test01032_chunk_1060,test01032,It also speaks about their biggest accomplishments and that without their fans it would feel empty.,supported,1,1,0.99072265625,1,1,0.99072265625,1,1,0.8024252588063002,-1,1
test03525_chunk_1061,test03525,"He was elected a knight of the shire (MP) for Monmouthshire in 1584, 1586 and 1593.",partially_supported,0,0,0.22607421875,0,0,0.2210693359375,1,1,0.5052213512165415,-1,0
test03525_chunk_1062,test03525,"He was elected a knight of the shire (MP) for Monmouthshire in 1584, 1586 and 1593.",partially_supported,0,1,0.7548828125,1,1,0.72314453125,1,1,0.6872306269681705,-1,1
test03525_chunk_1063,test03525,"He was elected a knight of the shire (MP) for Monmouthshire in 1584, 1586 and 1593.",partially_supported,0,0,0.02777099609375,0,1,0.29541015625,0,1,0.527101817348734,-1,1
test03362_chunk_1064,test03362,"The film had an early screening at Disney's Hollywood Studios on June 8, 2019.",supported,1,1,0.9716796875,1,1,0.97216796875,1,1,0.7795529894899694,-1,1
test03362_chunk_1065,test03362,"The film had an early screening at Disney's Hollywood Studios on June 8, 2019.",supported,1,1,0.72705078125,1,1,0.89208984375,1,1,0.7373114821851066,-1,1
test03362_chunk_1066,test03362,"The film had an early screening at Disney's Hollywood Studios on June 8, 2019.",supported,1,1,0.8759765625,1,1,0.90771484375,1,1,0.7625494605435978,-1,1
test02326_chunk_1067,test02326,"After the game was released in Europe, Nihilistic made demos of the game available for downloading over Xbox Live and PlayStation Network.",partially_supported,0,1,0.67041015625,1,1,0.94140625,1,1,0.7807079034131708,-1,1
test02326_chunk_1068,test02326,"After the game was released in Europe, Nihilistic made demos of the game available for downloading over Xbox Live and PlayStation Network.",partially_supported,0,1,0.99462890625,1,1,0.994140625,1,1,0.7892748071701942,-1,1
test02326_chunk_1069,test02326,"After the game was released in Europe, Nihilistic made demos of the game available for downloading over Xbox Live and PlayStation Network.",partially_supported,0,0,0.245849609375,1,1,0.361572265625,0,1,0.5591410110908647,-1,1
